dataset,lambda,pm,seed,best_fitness,return,std,pe_percent,n_evaluations,n_cache_hits,elapsed_seconds
port5,0.5,0.15,1,-0.0013755125162398952,0.0034658799999999997,0.02673677182309431,4.178744603841791,1341,244,7.039
port5,0.5,0.15,2,-0.0013331392211269819,0.003323959999999999,0.02564530283981915,6.140945661760166,1320,265,7.043
port5,0.5,0.1,1,-0.0013750105236420757,0.00344926,0.026443126757549843,4.173090225596694,1321,264,7.078
port5,0.5,0.1,2,-0.0013224269101833152,0.00336251,0.02678910561465928,7.113216112242144,1310,275,7.121
port5,0.5,0.2,1,-0.001285188582036401,0.003347608319518306,0.027878865748905638,8.911598515130535,1321,264,7.167
port5,0.5,0.2,2,-0.0012717291869857265,0.0032709999999999996,0.02697297955414912,9.894382850719325,1306,279,7.187
port5,0.5,0.25,1,-0.0013332438400771858,0.00336363,0.026403452801586926,6.487294434625348,1351,234,7.395
port5,0.5,0.3,1,-0.0013169551156970614,0.0033431399999999992,0.026631368132446306,7.415179270855824,1357,228,7.487
port5,0.5,0.25,2,-0.0013192983927435157,0.00333319,0.02635513639716116,7.254036806297724,1365,220,7.674
port5,0.5,0.35,1,-0.0013608611760805934,0.00339579,0.02596281278750076,4.790173565404878,1377,208,7.618
port5,0.5,0.3,2,-0.001340662341788533,0.0033710999999999997,0.026263573946112773,6.042707209566656,1349,236,7.745
port5,0.5,0.35,2,-0.0011295758364828687,0.0029536499999999986,0.02635333616516628,16.937083380424127,1378,207,7.733
port5,0.5,0.4,1,-0.0013355503448111978,0.0033220599999999995,0.025513904255868095,5.895561281642862,1398,187,6.703
port5,0.5,0.4,2,-0.0012387996065475835,0.00319707,0.026822952613477023,11.729875327193941,1374,211,6.665
port1,0.5,0.1,3,-0.0025656120783697067,0.006256899051021612,0.03355107888402692,10.56585930189628,1247,338,10.492
port1,0.5,0.1,7,-0.002566098454847973,0.006249213178595903,0.033421793322620456,10.237419826476353,1238,347,10.513
port1,0.5,0.1,9,-0.0025703023665247875,0.006272233728740134,0.03363969375143832,10.661565029574518,1274,311,10.72
port1,0.5,0.1,10,-0.0025703023665247875,0.006272233728740134,0.03363969375143832,10.661565029574518,1211,374,10.722
port1,0.5,0.1,4,-0.0025687780517189298,0.006267115379127354,0.033608916609874445,10.625824684481408,1242,343,10.877
port1,0.5,0.1,1,-0.0025683659534088254,0.006274964743731386,0.0337377064560372,10.948876885840379,1295,290,10.893
port1,0.5,0.15,2,-0.0025680348637769105,0.006271943505624015,0.03370272656730008,10.87264280626177,1277,308,10.866
port1,0.5,0.1,6,-0.0025696906485641567,0.006278034366990082,0.0337439338231595,10.929876951246253,1236,349,10.95
port1,0.5,0.1,5,-0.0025703023665247875,0.006272233728740134,0.03363969375143832,10.661565029574518,1207,378,10.98
port1,0.5,0.1,8,-0.0025695129518246546,0.006277061855236794,0.0337347884473504,10.912323829350433,1276,309,11.009
port1,0.5,0.15,1,-0.0025703023665247875,0.006272233728740134,0.03363969375143832,10.661565029574518,1260,325,11.197
port1,0.5,0.1,2,-0.0025703023665247875,0.006272233728740134,0.03363969375143832,10.661565029574518,1201,384,11.396
port1,0.5,0.15,3,-0.0025703023665247875,0.006272233728740134,0.03363969375143832,10.661565029574518,1265,320,11.123
port1,0.5,0.15,7,-0.0025696906485641567,0.006278034366990082,0.0337439338231595,10.929876951246253,1245,340,10.758
port1,0.5,0.15,4,-0.0025695129518246546,0.006277061855236794,0.0337347884473504,10.912323829350433,1266,319,11.185
port1,0.5,0.15,8,-0.0025703023665247875,0.006272233728740134,0.03363969375143832,10.661565029574518,1274,311,11.478
port1,0.5,0.15,5,-0.002566914971608805,0.006244364071914344,0.033324677473258964,9.978456396678283,1233,352,11.73
port1,0.5,0.15,6,-0.0025703023665247875,0.006272233728740134,0.03363969375143832,10.661565029574518,1268,317,11.795
port1,0.5,0.2,2,-0.0025703023665247875,0.006272233728740134,0.03363969375143832,10.661565029574518,1310,275,12.729
port1,0.5,0.15,9,-0.0025651847599867487,0.0062707440624893,0.03376943207274595,11.10751016455933,1263,322,12.933
port1,0.5,0.2,3,-0.0025703023665247875,0.006272233728740134,0.03363969375143832,10.661565029574518,1299,286,12.828
port1,0.5,0.15,10,-0.0025693613830639348,0.00627501312888271,0.033708906282388346,10.85354389282485,1267,318,13.417
port1,0.5,0.2,1,-0.0025693613830639348,0.00627501312888271,0.033708906282388346,10.85354389282485,1292,293,13.678
port1,0.5,0.2,4,-0.002566635866860011,0.006241712642214628,0.03329325620143824,9.908251905039991,1309,276,15.163
port1,0.5,0.2,5,-0.0025691487536037673,0.006270136617234725,0.03364281661851738,10.698706546727486,1296,289,11.017
port1,0.5,0.2,6,-0.0025683659534088254,0.006274964743731386,0.0337377064560372,10.948876885840379,1321,264,11.539
port1,0.5,0.2,9,-0.0025691487536037673,0.006270136617234725,0.03364281661851738,10.698706546727486,1329,256,10.87
port1,0.5,0.2,7,-0.0025703023665247875,0.006272233728740134,0.03363969375143832,10.661565029574518,1298,287,11.67
port1,0.5,0.2,8,-0.0025616074297312,0.006240396811839561,0.03342427190496693,10.357456159422318,1311,274,11.31
port1,0.5,0.2,10,-0.0025680348637769105,0.006271943505624015,0.03370272656730008,10.87264280626177,1302,283,11.498
port1,0.5,0.25,2,-0.0025696906485641567,0.006278034366990082,0.0337439338231595,10.929876951246253,1332,253,10.938
port1,0.5,0.25,1,-0.0025656120783697067,0.006256899051021612,0.03355107888402692,10.56585930189628,1302,283,11.198
port1,0.5,0.25,3,-0.002568991918603928,0.0062691641054814385,0.033633023478028,10.678943846124856,1329,256,11.153
port1,0.5,0.25,5,-0.0025691487536037673,0.006270136617234725,0.03364281661851738,10.698706546727486,1316,269,10.84
port1,0.5,0.25,4,-0.0025696906485641567,0.006278034366990082,0.0337439338231595,10.929876951246253,1318,267,12.461
port1,0.5,0.25,6,-0.0025703023665247875,0.006272233728740134,0.03363969375143832,10.661565029574518,1303,282,12.23
port1,0.5,0.25,7,-0.002568991918603928,0.0062691641054814385,0.033633023478028,10.678943846124856,1317,268,11.292
port1,0.5,0.25,9,-0.0025693613830639348,0.00627501312888271,0.033708906282388346,10.85354389282485,1332,253,10.807
port1,0.5,0.25,8,-0.0025659980144477584,0.006247278952952589,0.03339585189895703,10.176383958302067,1330,255,11.389
port1,0.5,0.3,1,-0.0025696906485641567,0.006278034366990082,0.0337439338231595,10.929876951246253,1332,253,10.94
port1,0.5,0.3,2,-0.0025683659534088254,0.006274964743731386,0.0337377064560372,10.948876885840379,1342,243,10.724
port1,0.5,0.25,10,-0.002568991918603928,0.0062691641054814385,0.033633023478028,10.678943846124856,1338,247,11.955
port1,0.5,0.3,4,-0.002565858914670581,0.006246561748896186,0.03338927851204671,10.163789027481108,1359,226,10.884
port1,0.5,0.3,3,-0.0025646621246312954,0.006262846312733944,0.03366781940475731,10.87441031102478,1349,236,11.116
port1,0.5,0.3,6,-0.0025691487536037673,0.006270136617234725,0.03364281661851738,10.698706546727486,1325,260,10.79
port1,0.5,0.3,5,-0.0025703023665247875,0.006272233728740134,0.03363969375143832,10.661565029574518,1313,272,11.373
port1,0.5,0.3,7,-0.002565858914670581,0.006246561748896186,0.03338927851204671,10.163789027481108,1313,272,11.935
port1,0.5,0.3,8,-0.0025656120783697067,0.006256899051021612,0.03355107888402692,10.56585930189628,1326,259,10.881
port1,0.5,0.3,9,-0.0025656120783697067,0.006256899051021612,0.03355107888402692,10.56585930189628,1365,220,11.473
port1,0.5,0.35,2,-0.002566776575664542,0.006243646867857942,0.03331806891956463,9.965711090456226,1334,251,10.974
port1,0.5,0.35,1,-0.0025693613830639348,0.00627501312888271,0.033708906282388346,10.85354389282485,1362,223,11.274
port1,0.5,0.3,10,-0.0025693613830639348,0.00627501312888271,0.033708906282388346,10.85354389282485,1351,234,12.296
port1,0.5,0.35,3,-0.0025612384379342006,0.006217863034648401,0.033096618539965685,9.558127472639526,1363,222,12.006
port1,0.5,0.35,7,-0.0025703023665247875,0.006272233728740134,0.03363969375143832,10.661565029574518,1344,241,10.928
port1,0.5,0.35,4,-0.0025683659534088254,0.006274964743731386,0.0337377064560372,10.948876885840379,1369,216,12.229
port1,0.5,0.35,6,-0.002566635866860011,0.006241712642214628,0.03329325620143824,9.908251905039991,1376,209,11.9
port1,0.5,0.35,8,-0.0025703023665247875,0.006272233728740134,0.03363969375143832,10.661565029574518,1373,212,11.814
port1,0.5,0.35,5,-0.002568192190037709,0.006272916017377302,0.03371248488767749,10.892260760590071,1356,229,12.725
port1,0.5,0.35,9,-0.0025647034306682153,0.00631377504068402,0.034414650649797235,12.664898793145664,1354,231,13.187
port1,0.5,0.35,10,-0.002566635866860011,0.006241712642214628,0.03329325620143824,9.908251905039991,1378,207,13.468
port1,0.5,0.4,1,-0.002565011082996092,0.006249001301266257,0.033451145500177915,10.336927678185814,1387,198,13.702
port1,0.5,0.4,2,-0.0025703023665247875,0.006272233728740134,0.03363969375143832,10.661565029574518,1394,191,13.555
port1,0.5,0.4,3,-0.0025651847599867487,0.0062707440624893,0.03376943207274595,11.10751016455933,1361,224,13.644
port1,0.5,0.4,4,-0.0025695129518246546,0.006277061855236794,0.0337347884473504,10.912323829350433,1387,198,13.874
port1,0.5,0.4,5,-0.0025640475294205984,0.006268646950983891,0.03377205786064411,11.143128296045994,1378,207,13.924
port1,0.5,0.4,6,-0.0025683659534088254,0.006274964743731386,0.0337377064560372,10.948876885840379,1381,204,13.807
port1,0.5,0.4,7,-0.002566635866860011,0.006241712642214628,0.03329325620143824,9.908251905039991,1392,193,13.561
port1,0.5,0.4,10,-0.0025601315040042266,0.006297705273425222,0.034313878612257875,12.545898673188546,1395,190,13.027
port1,0.5,0.4,9,-0.0025640475294205984,0.006268646950983891,0.03377205786064411,11.143128296045994,1382,203,13.421
port1,0.5,0.4,8,-0.002568991918603928,0.0062691641054814385,0.033633023478028,10.678943846124856,1385,200,14.234
port2,0.5,0.1,3,-0.0030662968245355592,0.006511677311349504,0.019470070936655197,7.634672003645278,1282,303,9.448
port2,0.5,0.1,5,-0.0030575122720096597,0.006491842093911956,0.0194117889410697,7.667515530889484,1270,315,9.751
port2,0.5,0.1,6,-0.0030648221540051724,0.00651085812865008,0.019524697709304845,7.877676877992755,1276,309,9.755
port2,0.5,0.1,9,-0.003066204304783368,0.006514569371110716,0.01954893249116125,7.9272083701467215,1303,282,9.754
port2,0.5,0.1,1,-0.0030617734710703995,0.006502998395854019,0.019479513692934426,7.7978744857405955,1323,262,9.917
port2,0.5,0.1,4,-0.0030621996194349736,0.006504875202192343,0.019505793070839158,7.8825704880973415,1287,298,9.962
port2,0.5,0.1,8,-0.0030514027774525532,0.006464180000000002,0.019009851264407508,6.28637706211241,1286,299,9.956
port2,0.5,0.15,2,-0.0030579022585365905,0.006479209999999999,0.019063197080416976,6.311491012117671,1316,269,10.037
port2,0.5,0.15,1,-0.0030643936836011517,0.0065095303692076015,0.019512636982358302,7.845570590226106,1318,267,10.079
port2,0.5,0.1,2,-0.0030618844321151006,0.006502945332043493,0.019472454077832397,7.768660196366047,1291,294,10.186
port2,0.5,0.1,7,-0.0030574227001839327,0.0064927204029840615,0.019439007243586184,7.771397111356684,1320,265,10.203
port2,0.5,0.1,10,-0.003058513127630152,0.006478480000000001,0.019011936901318027,6.088601993135218,1297,288,10.258
port2,0.5,0.15,4,-0.003059767928152637,0.006499285833516602,0.019487174685195587,7.882982474316387,1298,287,9.785
port2,0.5,0.15,3,-0.003064313276132851,0.006507642750226218,0.019468338346158753,7.684527999506502,1319,266,10.215
port2,0.5,0.15,8,-0.0030623435740097173,0.006495852507881123,0.019265652334185014,6.976003327376465,1278,307,9.747
port2,0.5,0.2,1,-0.003057495601212293,0.00647968,0.019096826898084777,6.456847136759246,1301,284,9.737
port2,0.5,0.15,6,-0.0030676866092565476,0.006517675087792696,0.019552541248635716,7.898483193673887,1311,274,10.099
port2,0.5,0.15,5,-0.0030534796064873833,0.006467110000000003,0.018977639132021572,6.096469324581051,1314,271,10.219
port2,0.5,0.15,7,-0.0030478406908672614,0.006467912746731646,0.01929329844783218,7.496827029623062,1304,281,10.232
port2,0.5,0.15,10,-0.003054269059778252,0.006489739613428323,0.01952438203559385,8.175156830685722,1303,282,10.145
port2,0.5,0.2,3,-0.003055580863684513,0.006543752086547484,0.020798806676789367,12.305771456645951,1336,249,10.046
port2,0.5,0.15,9,-0.003067350248078785,0.006509248097660703,0.019353232327007634,7.167090011535003,1326,259,10.33
port2,0.5,0.2,2,-0.0030620920116881424,0.0065048822942573754,0.019511490739589597,7.906534233046518,1362,223,10.441
port2,0.5,0.2,4,-0.0030592566680760604,0.006499640989566038,0.01952249096334575,8.027100256051655,1345,240,10.739
port2,0.5,0.2,5,-0.0030638470634742703,0.006509283924980208,0.01953432358776894,7.940495278847686,1320,265,10.934
port2,0.5,0.2,8,-0.0030654832108633497,0.0065119312729779435,0.019518320912702614,7.8355924829846995,1329,256,10.938
port2,0.5,0.2,10,-0.00304682674904241,0.006461949999999999,0.019191052652608204,7.133317712019817,1311,274,10.873
port2,0.5,0.2,7,-0.0030590220236436853,0.0064901216671381864,0.019289313617928832,7.161770500609994,1321,264,11.576
port2,0.5,0.2,9,-0.003058345599285652,0.00648051,0.019074034744350633,6.341827899758757,1336,249,11.61
port2,0.5,0.25,1,-0.0030624745439109917,0.006503516735835359,0.01945681495038118,7.694011624682067,1335,250,11.532
port2,0.5,0.25,4,-0.003068826185196799,0.0065160073815694166,0.01945134985485116,7.493388338143281,1337,248,11.649
port2,0.5,0.25,3,-0.0030658944784013055,0.006508668113231591,0.01941337570926247,7.435017930284187,1355,230,12.085
port2,0.5,0.25,5,-0.003042613250670446,0.0064681734298963145,0.01956902983173723,8.666644657794976,1334,251,11.731
port2,0.5,0.25,6,-0.0030450066071470213,0.006456011911359853,0.019131092416948117,6.952089340184802,1353,232,11.421
port2,0.5,0.2,6,-0.0030447684540969968,0.006468956141180086,0.019478686634013413,8.277047909919853,1320,265,12.858
port2,0.5,0.25,2,-0.003018448657762402,0.006443109999999998,0.02015471866524552,11.336865349715387,1358,227,12.723
port2,0.5,0.25,7,-0.0030585006349779097,0.006487395069059569,0.019245617659710154,7.009042218626952,1355,230,10.939
port2,0.5,0.25,8,-0.0030491787063744993,0.006461289999999998,0.01905078967526018,6.5144188289323415,1341,244,10.97
port2,0.5,0.25,9,-0.0030570739626936123,0.006494127959617567,0.01949307657170471,7.981057009217652,1351,234,11.486
port2,0.5,0.3,2,-0.003040351425506626,0.006451518495884498,0.019256574068905588,7.571234894971112,1367,218,10.857
port2,0.5,0.3,3,-0.0030572913873375667,0.006491694259898483,0.01941935851729784,7.7020246871806775,1380,205,11.162
port2,0.5,0.3,1,-0.00304135476686759,0.006443039999999999,0.018982372514120043,6.4676013916942,1378,207,11.7
port2,0.5,0.25,10,-0.003055287747831048,0.006493326168533823,0.019564014743189247,8.290533829538427,1361,224,12.006
port2,0.5,0.3,4,-0.0030626053159814224,0.006507559381140538,0.019553740030431317,8.046458668396243,1344,241,10.963
port2,0.5,0.3,7,-0.0030559112742348715,0.006475130000000001,0.019060625685697104,6.358822543872606,1357,228,11.282
port2,0.5,0.3,5,-0.003058627511584335,0.006486695803222831,0.019220842334667816,6.90973603673891,1370,215,11.693
port2,0.5,0.3,8,-0.0030597170676085247,0.006487553184660062,0.0191864287829448,6.744803685990472,1383,202,11.252
port2,0.5,0.3,6,-0.0030566888889018403,0.006546865259045543,0.020820362178450735,12.338962114760893,1358,227,11.813
port2,0.5,0.3,9,-0.003064419127005793,0.0064990057231790995,0.01923973672292615,6.816653313769177,1368,217,10.901
port2,0.5,0.35,1,-0.0030440810417123633,0.006458626540249403,0.01924745325555246,7.429462851127738,1390,195,10.478
port2,0.5,0.3,10,-0.003036811076807778,0.006492970000000001,0.0204779844316877,11.851927289778613,1360,225,11.179
port2,0.5,0.35,2,-0.003050634477638551,0.0064828934721513805,0.019535212230080295,8.317454523203974,1379,206,10.906
port2,0.5,0.35,3,-0.0030672851967260785,0.006511755117948614,0.019421244154184746,7.424895303483378,1379,206,10.345
port2,0.5,0.35,4,-0.0030614446037892967,0.00650359792723208,0.019511758497211023,7.925847840134552,1385,200,10.539
port2,0.5,0.35,5,-0.0030607690998614477,0.006501557230757615,0.019494076819247398,7.88002287482005,1389,196,11.046
port2,0.5,0.35,6,-0.003002919911445553,0.006436000000000001,0.020740303206773388,13.54871676247248,1359,226,11.161
port2,0.5,0.35,8,-0.0030613032450745687,0.006492550283554782,0.019233922985330994,6.883549442805132,1365,220,10.704
port2,0.5,0.35,9,-0.003032400811675772,0.00643661813381069,0.019282544190514533,7.89773377079558,1376,209,10.675
port2,0.5,0.35,7,-0.0030500664042497068,0.006527858052964651,0.020681519394503804,12.108166949401364,1373,212,11.275
port2,0.5,0.35,10,-0.0030357333956792243,0.006499370000000001,0.020685821439854694,12.506852687189859,1364,221,10.866
port2,0.5,0.4,1,-0.0030291324039053436,0.00646474,0.02016122992749482,11.063902368987355,1398,187,11.328
port2,0.5,0.4,2,-0.0030553281936998937,0.006488878422935141,0.019447931394761545,7.863987784952887,1388,197,10.878
port2,0.5,0.4,3,-0.0030570503041535317,0.006478300000000006,0.019084008795138982,6.4188916155606,1393,192,11.04
port2,0.5,0.4,5,-0.003053705228010045,0.006489676165727529,0.019551616549723934,8.290267327449756,1388,197,10.734
port2,0.5,0.4,6,-0.0030568155890205242,0.006495807500283995,0.0195493304806826,8.194044293598136,1390,195,10.753
port2,0.5,0.4,4,-0.003047040913929553,0.006467374766688178,0.01932079032620231,7.6239874961907494,1405,180,11.281
port2,0.5,0.4,8,-0.0030641570601040438,0.0065084074343804525,0.019495982000719145,7.791035796475301,1392,193,10.827
port2,0.5,0.4,10,-0.003047249554273391,0.006527345754293954,0.02080496685282556,12.547001187229995,1388,197,10.579
port2,0.5,0.4,7,-0.00302172364366918,0.0064148358939484645,0.01927144536899356,8.1613407968758,1412,173,11.21
port2,0.5,0.4,9,-0.0030584786907761653,0.006498370789148258,0.01952980818123739,8.075859321199124,1413,172,11.213
port3,0.5,0.1,10,-0.0027967513659303573,0.00613124,0.023189162730449863,6.66865567232123,1276,309,9.784
port3,0.5,0.1,2,-0.002793538353999286,0.00612702,0.023236679883353137,6.860227607567423,1301,284,10.019
port3,0.5,0.1,6,-0.0027929919736315915,0.00612031109096803,0.023115517379129653,6.636137037185894,1279,306,10.285
port3,0.5,0.1,5,-0.00279579668553487,0.006128749999999999,0.023176639724737085,6.672836611935524,1295,290,10.415
port3,0.5,0.1,1,-0.0028029573364140334,0.006138335820635388,0.023074252919809135,6.248491725201819,1309,276,10.418
port3,0.5,0.1,4,-0.002792801469047227,0.006122647223575482,0.023174215962595765,6.759243996909271,1297,288,10.455
port3,0.5,0.1,3,-0.00279717054390448,0.006128191483264879,0.023105202778939633,6.487865922980683,1317,268,10.482
port3,0.5,0.1,7,-0.002795986337582363,0.0061296,0.023186792034157612,6.6872420008070215,1305,280,10.481
port3,0.5,0.1,8,-0.0028024283011916025,0.006140682491419721,0.023147913276071238,6.413406934462838,1314,271,10.715
port3,0.5,0.15,2,-0.0027889452788356986,0.006113800813308362,0.02314973554140444,6.828013748670067,1345,240,10.755
port3,0.5,0.15,1,-0.0027992460713617837,0.006134720000000001,0.02315659425037355,6.527785176683143,1307,278,11.001
port3,0.5,0.1,9,-0.0028002742304068596,0.006152057525478238,0.023484230127141053,7.13148141606252,1300,285,11.031
port3,0.5,0.15,3,-0.0027908440547563603,0.006123736816243689,0.023281939496763746,7.030543850891577,1307,278,10.36
port3,0.5,0.15,10,-0.0027977949397171935,0.006145225003007352,0.023444298316924822,7.131176209775136,1324,261,10.198
port3,0.5,0.15,7,-0.002776919728038159,0.006111490000000001,0.023614625635899503,8.075718041458396,1296,289,10.362
port3,0.5,0.15,6,-0.002795333811496876,0.006124684564121173,0.023108806570816695,6.551184635747778,1300,285,10.403
port3,0.5,0.15,4,-0.0027951102458601174,0.0061268500000000005,0.023165265124314157,6.6711007786957754,1313,272,10.958
port3,0.5,0.15,5,-0.0027968506409554485,0.006129059999999999,0.02313782008074881,6.563206813748028,1323,262,10.934
port3,0.5,0.2,4,-0.002801046455255223,0.00613788917179926,0.02314727330138075,6.454243942800283,1332,253,10.436
port3,0.5,0.2,2,-0.002751827964065641,0.006037356265375661,0.023101955268859376,7.865239243522552,1353,232,10.714
port3,0.5,0.2,3,-0.002779467974615315,0.006091569999999999,0.02307886589001656,6.975289688366716,1341,244,10.762
port3,0.5,0.2,1,-0.0027989218089472102,0.006143695802177868,0.023363479712650844,6.943137761568521,1327,258,11.087
port3,0.5,0.15,8,-0.0028052380790334302,0.006145812638363327,0.02313733952502894,6.306508631563226,1330,255,11.475
port3,0.5,0.15,9,-0.0027926944488199427,0.00612546,0.02323942990609095,6.891279521407533,1347,238,11.581
port3,0.5,0.2,5,-0.0027955223347676046,0.006146640000000001,0.023571069777691293,7.4362132067925195,1349,236,10.566
port3,0.5,0.2,6,-0.0027921038398110378,0.00612195303063282,0.0231893370110218,6.810492402719267,1336,249,10.501
port3,0.5,0.2,8,-0.0027937681420333554,0.006121583344742542,0.02310945825145695,6.6002742417643745,1327,258,10.463
port3,0.5,0.2,7,-0.002794099687447833,0.006123967031252692,0.02314665540325484,6.664756379176427,1340,245,10.644
port3,0.5,0.25,2,-0.0027858746355108608,0.00611772,0.023366016540657453,7.343223014215832,1325,260,10.227
port3,0.5,0.2,10,-0.0028020337989711464,0.006140678589300948,0.023164865450907644,6.459372150112398,1316,269,10.799
port3,0.5,0.25,1,-0.0027892695287187875,0.0061214500000000005,0.023300449406876776,7.11425237365484,1341,244,10.885
port3,0.5,0.25,3,-0.002795713807203259,0.0061309599999999995,0.023227836438064607,6.776685347348197,1332,253,10.705
port3,0.5,0.25,6,-0.002797309604553294,0.00613353,0.023214452198865504,6.7017482564368045,1357,228,10.444
port3,0.5,0.2,9,-0.0027946358819502326,0.006127189999999999,0.02319306439648574,6.740791932174539,1344,241,12.027
port3,0.5,0.25,4,-0.0027998455600844532,0.0061391300000000005,0.023225823555497314,6.64706388771346,1329,256,11.764
port3,0.5,0.25,5,-0.0027928646483573543,0.006124989999999999,0.023221987496450207,6.851822375120976,1372,213,11.755
port3,0.5,0.25,10,-0.0028038239693657613,0.006145737072318412,0.023196748340810387,6.468424020560269,1312,273,9.795
port3,0.5,0.25,7,-0.002780581994009086,0.0061037700000000005,0.023293905039340836,7.3652689545174175,1367,218,10.553
port3,0.5,0.25,8,-0.0027980709668511405,0.0061359100000000005,0.023232909122572636,6.715002138251927,1338,247,10.4
port3,0.5,0.25,9,-0.0027863370681707163,0.0061063,0.023100343366681108,6.80873002899441,1357,228,10.515
port3,0.5,0.3,4,-0.0027968625237314573,0.006126329999999999,0.0230782354727801,6.442744687814735,1375,210,10.316
port3,0.5,0.3,1,-0.00279863814168131,0.006127549999999999,0.0230276728445881,6.285450735250282,1340,245,12.288
port3,0.5,0.3,6,-0.0027849564656979905,0.006127200000000001,0.023606928402568998,7.819948568477206,1348,237,11.497
port3,0.5,0.3,8,-0.0027910225630548794,0.00612727,0.023350050832712143,7.156698254326191,1347,238,10.946
port3,0.5,0.3,2,-0.0027867567623819952,0.006113030000000001,0.02322749395083356,7.048403238776415,1361,224,12.621
port3,0.5,0.3,3,-0.0028052992355816265,0.006146505514080826,0.023149666151320053,6.329418324981236,1364,221,12.379
port3,0.5,0.3,5,-0.002796222761645067,0.0061258499999999995,0.023095551015506536,6.497319057943732,1358,227,12.548
port3,0.5,0.3,7,-0.0027823054101574875,0.006111839999999999,0.023392930121834354,7.502483040183662,1374,211,11.665
port3,0.5,0.3,10,-0.0027883761878765316,0.0061232199999999995,0.023376646984692575,7.28773938223092,1354,231,10.465
port3,0.5,0.3,9,-0.002800387133586647,0.0061379699999999995,0.02317748331520714,6.534712857334309,1353,232,10.705
port3,0.5,0.35,1,-0.0027911725876493274,0.006115389999999998,0.023087763527491003,6.635774507143063,1390,195,10.721
port3,0.5,0.35,2,-0.0027901497926172193,0.00611036,0.02302304095391313,6.535638818661482,1382,203,11.321
port3,0.5,0.35,3,-0.0027946643945235337,0.006125370000000001,0.02315256380949923,6.659351299018461,1392,193,11.069
port3,0.5,0.35,4,-0.0027882255009598353,0.0061197,0.0233077025483064,7.159966472256263,1385,200,11.307
port3,0.5,0.35,7,-0.0027687849251557114,0.0060618700000000005,0.022897601395966714,6.932399373148641,1377,208,11.007
port3,0.5,0.35,5,-0.002782830208989428,0.006127840000000001,0.02371032648491252,8.070157254984451,1376,209,11.19
port3,0.5,0.35,8,-0.0027734446102798266,0.006075949999999999,0.023001321254231166,7.002567925999116,1366,219,11.496
port3,0.5,0.35,10,-0.002801691206647902,0.006138915667264928,0.023141591431211556,6.423195895252477,1366,219,11.558
port3,0.5,0.35,6,-0.0027861300245742185,0.00613328,0.023685859723716233,7.927341390791933,1370,215,12.392
port3,0.5,0.35,9,-0.002792990294163868,0.0061255599999999995,0.023228848694506234,6.8615004475973365,1382,203,12.235
port3,0.5,0.4,2,-0.002775156160703645,0.00610912,0.023639113320780687,8.172979806644582,1403,182,11.195
port3,0.5,0.4,3,-0.002797006467720064,0.006125783944791664,0.023060160653203078,6.401643952970856,1399,186,10.828
port3,0.5,0.4,1,-0.002797466803987891,0.006126904981663141,0.023064504626966485,6.396414272450578,1381,204,11.755
port3,0.5,0.4,4,-0.00278973055901115,0.00611639,0.023171725917110714,6.847835986366376,1408,177,11.315
port3,0.5,0.4,5,-0.0027493740929542994,0.006050387655379297,0.023487006396531226,8.673296914167926,1397,188,11.136
port3,0.5,0.4,7,-0.0027909138093079157,0.00612382,0.023280729829285193,7.02607539886071,1396,189,10.733
port3,0.5,0.4,6,-0.002794549941826328,0.006150589999999999,0.023695782670073252,7.692403485684448,1427,158,11.193
port3,0.5,0.4,9,-0.0027876530497526423,0.00612570840324855,0.023460654375853728,7.468421340411941,1403,182,10.606
port3,0.5,0.4,8,-0.0027838655862059422,0.006101399999999999,0.023101273289325725,6.886032847434069,1393,192,11.239
port3,0.5,0.4,10,-0.0027898070807213806,0.006115789460604187,0.023155459381351644,6.813159070087921,1399,186,10.641
port4,0.5,0.1,8,-0.003335274588717877,0.0075160171526573475,0.029076932011847394,3.862941419525169,1262,323,9.396
port4,0.5,0.1,3,-0.0033326948129453844,0.007501548816796923,0.028916417324871928,3.77372347616318,1296,289,9.731
port4,0.5,0.1,6,-0.003336232999599241,0.0075091700160443385,0.028925836493450922,3.6921649190848855,1307,278,9.905
port4,0.5,0.1,2,-0.0033194202232757165,0.007481204576659671,0.029023509955004363,4.217536830744363,1310,275,9.996
port4,0.5,0.1,7,-0.003320132097004759,0.007481737853387597,0.029008165391456214,4.184598075490609,1283,302,11.071
port4,0.5,0.1,5,-0.0032928572465499907,0.007311304802906996,0.026936783583178865,2.626988811378474,1302,283,11.401
port4,0.5,0.1,1,-0.0033100734538709575,0.007453369987310351,0.02886560374508797,4.3048126875194015,1289,296,11.876
port4,0.5,0.15,2,-0.0033105078099535984,0.007364676973926565,0.027270155005415127,2.5676251304164097,1306,279,11.912
port4,0.5,0.1,9,-0.003337702505326067,0.007508203351597433,0.028858245631799895,3.5880904802794036,1299,286,12.02
port4,0.5,0.1,10,-0.003332591486831204,0.00750616457666087,0.02899968280858364,3.8572770483253103,1302,283,12.243
port4,0.5,0.15,1,-0.0033350380102631933,0.007516567185641834,0.029094521221622593,3.8858311284484857,1326,259,12.697
port4,0.5,0.1,4,-0.003313166436386787,0.007460759502771065,0.02888644370630437,4.245661911069878,1311,274,178.061
port4,0.5,0.15,3,-0.0033358743140950446,0.007507336501834769,0.028906536867025084,3.6824840829623477,1324,261,176.504
port4,0.5,0.15,4,-0.0033213621912766677,0.007476449885737475,0.028874305241583558,4.02344419929607,1312,273,178.558
port4,0.5,0.2,1,-0.003324104199788938,0.0074940436328686175,0.029083246608498533,4.154722679958721,1324,261,176.39
port4,0.5,0.15,5,-0.003337309445855784,0.007520475679236386,0.029083617167141012,3.817300454743196,1310,275,179.049
port4,0.5,0.15,9,-0.003289222885505602,0.007469130000000001,0.029844333281023313,5.727210071438995,1330,255,177.135
port4,0.5,0.15,10,-0.003296827327408244,0.007299877089790923,0.026574845906880352,2.054811688065234,1307,278,178.173
port4,0.5,0.15,7,-0.0033354114502727812,0.007513349099659675,0.029026301850461646,3.8107573028249804,1343,242,179.347
port4,0.5,0.15,8,-0.0033077546312072527,0.007514113534425922,0.029976728841076317,5.372422201848846,1311,274,179.199
port4,0.5,0.15,6,-0.0032917972514686575,0.007344890000000001,0.027591583808521867,3.437761429178731,1319,266,180.666
port4,0.5,0.2,2,-0.0032983247838929,0.007530059999999999,0.03055176643361558,6.078124239345889,1341,244,178.536
port4,0.5,0.2,3,-0.0033356069845301025,0.007516050532402424,0.029066072375575965,3.8440206987801897,1329,256,178.66
port4,0.5,0.2,4,-0.0033314821254604348,0.007502322550469927,0.02897168099280846,3.858597096488544,1330,255,15.312
port4,0.5,0.2,5,-0.003322064052835748,0.007485396417692879,0.02900462570041863,4.131713249314621,1339,246,11.744
port4,0.5,0.2,7,-0.003335199684731298,0.007518400133465372,0.02912045267510064,3.906454752664458,1322,263,10.842
port4,0.5,0.2,9,-0.003301005367919434,0.0075096336021653505,0.030126779886447907,5.667902846308248,1315,270,11.127
port4,0.5,0.2,6,-0.0033230737453310852,0.0074861042928132575,0.028982008249103224,4.08407067838189,1321,264,13.174
port4,0.5,0.25,3,-0.0033163160894956138,0.007466761395507697,0.02888129527075386,4.159805363637196,1328,257,11.115
port4,0.5,0.2,8,-0.0033322444913334534,0.0074996115193018695,0.02889848675337454,3.767749426202724,1317,268,12.937
port4,0.5,0.25,2,-0.003317537534504996,0.007471510027521732,0.02892118528884562,4.167207919066509,1345,240,11.432
port4,0.5,0.2,10,-0.0033280287394373774,0.007496251068036669,0.028986093030312236,3.9610436115023746,1340,245,12.507
port4,0.5,0.25,1,-0.003306008042225571,0.00755948,0.03078090179882418,6.064649008107665,1349,236,12.27
port4,0.5,0.25,4,-0.003309502471030991,0.007374029103282266,0.027477702982969386,2.840233513057578,1351,234,12.454
port4,0.5,0.25,5,-0.003316418350646678,0.007472159900567548,0.02897107521777872,4.244094921137523,1374,211,12.911
port4,0.5,0.25,6,-0.0033077530012538877,0.0075676300000000005,0.030856506566561036,6.078830135496662,1357,228,11.805
port4,0.5,0.25,7,-0.0033083301615642086,0.0074613924474224574,0.02906427574005658,4.54024638162308,1343,242,11.91
port4,0.5,0.25,9,-0.003312997619848312,0.007464407076862453,0.028955342117920637,4.316636732371047,1365,220,10.971
port4,0.5,0.25,8,-0.0033005407483483067,0.007556560000000001,0.030910815312821943,6.298642512915868,1355,230,11.997
port4,0.5,0.25,10,-0.003321434769519882,0.0074803231082361515,0.02893879004375247,4.08430735004285,1352,233,11.004
port4,0.5,0.3,1,-0.00331997383548166,0.007475488606909863,0.02890572496836128,4.089694657306742,1354,231,11.221
port4,0.5,0.3,2,-0.0033080607284979194,0.007336838194732772,0.026846168027056173,2.1070289175756782,1355,230,11.493
port4,0.5,0.3,4,-0.0033101044831412964,0.0074548137668797336,0.02888952752464363,4.327249142217865,1352,233,11.154
port4,0.5,0.3,5,-0.003325779342496151,0.007488464539114912,0.028929325158437567,3.963701251731022,1363,222,11.331
port4,0.5,0.3,6,-0.00331110625198817,0.007470301232168372,0.02912196298658509,4.523759569437515,1362,223,11.298
port4,0.5,0.3,3,-0.0033109633325444456,0.00746508662748478,0.02903721685003385,4.447149379644392,1367,218,12.526
port4,0.5,0.3,7,-0.0032999230028086615,0.007553259999999999,0.030877402649553874,6.288913713973961,1386,199,11.731
port4,0.5,0.3,8,-0.0033067431936916556,0.00750435214838995,0.02984737444075507,5.287555284618572,1374,211,11.875
port4,0.5,0.3,9,-0.0033353130453941966,0.007511223636702657,0.028993060306119218,3.781145993283125,1365,220,11.755
port4,0.5,0.3,10,-0.0033295446035541414,0.007501187962639732,0.02901893787738361,3.9538890975764276,1366,219,11.103
port4,0.5,0.35,1,-0.003321900958801672,0.007481886257010463,0.028949686343846953,4.082906304771274,1375,210,11.674
port4,0.5,0.35,5,-0.0033310145104830397,0.007507224514844492,0.029072246109965633,3.967437916428568,1371,214,11.202
port4,0.5,0.35,2,-0.0032956114341351848,0.00730545334052022,0.0267250906874018,2.28400425644519,1393,192,12.527
port4,0.5,0.35,4,-0.003331658054371468,0.00749941075688783,0.028915301280548547,3.7992318372236276,1354,231,11.744
port4,0.5,0.35,3,-0.003317719556978146,0.0074714804894181735,0.02891438008088504,4.155938059990499,1389,196,12.865
port4,0.5,0.35,6,-0.0033328491705461724,0.007509814203050966,0.0290536720907809,3.9026883217455883,1376,209,12.49
port4,0.5,0.35,8,-0.0033018187874037093,0.0073172603286196375,0.026713718457231275,2.1031899610408678,1373,212,12.83
port4,0.5,0.35,9,-0.0033198965637778,0.0074792988822266464,0.02897422569579812,4.157986340775577,1392,193,11.74
port4,0.5,0.35,7,-0.003323059263670508,0.007480168432327825,0.0288799221776446,3.9853599297330042,1372,213,13.311
port4,0.5,0.35,10,-0.0033371093488475186,0.007521487726558979,0.02910788602533583,3.845642438321409,1376,209,11.856
port4,0.5,0.4,2,-0.00332375284577096,0.007486568433215631,0.02896657973723704,4.051767272120171,1387,198,13.38
port4,0.5,0.4,1,-0.003315529188928417,0.007475207308529284,0.02905424118218285,4.346491449780762,1413,172,14.423
port4,0.5,0.4,3,-0.003334744342643686,0.007509182280147188,0.028977467019389667,3.7806055570485717,1371,214,13.103
port4,0.5,0.4,5,-0.0033385789638279897,0.0075178979653390795,0.028995517544667136,3.6998565173462077,1398,187,12.667
port4,0.5,0.4,4,-0.003323255767040578,0.007482911664553181,0.02892058316272384,4.01993348820989,1393,192,12.97
port4,0.5,0.4,6,-0.0032934053182966535,0.00754226,0.030910343954842906,6.475249895224307,1396,189,13.231
port4,0.5,0.4,7,-0.0033334333431512004,0.007512861691189421,0.029085993276610315,3.9187203444228245,1378,207,13.543
port4,0.5,0.4,8,-0.0032938844853614576,0.007290470000000001,0.026508508620386114,2.045625675107271,1401,184,13.318
port4,0.5,0.4,9,-0.0033358364746488177,0.007518640840935259,0.029102712788288698,3.873243131121318,1399,186,12.465
port4,0.5,0.4,10,-0.0033006526011594506,0.007362170000000001,0.02758377779929897,3.1959797356678417,1397,188,12.332
port5,0.1,0.1,1,-0.002881195320227842,0.0032809399999999974,0.026767644605410288,9.336005180016278,1320,265,8.21
port5,0.1,0.1,5,-0.003050102247496166,0.00346798,0.0266607862794468,4.003859084310643,1321,264,8.244
port5,0.1,0.1,9,-0.0029944665721981793,0.003404849999999999,0.02643831080114982,5.398989117616253,1280,305,8.359
port5,0.1,0.1,2,-0.0028102967809722707,0.0031981099999999997,0.026077235096483964,10.54383923835441,1279,306,8.389
port5,0.1,0.1,3,-0.0030546829464700876,0.003473229999999998,0.026687834968372817,3.9005056320718565,1309,276,8.471
port5,0.1,0.1,8,-0.002911587013544798,0.00331339,0.026545053485574642,8.10777683407164,1302,283,8.495
port5,0.1,0.1,6,-0.0029340671098901628,0.003342969999999999,0.02731407880742744,8.361414764807103,1309,276,8.566
port5,0.1,0.1,10,-0.002974937745295801,0.00338618,0.026948887677267427,6.68788685707218,1303,282,8.542
port5,0.1,0.1,12,-0.002989827775791056,0.0034036799999999996,0.02710797377321728,6.425074876380554,1301,284,8.554
port5,0.1,0.1,7,-0.0027884818798790314,0.0031865599999999993,0.028181930402470315,13.613624247088062,1317,268,8.719
port5,0.1,0.1,11,-0.002943695055899853,0.0033465,0.02610650189131954,6.447689818796583,1315,270,8.707
port5,0.1,0.1,4,-0.003005883918284612,0.0034231899999999996,0.02738376922839296,6.252164355496564,1329,256,9.15
port5,0.1,0.1,14,-0.0029753695231849683,0.003387029999999999,0.027010641757468718,6.750281355163778,1298,287,8.125
port5,0.1,0.1,21,-0.0029858678702780134,0.00339214,0.02589558451203347,4.755510248463537,1308,277,8.139
port5,0.1,0.1,22,-0.0029090922883776896,0.0033152499999999975,0.027318988199109478,9.127440869880823,1313,272,8.194
port5,0.1,0.1,19,-0.00298528366803719,0.0034047899999999996,0.028111800362625304,7.619872392234543,1306,279,8.406
port5,0.1,0.1,17,-0.0029772321251655544,0.0033882399999999994,0.02686705693492408,6.515263658928572,1321,264,8.703
port5,0.1,0.1,18,-0.002961128075663076,0.00337199,0.027140914563979733,7.340251050624828,1292,293,8.671
port5,0.1,0.1,13,-0.002848628071211709,0.003238509999999999,0.02569648395954016,8.663165650521842,1298,287,9.075
port5,0.1,0.1,16,-0.002797534037383868,0.0031973199999999996,0.028293808972305465,13.436547169179677,1319,266,8.99
port5,0.1,0.1,20,-0.0030304129763554168,0.0034503100000000007,0.02736165631766175,5.480859849288091,1268,317,8.961
port5,0.1,0.1,15,-0.0029013914907851427,0.00329701,0.0256744053903605,6.965532189195807,1318,267,9.193
port5,0.1,0.1,23,-0.002983897744087283,0.00340061,0.02768596321472631,7.242709014516406,1319,266,9.098
port5,0.1,0.1,24,-0.0029219271993811903,0.0033241300000000002,0.026417759295369797,7.6085901833419065,1314,271,9.283
port5,0.1,0.1,25,-0.002924979082015297,0.0033225,0.025548173708643557,5.962718549261478,1303,282,8.745
port5,0.1,0.1,26,-0.002909943252517223,0.003309219999999998,0.026144740863656608,7.559191204999354,1301,284,8.488
port5,0.1,0.1,27,-0.0029750747478141204,0.0033924000000000003,0.027943738508989766,7.767149953270681,1312,273,8.393
port5,0.1,0.1,30,-0.0029798135909458756,0.00339769,0.027947702777531603,7.62785458321123,1260,325,8.452
port5,0.1,0.15,2,-0.002899786668761511,0.0032965899999999994,0.02591222322350765,7.471576656224994,1296,289,8.286
port5,0.1,0.15,4,-0.0029883218056367474,0.0034066799999999996,0.02787296079774311,7.297438819725457,1282,303,8.143
port5,0.1,0.1,28,-0.0028752041493578374,0.0032794999999999994,0.02763075291087123,10.482194262994572,1283,302,8.821
port5,0.1,0.1,29,-0.0029860851740395543,0.00340173,0.02747213605827648,6.951053341270928,1284,301,8.678
port5,0.1,0.15,3,-0.003010040182225521,0.003426929999999999,0.027239092821619116,5.961668796536543,1301,284,8.659
port5,0.1,0.15,1,-0.0029108090702044303,0.0033082999999999993,0.025818778010504185,6.953089175866457,1305,280,9.021
port5,0.1,0.15,5,-0.0030161929355987673,0.0034347799999999993,0.027406032985682553,5.963209457488894,1325,260,9.679
port5,0.1,0.15,6,-0.0029330552912801037,0.0033532999999999996,0.029140128469156736,10.064729169218218,1321,264,9.12
port5,0.1,0.15,8,-0.002854496237031264,0.0032591599999999997,0.028062031816804802,11.517941546904641,1321,264,8.281
port5,0.1,0.15,9,-0.0029438635901211097,0.0033679899999999995,0.02955121146059661,10.052960082872834,1310,275,8.287
port5,0.1,0.15,7,-0.002911754286908647,0.0033195299999999994,0.027535924370057595,9.276650996579702,1341,244,8.536
port5,0.1,0.15,14,-0.0028415120516289256,0.003239680000000001,0.02723966746696362,11.100709246884502,1330,255,8.412
port5,0.1,0.15,11,-0.002917305892405528,0.0033286799999999997,0.028018941378016218,9.583140968310287,1299,286,8.827
port5,0.1,0.15,10,-0.002848860264479068,0.00324334,0.02648504021536143,9.958992063058584,1288,297,8.973
port5,0.1,0.15,13,-0.0028268623111037867,0.00321102,0.025110891839242568,6.782598654338534,1291,294,8.832
port5,0.1,0.15,12,-0.0029849063356855213,0.00340085,0.02754245165457847,7.06220614996147,1310,275,9.184
port5,0.1,0.15,16,-0.0030164376524618574,0.00343215,0.026925331481365774,5.387587517520571,1299,286,9.067
port5,0.1,0.15,15,-0.002954827888991174,0.0033592099999999996,0.02616507424197874,6.199755363624074,1315,270,9.628
port5,0.1,0.15,17,-0.0029514770032226796,0.003364979999999999,0.027749774193193046,8.289671966816336,1333,252,9.335
port5,0.1,0.15,18,-0.002877201060768952,0.00328791,0.028621310108212603,11.318108769472696,1324,261,9.541
port5,0.1,0.15,21,-0.0029893953753848583,0.0034045899999999994,0.027337817143133707,6.7028295071823125,1314,271,8.227
port5,0.1,0.15,19,-0.002946010905309231,0.0033533,0.02682519239274329,7.419635451547176,1352,233,8.433
port5,0.1,0.15,20,-0.0029385184686156114,0.0033489199999999996,0.02747899768630372,8.403997398835791,1301,284,8.422
port5,0.1,0.15,22,-0.002928390799628799,0.0033412799999999994,0.02806442594659674,9.29112159357091,1319,266,8.66
port5,0.1,0.15,23,-0.0030000920544611368,0.00342076,0.028034255035378278,7.099342058250953,1319,266,8.978
port5,0.1,0.15,26,-0.003000471560245495,0.0034120699999999997,0.026531385141847563,5.349296768290941,1285,300,8.711
port5,0.1,0.15,25,-0.002874024465225522,0.0032727999999999998,0.026738648951373293,9.519521415238671,1319,266,9.025
port5,0.1,0.15,27,-0.003028316424621051,0.0034447,0.026816706617135144,4.883653768110566,1329,256,8.702
port5,0.1,0.15,24,-0.002956009101250224,0.00336148,0.02632924206082961,6.423309273758035,1312,273,9.749
port5,0.1,0.15,28,-0.0029477170754344654,0.00335853,0.02737881015777254,8.016717844002375,1333,252,9.467
port5,0.1,0.15,30,-0.002926237855952466,0.0033327999999999986,0.027070674917248214,8.324113605908964,1320,265,8.813
port5,0.1,0.15,29,-0.002915125231617679,0.0033274199999999993,0.028205100315779903,9.8198269264252,1326,259,9.639
port5,0.1,0.2,1,-0.0029171152814847076,0.00332758,0.027875924830450524,9.45325147802103,1331,254,8.715
port5,0.1,0.2,2,-0.002942199129976049,0.003349869999999999,0.026959946221005504,7.703776841546821,1333,252,8.929
port5,0.1,0.2,3,-0.0028056841934735407,0.0031978899999999997,0.026910370961110656,11.82536522368053,1319,266,9.801
port5,0.1,0.2,7,-0.002961057151285159,0.003364249999999999,0.025839475365192845,5.422761511285597,1330,255,8.782
port5,0.1,0.2,6,-0.0028908973647924787,0.00329278,0.026945247300316427,9.256733923311554,1347,238,8.942
port5,0.1,0.2,5,-0.0029809183173286034,0.003390739999999999,0.026598436546420405,6.046130635459152,1305,280,9.281
port5,0.1,0.2,4,-0.0027587273442977386,0.003156149999999998,0.028602037637598502,14.853476217282282,1354,231,10.062
port5,0.1,0.2,8,-0.003008199933224669,0.00342946,0.027984650574079187,6.806530885003466,1312,273,8.986
port5,0.1,0.2,9,-0.0030069698879057146,0.0034239199999999987,0.027305331364823923,6.131055876054235,1348,237,9.445
port5,0.1,0.2,11,-0.0029710394240131804,0.00338762,0.02789598107018633,7.842531225073802,1360,225,8.96
port5,0.1,0.2,10,-0.003063445803127238,0.0034867799999999997,0.027323286199277395,4.431390896861362,1331,254,9.785
port5,0.1,0.2,12,-0.002986772755603255,0.0034005000000000003,0.027143552530342323,6.560358513195786,1337,248,8.998
port5,0.1,0.2,13,-0.003005896244516232,0.003419219999999999,0.02672110691639991,5.445245740595875,1333,252,9.047
port5,0.1,0.2,14,-0.0030373496928553377,0.0034583699999999984,0.027419574603676992,5.334781381396399,1340,245,9.301
port5,0.1,0.2,16,-0.0029512980857788673,0.0033594499999999986,0.026871344257615958,7.31567316409685,1338,247,8.478
port5,0.1,0.2,17,-0.0027228627901236977,0.0031089399999999993,0.027419556866642013,14.899633158321855,1330,255,8.459
port5,0.1,0.2,18,-0.0028914444187445854,0.0033014499999999996,0.028259614515313895,10.581409120704773,1319,266,8.458
port5,0.1,0.2,15,-0.0028178399686472956,0.00321347,0.027254913566677367,11.83877550616825,1347,238,10.305
port5,0.1,0.2,20,-0.002909241581948907,0.0033216799999999996,0.028332034528267172,10.10988395554718,1341,244,9.66
port5,0.1,0.2,19,-0.002956883930135753,0.003370239999999999,0.027628259059203457,8.00235869498392,1328,257,9.754
port5,0.1,0.2,21,-0.002961614753937753,0.0033672700000000003,0.0262541893918375,6.133151827242522,1329,256,9.037
port5,0.1,0.2,22,-0.0029391168568199486,0.0033380399999999996,0.025518452770505306,5.453611400981126,1330,255,8.719
port5,0.1,0.2,23,-0.0028872405702436597,0.00329001,0.027160344209221764,9.618150886013371,1316,269,9.403
port5,0.1,0.2,24,-0.003051919757749388,0.0034709999999999993,0.026829133838163956,4.1759392217944,1320,265,9.223
port5,0.1,0.2,25,-0.002997438149438069,0.0034093399999999994,0.026639791771320448,5.594803295957192,1334,251,8.341
port5,0.1,0.2,28,-0.0028981008393339463,0.0032954399999999997,0.026037503848497772,7.747207346089776,1329,256,8.315
port5,0.1,0.2,27,-0.0028484374594959297,0.0032445999999999985,0.02677733005810491,10.35383197803442,1318,267,8.492
port5,0.1,0.2,29,-0.0028135423146009287,0.0032152300000000003,0.028313368820942465,12.971631605405413,1326,259,8.352
port5,0.1,0.2,26,-0.0029955035576094825,0.00340633,0.026494045064979745,5.448689208390171,1342,243,9.62
port5,0.1,0.2,30,-0.002927496396898722,0.0033306199999999985,0.026469152442281985,7.510750681449858,1349,236,9.831
port5,0.1,0.25,1,-0.0029198040682348585,0.0033182999999999997,0.025819746661255413,6.673846856394616,1362,223,9.261
port5,0.1,0.25,3,-0.002927186229179472,0.0033295499999999997,0.026345544371018114,7.3394148556165355,1330,255,9.395
port5,0.1,0.25,2,-0.002899591847222307,0.0033108099999999982,0.02830850627950752,10.379418986715047,1318,267,9.966
port5,0.1,0.25,4,-0.0029109379623957887,0.00330832,0.025797293967432296,6.908018423126423,1363,222,9.53
port5,0.1,0.25,5,-0.0029189783490222872,0.0033250800000000002,0.02712814976693259,8.612545277764843,1328,257,9.442
port5,0.1,0.25,6,-0.002968749948298486,0.0033835999999999996,0.02765683490595296,7.671947630106955,1362,223,9.992
port5,0.1,0.25,7,-0.0029428559360253743,0.00335916,0.028352788923600766,9.117633654706328,1375,210,8.876
port5,0.1,0.25,9,-0.0029537871865596157,0.00336618,0.027527225330640167,7.991071165429814,1342,243,9.127
port5,0.1,0.25,8,-0.0028087562032530966,0.0032039600000000005,0.0273510140117151,12.216678670196847,1336,249,9.366
port5,0.1,0.25,11,-0.002986985799649198,0.003397819999999999,0.02665561861049205,5.93806131470791,1349,236,9.115
port5,0.1,0.25,10,-0.0029015001419946894,0.0032987,0.025947997611629036,7.483278123647816,1340,245,10.098
port5,0.1,0.25,12,-0.0029201861780924205,0.0033403,0.029340044633159562,10.600370971133684,1331,254,9.736
port5,0.1,0.25,16,-0.00307391498180868,0.0034952399999999993,0.026795712006087685,3.4566208480127494,1336,249,8.736
port5,0.1,0.25,13,-0.003001433978301407,0.00341247,0.026417611871362073,5.153009011298005,1337,248,10.376
port5,0.1,0.25,15,-0.0028350007897204425,0.00322771,0.026445833373058454,10.332369844182251,1351,234,10.093
port5,0.1,0.25,14,-0.0029613453611571634,0.0033731799999999986,0.027297735957920743,7.512362806829815,1333,252,10.629
port5,0.1,0.25,17,-0.002978387359103337,0.00339014,0.026970102131186717,6.6084605427005645,1349,236,9.193
port5,0.1,0.25,18,-0.002928469940224954,0.0033413899999999996,0.028067963904609434,9.29202736787253,1356,229,10.049
port5,0.1,0.25,19,-0.00297355315263588,0.00338225,0.026546534117304323,6.200373951465764,1334,251,8.823
port5,0.1,0.25,21,-0.0029333282705218617,0.00333875,0.02674822040400796,7.710245244602713,1342,243,9.135
port5,0.1,0.25,20,-0.0029765888541326245,0.00340314,0.02936616179676463,8.943048659744397,1318,267,9.813
port5,0.1,0.25,23,-0.002910481143479267,0.0033132499999999994,0.02672898361717723,8.38720846465492,1351,234,8.792
port5,0.1,0.25,22,-0.0028876221922712435,0.0032983599999999997,0.0284432430866728,10.85593924582695,1369,216,9.809
port5,0.1,0.25,25,-0.002955509262453797,0.0033686999999999996,0.027626208126741367,8.041945865792657,1352,233,8.778
port5,0.1,0.25,26,-0.0028369078111520445,0.00322512,0.025632048074228295,8.721310937952007,1323,262,9.437
port5,0.1,0.25,29,-0.002799222036635144,0.0031895299999999994,0.026712349833898124,11.784721136155001,1366,219,9.09
port5,0.1,0.25,28,-0.002831908179966784,0.0032335299999999997,0.027976565198968927,12.12207777882451,1342,243,9.492
port5,0.1,0.25,24,-0.002816676596095677,0.0032093499999999997,0.0267840258184468,11.337080088116466,1332,253,10.693
port5,0.1,0.25,27,-0.002998398835686336,0.0034104099999999996,0.026640226033887847,5.5658433059044565,1370,215,10.621
port5,0.1,0.25,30,-0.002916334021421649,0.0033241099999999995,0.02745268267006902,9.050476190071201,1353,232,9.485
port5,0.1,0.3,1,-0.0029994739232893385,0.00341177,0.02666816017475919,5.571034521863128,1358,227,8.838
port5,0.1,0.3,4,-0.002848213882107282,0.00325401,0.028354032851204396,11.963754206895123,1332,253,8.71
port5,0.1,0.3,2,-0.002912634646537977,0.003316609999999999,0.026891328242022876,8.525496812343658,1380,205,10.039
port5,0.1,0.3,5,-0.0029755786165485258,0.0033874799999999996,0.027046882158850465,6.787622297602561,1385,200,9.644
port5,0.1,0.3,3,-0.0028492382991167037,0.0032392799999999998,0.025712584639296043,8.675391235591004,1357,228,10.302
port5,0.1,0.3,6,-0.002887545088880509,0.00330042,0.02878070727405615,11.138551575529483,1384,201,9.139
port5,0.1,0.3,8,-0.0027239106564890896,0.00310809,0.02708696061039506,14.525501159974759,1350,235,8.598
port5,0.1,0.3,9,-0.00288140553708656,0.0032843000000000017,0.027288177460842136,9.937351078922049,1343,242,9.636
port5,0.1,0.3,7,-0.0028798211482237196,0.0032883899999999995,0.028236474952847777,10.910771778526135,1372,213,11.102
port5,0.1,0.3,10,-0.0029430656752191618,0.0033569999999999997,0.027970399493185343,8.759609893409499,1336,249,10.778
port5,0.1,0.3,13,-0.0027588446389796377,0.0031411499999999997,0.026113284171157592,12.200059326053445,1337,248,10.12
port5,0.1,0.3,12,-0.00297696824886558,0.00338439,0.026264567602460206,5.674030863995667,1354,231,10.43
port5,0.1,0.3,11,-0.0028595923341562363,0.0032660699999999994,0.028261398734627855,11.541528986300559,1375,210,13.86
port5,0.1,0.3,16,-0.00300038430288782,0.0034132499999999996,0.026747092760182424,5.649230801837358,1366,219,10.421
port5,0.1,0.3,14,-0.0026635550608589856,0.003045299999999999,0.027787576206105787,17.04222728549946,1381,204,12.085
port5,0.1,0.3,17,-0.0029314908352842573,0.0033328200000000002,0.026085851474648758,6.791865223446587,1368,217,2446.064
port5,0.1,0.3,18,-0.002983541458389715,0.00339736,0.02721810823887012,6.745562070774706,1366,219,2445.845
port5,0.1,0.3,22,-0.0028361926842754392,0.00324305,0.028731918788093683,12.63606648247882,1338,247,2443.565
port5,0.1,0.3,15,-0.0027198377863328093,0.003115829999999999,0.029053263786912153,16.3563906755963,1363,222,2449.396
port5,0.1,0.3,21,-0.002991755884142441,0.0034106199999999996,0.027893030645227298,7.213424970975053,1353,232,2444.746
port5,0.1,0.3,20,-0.0027913254542165696,0.0031778499999999994,0.02621822758758294,11.353787762502435,1388,197,2446.739
port5,0.1,0.3,19,-0.0029333185552691764,0.003336539999999999,0.02637564117340521,7.194791282600748,1355,230,5989.649
port5,0.1,0.3,24,-0.0029848589631697245,0.0033966,0.026847911805255014,6.257023364384774,1357,228,5986.048
port5,0.1,0.3,23,-0.0029348309061810285,0.0033514600000000005,0.028545243705208015,9.526318877091585,1375,210,5987.224
port5,0.1,0.3,27,-0.003040007277142582,0.003461269999999999,0.027410896165105055,5.244231089944824,1357,228,11409.184
port5,0.1,0.35,1,-0.002919074391515774,0.0033258499999999987,0.027237953022249003,8.733945062755122,1362,223,8973.493
port5,0.1,0.3,30,-0.0030003608151997134,0.003417169999999998,0.027402953271551754,6.44141862099858,1355,230,8974.244
port5,0.1,0.3,25,-0.0028307827375527216,0.003219499999999999,0.025839361920774608,9.491809051864536,1357,228,11413.664
port5,0.1,0.35,3,-0.0029040110948396485,0.0033149799999999995,0.028190584449484555,10.141461737655073,1392,193,8972.743
port5,0.1,0.3,26,-0.0028814354867302857,0.0032870199999999994,0.027727696130352114,10.389120905411524,1399,186,11413.111
port5,0.1,0.35,2,-0.0028633986822980367,0.003273330000000001,0.028739923051734898,11.828173454527866,1379,206,8974.363
port5,0.1,0.3,28,-0.0029720223903537536,0.0033813699999999994,0.02668531612071434,6.438341907769543,1370,215,8977.318
port5,0.1,0.3,29,-0.0029628183038486185,0.003381509999999999,0.028379692766374528,8.541524781309157,1383,202,8977.331
port5,0.1,0.35,4,-0.0029453256178542976,0.0033693199999999994,0.029506335276632056,9.976720123585716,1371,214,5433.186
port5,0.1,0.35,5,-0.0028804870322210884,0.00328435,0.027464152595503822,10.152199468994095,1398,187,5433.73
port5,0.1,0.35,6,-0.0027306421887509902,0.003115429999999999,0.02706377860702541,14.29471189195609,1370,215,5435.427
port5,0.1,0.35,7,-0.0029703921546529,0.003387239999999999,0.027950643167394096,7.915305189718416,1376,209,9.368
port5,0.1,0.35,9,-0.002855283509880138,0.003257929999999999,0.027722462033495755,11.176220579828446,1372,213,8.438
port5,0.1,0.35,8,-0.002992943583827199,0.0034019999999999996,0.026240506125606848,5.140774035524826,1378,207,8.891
port5,0.1,0.35,11,-0.0029698629167179886,0.0033765999999999987,0.0262825195295296,5.922367034461606,1388,197,8.411
port5,0.1,0.35,13,-0.002796672059857376,0.00317881,0.025348952669217568,8.412307759009748,1368,217,8.332
port5,0.1,0.35,10,-0.0029027669004562493,0.0033120599999999995,0.02794406905655481,9.951808659608453,1367,218,9.395
port5,0.1,0.35,12,-0.0029885096502960244,0.0034070099999999994,0.027892534790509054,7.311063239099116,1366,219,8.713
port5,0.1,0.35,14,-0.0029455306791705935,0.00334778,0.02597524221819815,6.160970580937786,1366,219,8.846
port5,0.1,0.35,15,-0.002654360805702778,0.003041029999999999,0.0287343338703407,18.080437081185067,1385,200,8.392
port5,0.1,0.35,16,-0.002937243439485227,0.0033427599999999993,0.02669092739392412,7.51504687005493,1377,208,8.059
port5,0.1,0.35,17,-0.0029300052593422077,0.0033413599999999985,0.027788260229419152,8.977972528456695,1390,195,7.657
port5,0.1,0.35,19,-0.003001981912269939,0.003413039999999999,0.026410999172704473,5.126180627239205,1396,189,7.771
port5,0.1,0.35,18,-0.0029957707297059905,0.0034152399999999986,0.02791868017905012,7.117384209537961,1384,201,8.323
port5,0.1,0.35,22,-0.0029227024826529793,0.00332493,0.026407293944480555,7.56941655333204,1372,213,7.27
port5,0.1,0.35,21,-0.002826218463555135,0.0032159199999999997,0.026097803824242545,10.082545540408951,1383,202,7.599
port5,0.1,0.35,20,-0.002886761232383434,0.003299,0.02869473255086482,11.092077206040363,1413,172,7.942
port5,0.1,0.35,25,-0.0029146221861278097,0.00331615,0.02644103134754583,7.867790494638466,1410,175,7.751
port5,0.1,0.35,23,-0.0030245454373680797,0.003447940000000001,0.028035791879652903,6.36294684151541,1400,185,8.051
port5,0.1,0.35,24,-0.00301740561633848,0.0034314199999999997,0.026621867639502514,4.955596339339874,1377,208,8.404
port5,0.1,0.35,27,-0.0028692876191308268,0.0032746899999999994,0.027916550802198584,10.937507392138231,1390,195,7.71
port5,0.1,0.35,26,-0.00284809267570254,0.0032463999999999987,0.02714172512893378,10.792408494441453,1395,190,8.277
port5,0.1,0.35,28,-0.0029866569270267434,0.0033977499999999997,0.02670544382204805,6.0154446370109715,1399,186,7.677
port5,0.1,0.35,29,-0.0028809146507786485,0.00329284,0.028747408443432047,11.309993805072867,1360,225,7.61
port5,0.1,0.35,30,-0.002975525608813189,0.003384009999999999,0.026473267872858093,6.034774489624278,1360,225,8.473
port5,0.1,0.4,1,-0.0028928939318544657,0.00329258,0.026538287085931932,8.674534271111838,1392,193,8.558
port5,0.1,0.4,2,-0.002941097913753099,0.0033561999999999997,0.028192567504024962,9.026265285486327,1371,214,68564.156
port5,0.1,0.4,3,-0.0029829389701709823,0.0033935500000000004,0.02669382509664325,6.114179553939001,1387,198,68565.9
port5,0.1,0.4,4,-0.00280160612584708,0.0032031099999999995,0.02849436332907269,13.480962983926895,1393,192,68566.896
port5,0.1,0.4,7,-0.002916434539923602,0.00333258,0.028790182367674937,10.282025611219165,1392,193,68567.235
port5,0.1,0.4,5,-0.002939592960985892,0.003350280000000001,0.027506188215401437,8.400082985423985,1387,198,68568.38
port5,0.1,0.4,9,-0.002812204562631763,0.0032060500000000002,0.027062970525838025,11.80071993721182,1398,187,68568.069
port5,0.1,0.4,10,-0.0029191823352151237,0.0033297699999999997,0.02785869070593174,9.374105036896314,1401,184,68568.723
port5,0.1,0.4,8,-0.0029644234857280198,0.00337167,0.02647253563072112,6.376248997969153,1407,178,68570.444
port5,0.1,0.4,6,-0.0029286870128151675,0.0033368999999999994,0.02729889872958842,8.508586387147115,1398,187,68572.687
port5,0.1,0.4,11,-0.0029083632466544843,0.003324519999999999,0.02893177376959723,10.637369762637068,1403,182,68572.005
port5,0.1,0.4,12,-0.0029691554592280265,0.003380369999999999,0.027051347613746096,6.989335972303724,1382,203,68569.197
port5,0.1,0.4,16,-0.002933102066071957,0.003341959999999997,0.027324336026341288,8.402066516794768,1401,184,10.289
port5,0.1,0.4,13,-0.0028853452645291986,0.0032868199999999993,0.02698012888605268,9.468215192170309,1402,183,68570.431
port5,0.1,0.4,15,-0.002985832899057604,0.00339628,0.026611858436117526,5.913414557906024,1400,185,15.136
port5,0.1,0.4,18,-0.0028605140339878405,0.0032587599999999986,0.026901666493389927,10.135176657455148,1409,176,11.584
port5,0.1,0.4,14,-0.002914378232251468,0.0033255,0.02803065603023454,9.682436023915077,1388,197,18.124
port5,0.1,0.4,17,-0.002765463004291449,0.00315496,0.027203124031726776,13.380879962557115,1410,175,14.647
port5,0.1,0.4,21,-0.0029299001406151853,0.0033303199999999995,0.02595917167107116,6.6185919552835255,1365,220,12.157
port5,0.1,0.4,19,-0.0028039617322792223,0.003188,0.0255417829684574,9.060908876408684,1384,201,14.649
port5,0.1,0.4,22,-0.0029799323885642513,0.003397739999999999,0.027934496851697334,7.611404169303143,1388,197,12.862
port5,0.1,0.4,20,-0.00297867184289594,0.00338832,0.02661130532387677,6.133074502413135,1374,211,16.802
port5,0.1,0.4,26,-0.0030125147447401797,0.003425789999999999,0.0265887674140453,5.059774460737539,1389,196,12.243
port5,0.1,0.4,24,-0.0028271817335779235,0.0032139399999999993,0.025566436283157638,8.662661549045488,1397,188,14.803
port5,0.1,0.4,23,-0.002955193712461105,0.0033624099999999997,0.02664118757467375,6.89642125022237,1409,176,16.96
port5,0.1,0.4,25,-0.003015023883386341,0.0034316400000000006,0.027102050958121036,5.64829592856765,1408,177,14.641
port5,0.1,0.4,27,-0.0030353350826300067,0.003451669999999997,0.026677315713915017,4.480824544664997,1402,183,12.539
port5,0.1,0.4,29,-0.002939953195698711,0.00334076,0.025832306188431846,6.068265688327603,1382,203,11.748
port5,0.1,0.4,30,-0.002834398434954143,0.0032281199999999997,0.026628849965001467,10.59686939258132,1394,191,13.212
port5,0.3,0.1,1,-0.002195145414981146,0.0034350399999999994,0.02641859099314049,4.527330022839941,1318,267,13.026
port5,0.1,0.4,28,-0.00294009961731928,0.0033555,0.028257810014351827,9.115546053142177,1411,174,17.218
port5,0.3,0.1,2,-0.0021788606549487067,0.00343472,0.027413095717879886,5.973873581157099,1320,265,14.799
port5,0.3,0.1,4,-0.0022251811904788394,0.0034870400000000003,0.026817084698699124,3.7151116465680465,1321,264,12.368
port5,0.3,0.1,6,-0.0021254855495784685,0.0033403599999999997,0.026631212916521544,7.491934415911097,1306,279,11.147
port5,0.3,0.1,8,-0.0020605005856994024,0.0032206599999999998,0.025427112452432645,7.9393838905606025,1301,284,10.788
port5,0.3,0.1,3,-0.002228205629409012,0.0034895600000000005,0.026738634382417997,3.5269091587294836,1287,298,16.449
port5,0.3,0.1,7,-0.0021374699596616044,0.0033653399999999997,0.026973322644074045,7.296089621248054,1305,280,11.803
port5,0.3,0.1,10,-0.0021412646769055615,0.003349,0.026015080440290654,6.204657670657525,1297,288,10.744
port5,0.3,0.1,5,-0.00217889249336399,0.00343033,0.027223672703244262,5.847969092151373,1288,297,15.224
port5,0.3,0.1,9,-0.0020773875616449545,0.0032476199999999992,0.025556893287659487,7.95606785811533,1285,300,12.77
port5,0.3,0.1,11,-0.002130129781701052,0.0033460700000000005,0.02659067620419783,7.272027453542715,1295,290,10.005
port5,0.3,0.1,12,-0.0021126167697349827,0.0033347299999999993,0.02718420069728105,8.420756397203752,1315,270,10.857
port5,0.3,0.1,15,-0.00204664392128689,0.003230959999999999,0.026772378720932324,10.723761310114872,1321,264,8.853
port5,0.3,0.1,14,-0.0021318573004838904,0.003354728676110505,0.026860924083971432,7.431184720271606,1293,292,9.804
port5,0.3,0.1,13,-0.0022060216991231616,0.0034569300000000004,0.026697646642656142,4.36655525122113,1297,288,11.692
port5,0.3,0.1,16,-0.002146910400169843,0.0033772599999999987,0.026905488896639386,6.872761437863834,1301,284,10.234
port5,0.3,0.1,18,-0.002119194356361599,0.0033510000000000002,0.027477605647654234,8.345400416152538,1306,279,10.008
port5,0.3,0.1,20,-0.00217133797631521,0.00341293,0.026939006643699786,5.936807206915751,1274,311,9.239
port5,0.3,0.1,22,-0.002040156760982472,0.00321500740206252,0.026479452440291127,10.737006042643998,1297,288,7.554
port5,0.3,0.1,23,-0.002219477974601111,0.0034759999999999995,0.026690948865291924,3.8286967408089123,1299,286,7.614
port5,0.3,0.1,19,-0.0021102301439852623,0.0033265400000000002,0.0269782539597319,8.371618251198894,1283,302,11.682
port5,0.3,0.1,17,-0.002089231662338268,0.0032664900000000004,0.02564574933341665,7.764705680733306,1300,285,12.377
port5,0.3,0.1,24,-0.002195090051347206,0.003439709999999999,0.02662748884472544,4.734747503761271,1294,291,7.912
port5,0.3,0.1,21,-0.0020873019209648935,0.00326746,0.025814729583134376,8.093450719010773,1292,293,13.019
port5,0.3,0.1,27,-0.0020880942054915972,0.0033060634850317675,0.02745603965315218,9.548331732671741,1306,279,8.349
port5,0.3,0.1,26,-0.002152916208993178,0.0033849399999999995,0.02686644691846577,6.60544402612279,1296,289,9.549
port5,0.3,0.1,25,-0.002131262276730754,0.0033352199999999986,0.02603790335064407,6.634363507815261,1296,289,12.723
port5,0.3,0.15,1,-0.00216509626649657,0.0033946193060414988,0.026529056254886437,5.8296941014461785,1356,229,8.695
port5,0.3,0.1,28,-0.002206019381505855,0.0034599302787413277,0.026828580134691842,4.480726707161991,1311,274,11.276
port5,0.3,0.15,3,-0.002178579431353999,0.0034182099999999997,0.026718755500334753,5.46962319060834,1303,282,8.857
port5,0.3,0.1,29,-0.002046678748364679,0.003234779999999999,0.02693617466254384,10.842982991435969,1311,274,10.891
port5,0.3,0.15,2,-0.002048227959914076,0.0032210399999999997,0.026236109981342137,10.179157424734948,1305,280,11.212
port5,0.3,0.1,30,-0.0021980561755749373,0.0034398899999999997,0.026449122507502497,4.443333729925581,1293,292,11.677
port5,0.3,0.15,4,-0.0021935910005460376,0.0034393099999999992,0.02670368260833211,4.86318197290679,1310,275,10.632
port5,0.3,0.15,5,-0.0021878375171084643,0.0034286299999999994,0.026595957267445458,4.992360056962974,1322,263,10.598
port5,0.3,0.15,7,-0.0021746625339709464,0.003419,0.026996139602361302,5.849873854796484,1304,281,9.213
port5,0.3,0.15,6,-0.0021040295043352262,0.003314186262545345,0.026826658348647347,8.501600706494392,1301,284,11.033
port5,0.3,0.15,8,-0.002116004215072254,0.0033519700000000006,0.02771129642869769,8.599257440221654,1322,263,11.324
port5,0.3,0.15,10,-0.002174181566776411,0.003397440958842271,0.02607854190793514,4.970738406472391,1282,303,9.016
port5,0.3,0.15,11,-0.002146397537886444,0.0033605899999999992,0.02620530875691383,6.233312137402369,1334,251,8.534
port5,0.3,0.15,9,-0.0020685107424548554,0.0033071299999999997,0.028663580698925495,10.841973696919224,1319,266,10.849
port5,0.3,0.15,12,-0.0021307584794727115,0.0033482999999999994,0.02664904754566212,7.298997678231891,1317,268,9.507
port5,0.3,0.15,15,-0.002096405341645494,0.0032806200000000006,0.025821738797281252,7.737672952213263,1314,271,7.693
port5,0.3,0.15,16,-0.0021242712988374718,0.0033481099999999996,0.027043526715434633,7.866438108209698,1311,274,7.876
port5,0.3,0.15,14,-0.0021489533892310223,0.003352889999999999,0.025694980752991203,5.433967558077039,1298,287,8.449
port5,0.3,0.15,17,-0.0021557618399423,0.0033602699999999994,0.025588223857711,4.986353774475643,1343,242,7.155
port5,0.3,0.15,19,-0.0020547261888768332,0.0032880899999999996,0.028690115087672413,11.381545542163506,1322,263,5.877
port5,0.3,0.15,13,-0.002062103295762695,0.0032420999999999995,0.026291107763989015,9.683953595096645,1329,256,10.73
port5,0.3,0.15,18,-0.002192396760374826,0.00343004,0.026371148352266467,4.58651805875483,1336,249,7.539
port5,0.3,0.15,20,-0.0020333142571861335,0.0032565599999999995,0.02865180289928636,12.193728849888032,1310,275,6.486
port5,0.3,0.15,21,-0.0021688073264044486,0.0034195599999999994,0.02737910843420282,6.345613038146372,1314,271,5.788
port5,0.3,0.15,22,-0.0021233940542574937,0.0033621799999999998,0.027696687271375153,8.303633829840916,1342,243,6.004
port5,0.3,0.15,23,-0.0021445620824986225,0.0033749199999999996,0.02694945376696755,6.9989652733407945,1310,275,5.821
port5,0.3,0.15,25,-0.002157644324525591,0.003374389999999998,0.02610419349928331,5.663689540160504,1323,262,5.14
port5,0.3,0.15,24,-0.0021784355731597725,0.0034058199999999995,0.026181318202121842,4.927859216045908,1343,242,5.313
port5,0.3,0.15,28,-0.0021725863072373434,0.00340721,0.02661207074259449,5.610952431686396,1306,279,5.078
port5,0.3,0.15,26,-0.0020924375480516726,0.0032754,0.025841984698569326,7.925648104533296,1278,307,5.535
port5,0.3,0.15,27,-0.0020857006998398846,0.003290667286250398,0.026942308768638325,9.310960455165754,1292,293,6.177
port5,0.3,0.2,1,-0.002172209686145634,0.0033931917141589952,0.02601438792704673,4.965622708008475,1335,250,5.54
port5,0.3,0.15,30,-0.0021482322883910813,0.0033689399999999995,0.026459132740191234,6.430480872069414,1319,266,6.023
port5,0.3,0.15,29,-0.0021425032747204717,0.00335462,0.026187193134528476,6.367629427626204,1318,267,6.106
port5,0.3,0.2,2,-0.002035435018747449,0.0032188399999999997,0.026941478631319356,11.28937790558708,1318,267,6.025
port5,0.3,0.2,3,-0.002152722147150749,0.0034002684338379115,0.027535780149700286,7.069877202414675,1334,251,5.396
port5,0.3,0.2,4,-0.002125251978455394,0.003351779999999999,0.02714123686352588,7.896033073293199,1320,265,5.581
port5,0.3,0.2,5,-0.0021966300342212784,0.0034430899999999998,0.02667914077693916,4.721068588309298,1330,255,5.408
port5,0.3,0.2,7,-0.002155035417554402,0.00337318,0.026216444104518188,5.901874195269028,1334,251,5.134
port5,0.3,0.2,6,-0.0022043468889683835,0.003453709999999999,0.02666146476543854,4.399910090045389,1335,250,5.704
port5,0.3,0.2,8,-0.0022256227534733215,0.00348624,0.026754765714209875,3.643312849785126,1323,262,5.215
port5,0.3,0.2,9,-0.0020911353550004323,0.0032791848663799236,0.02609559678473963,8.30963093249222,1323,262,5.705
port5,0.3,0.2,10,-0.0022063883182739967,0.003451469999999999,0.026434868496363062,4.097969421124037,1345,240,5.52
port5,0.3,0.2,11,-0.002087560492001193,0.0032946799999999977,0.027000957266907256,9.279810289708804,1338,247,5.444
port5,0.3,0.2,13,-0.0020955469825653444,0.0032936499999999995,0.026458018156736225,8.519832053988319,1335,250,5.343
port5,0.3,0.2,12,-0.002110557561789068,0.0033084597012461286,0.02616385732795156,7.61469125989636,1331,254,5.467
port5,0.3,0.2,14,-0.002075030198169956,0.0032924799999999995,0.02767103189438634,10.17483651785731,1350,235,5.885
port5,0.3,0.2,15,-0.002043052522613704,0.00318990360346,0.025158166322176954,7.386840262856412,1331,254,5.954
port5,0.3,0.2,16,-0.002232098415548855,0.0034934299999999996,0.026664744792274823,3.305565348241253,1343,242,5.488
port5,0.3,0.2,19,-0.002103767443073581,0.003309279999999999,0.026628841314535776,8.349121537167118,1349,236,5.53
port5,0.3,0.2,17,-0.00210644452429763,0.00332982,0.027351384834067034,8.768781463444022,1329,256,6.043
port5,0.3,0.2,18,-0.002106692531651739,0.0032948999999999995,0.025802937064622472,7.297306820541357,1334,251,6.085
port5,0.3,0.2,20,-0.002066349995158593,0.003243609999999999,0.026088120210893326,9.290870345529024,1314,271,5.96
port5,0.3,0.2,21,-0.002150778620740604,0.00338002,0.0267852807377109,6.6239135054893055,1332,253,5.749
port5,0.3,0.2,22,-0.002080532470095065,0.0032816355626536916,0.026870828281646445,9.461793231090681,1309,276,5.088
port5,0.3,0.2,24,-0.0020984958239682354,0.00329534,0.02634654790997384,8.293118186274848,1346,239,5.114
port5,0.3,0.2,25,-0.002127507236833073,0.0033411599999999993,0.02653957819100411,7.329092774283193,1350,235,5.265
port5,0.3,0.2,23,-0.0021647110522172073,0.003395879999999997,0.02660857930460213,5.919417510015215,1322,263,5.687
port5,0.3,0.2,27,-0.0021653432211214624,0.0033938299999999996,0.026478782630535012,5.7710083551645885,1312,273,4.929
port5,0.3,0.2,26,-0.002146473557868115,0.0033702999999999997,0.0266293348353456,6.659916877763625,1353,232,5.612
port5,0.3,0.2,28,-0.002149791354635893,0.0033670199999999983,0.026275631636182458,6.1773593148049155,1327,258,6.019
port5,0.3,0.25,1,-0.0021796757009592857,0.0034135200000000006,0.026444173841050803,5.167734977690624,1354,231,5.487
port5,0.3,0.2,29,-0.002065808620448196,0.0032781399999999997,0.02762181381636645,10.50891886333383,1302,283,5.782
port5,0.3,0.2,30,-0.0020774628201902057,0.0032738799999999994,0.026724095233190706,9.468787300782148,1338,247,5.756
port5,0.3,0.25,2,-0.002154035671768509,0.00336796,0.026047157761228013,5.735629945211473,1377,208,5.691
port5,0.3,0.25,4,-0.0021589039914967664,0.0033811072255506085,0.026323061270089133,5.866401041793488,1362,223,5.459
port5,0.3,0.25,3,-0.002131244710388416,0.00334046,0.026272754557499528,6.912503209396778,1352,233,6.061
port5,0.3,0.25,5,-0.0021944087659884173,0.0034384100000000003,0.026613169297147056,4.748349423045157,1345,240,5.545
port5,0.3,0.25,7,-0.002175265402611491,0.0034031099999999996,0.026262241424302703,5.148204392349674,1365,220,5.819
port5,0.3,0.25,6,-0.002075863974581825,0.00329579,0.02776022486809592,10.187338139801433,1338,247,6.136
port5,0.3,0.25,8,-0.0020754085791969933,0.00325366,0.025958519526545036,8.766860102580601,1346,239,5.169
port5,0.3,0.25,9,-0.0021931826469237534,0.00343376,0.026485804567494026,4.673836135507234,1355,230,6.494
port5,0.3,0.25,11,-0.00204600955876156,0.0031946364220729875,0.025181735225458583,7.397487526856986,1352,233,5.535
port5,0.3,0.25,10,-0.0020710354571401093,0.00330029,0.028235175630165685,10.587003021968101,1341,244,6.166
port5,0.3,0.25,13,-0.00212207541909321,0.00335626,0.027526143991170125,8.260900586414753,1357,228,5.794
port5,0.3,0.25,12,-0.002183873201669951,0.00343014,0.02690878408810334,5.419322257168881,1349,236,6.13
port5,0.3,0.25,15,-0.0020906497422149275,0.00326475,0.025473859659467416,7.262575579920152,1364,221,5.483
port5,0.3,0.25,14,-0.0021074364743126845,0.0033235024299576696,0.027019451429028216,8.511163546328955,1348,237,5.82
port5,0.3,0.25,16,-0.0021073209480355756,0.0033013999999999995,0.026055009240990093,7.613331621268887,1333,252,5.671
port5,0.3,0.25,17,-0.002161131277837833,0.0033824099999999998,0.026239646984551623,5.685492506009646,1364,221,5.828
port5,0.3,0.25,18,-0.0021398551784641904,0.0033691599999999986,0.02699116037618047,7.215467946650486,1354,231,5.931
port5,0.3,0.25,20,-0.0020942657993775573,0.00329809,0.02673307568178679,8.812299866988646,1321,264,5.169
port5,0.3,0.25,19,-0.002038852520926434,0.00324512,0.027852676656147202,11.671351634001928,1351,234,6.442
port5,0.3,0.25,21,-0.0021860732991334873,0.00344373,0.02735797877929536,5.656365201179901,1361,224,5.079
port5,0.3,0.25,27,-0.002166819891090184,0.003396024506569054,0.02648252653531847,5.716130127237959,1333,252,5.121
port5,0.3,0.25,25,-0.0021216933333444354,0.003324403116689058,0.02616542555472171,7.17230677886827,1353,232,5.237
port5,0.3,0.25,26,-0.002089278353387788,0.0032701899999999996,0.025810504748532845,8.00801687546556,1364,221,5.313
port5,0.3,0.25,22,-0.002056651210902488,0.003245880938783985,0.026799592425153375,10.349672955167044,1347,238,6.129
port5,0.3,0.25,23,-0.0021550476974618415,0.0033859678034387137,0.026778708267655323,6.449955121240155,1353,232,5.887
port5,0.3,0.25,28,-0.0021492357292279014,0.0033821199999999993,0.026972101065860524,6.832164407671583,1337,248,5.029
port5,0.3,0.25,24,-0.0022263978123376865,0.00348782,0.026775373490224984,3.6308649259156,1347,238,6.101
port5,0.3,0.25,29,-0.002141139485114659,0.0033728499999999993,0.027071234110850367,7.223209479608087,1343,242,5.313
port5,0.3,0.25,30,-0.002142906539111689,0.003359939999999999,0.026397693137110198,6.580395180617967,1372,213,5.57
port5,0.3,0.3,1,-0.0021268720170314224,0.0033664899999999998,0.02766893462402539,8.153217040049665,1356,229,5.242
port5,0.3,0.3,2,-0.0019990906465298334,0.003156279999999999,0.026476741583898712,12.363468606196303,1375,210,6.813
port5,0.3,0.3,3,-0.00219707983549867,0.0034432700000000004,0.02665890498509709,4.6849540797467615,1360,225,5.83
port5,0.3,0.3,5,-0.0020153004270476254,0.0032009399999999985,0.027407880433211993,12.36743836257007,1379,206,5.338
port5,0.3,0.3,6,-0.002143683901317508,0.0033738199999999996,0.02695614331233182,7.038602047619265,1360,225,5.613
port5,0.3,0.3,4,-0.002155030402303139,0.0033924799999999994,0.027062002740426836,6.670661857697147,1367,218,5.805
port5,0.3,0.3,9,-0.0021717716942254214,0.003401039999999999,0.02639168466105553,5.427597091838007,1366,219,5.404
port5,0.3,0.3,7,-0.0021303626499229573,0.003373749999999999,0.02776462678043423,8.068018095550517,1376,209,5.898
port5,0.3,0.3,10,-0.0019344256865864104,0.003074019999999998,0.02691890992181197,15.251751239681091,1359,226,5.72
port5,0.3,0.3,11,-0.002082798547840271,0.003265999999999999,0.026038526082181143,8.57325828690027,1354,231,5.466
port5,0.3,0.3,8,-0.001955536016036678,0.003111429999999999,0.027231414699651645,14.610107482267264,1359,226,6.716
port5,0.3,0.3,13,-0.0021280732026509553,0.0033431302617554152,0.026590598625443735,7.353375485075889,1367,218,5.391
port5,0.3,0.3,12,-0.002132985531914313,0.00337382,0.027609688401337606,7.882305758409394,1394,191,5.992
port5,0.3,0.3,14,-0.0020828729252178077,0.003273799999999998,0.02638099535538104,8.948522605495072,1365,220,5.805
port5,0.3,0.3,15,-0.0020512592867806922,0.0032215051984732707,0.026063662581622283,9.864818685708562,1351,234,6.085
port5,0.3,0.3,17,-0.0021451994551333403,0.003379029999999999,0.027087607551957497,7.0753458120449375,1361,224,5.577
port5,0.3,0.3,16,-0.002201028021059799,0.0034451200000000003,0.02649251334120645,4.369463932502249,1385,200,6.032
port5,0.3,0.3,21,-0.0020929441708051094,0.00329301,0.02659340953412395,8.746574277996027,1373,212,5.326
port5,0.3,0.3,18,-0.0022165400888095794,0.0034721900000000004,0.026707858468399674,3.960080820869321,1370,215,5.86
port5,0.3,0.3,20,-0.002107714895163769,0.00334588,0.027952406267095643,9.041691756235913,1351,234,5.895
port5,0.3,0.3,22,-0.002114289353377484,0.0033368300000000003,0.027171777430667263,8.346864203758592,1356,229,5.379
port5,0.3,0.3,19,-0.002030363849580499,0.0032446399999999974,0.028336322416026353,12.199108002019432,1371,214,6.451
port5,0.3,0.3,24,-0.0021549884304232782,0.003415509999999999,0.028039767567790905,7.2481619071385275,1367,218,5.643
port5,0.3,0.3,23,-0.002155698705477941,0.00339437,0.02710229353898905,6.673349100566296,1385,200,6.9
port5,0.3,0.3,25,-0.0020175266610796007,0.00319604,0.02706174045403084,12.074517471158382,1377,208,5.915
port5,0.3,0.3,26,-0.002024431133211731,0.0032407099999999995,0.02852284854803648,12.493761666660834,1354,231,5.816
port5,0.3,0.3,27,-0.002140643120193973,0.0033708629694766657,0.027016103743242537,7.202852495268838,1385,200,5.916
port5,0.3,0.3,30,-0.002147738676950306,0.0033790799999999996,0.026933085171073724,6.86146631019909,1354,231,5.658
port5,0.3,0.35,1,-0.0020627091105449853,0.0032223899999999995,0.025361643575487106,7.6277102619877875,1351,234,6.106
port5,0.3,0.35,3,-0.002146099613387149,0.0033658599999999996,0.026457663452696813,6.513645947329687,1388,197,5.792
port5,0.3,0.3,28,-0.002128443234413855,0.003361899999999996,0.02737923578104046,7.924956792889242,1346,239,6.739
port5,0.3,0.3,29,-0.0020547946551994407,0.0032475881123516944,0.026988702787570505,10.560213626115903,1369,216,7.206
port5,0.3,0.35,2,-0.0021699980588902636,0.003406040000000001,0.026722645896301526,5.8120410620333,1394,191,6.759
port5,0.3,0.35,5,-0.0021480108020338635,0.0033819800000000006,0.02704164676729437,6.931842120371679,1391,194,6.599
port5,0.3,0.35,4,-0.0021443784823228823,0.003368339999999999,0.026674552022300003,6.782683893393041,1384,201,8.18
port5,0.3,0.35,7,-0.0021749425796521024,0.0034080500000000006,0.02650109559671689,5.41228221137794,1370,215,6.667
port5,0.3,0.35,6,-0.0020296843594977327,0.0032644199999999996,0.029178167665926007,12.4836526987696,1369,216,7.144
port5,0.3,0.35,8,-0.0021002923986615813,0.003297569999999998,0.026331641380565728,8.206417002231325,1381,204,6.599
port5,0.3,0.35,9,-0.0021333563647310096,0.0033593600000000005,0.02696884840385234,7.4546579873710845,1412,173,6.173
port5,0.3,0.35,10,-0.0021155693480169368,0.00332007,0.02636156621441296,7.629728732382401,1363,222,6.158
port5,0.3,0.35,11,-0.002206248836786175,0.00345699,0.026686086463038158,4.347144792575756,1367,218,6.369
port5,0.3,0.35,15,-0.0021470622112234493,0.0033680399999999984,0.026493130479210984,6.5100595326370705,1366,219,5.896
port5,0.3,0.35,13,-0.0020554924136034756,0.0032859199999999995,0.0285570532091183,11.30745897144067,1415,170,6.643
port5,0.3,0.35,14,-0.002203185294669364,0.00345467,0.02677584143281874,4.547506550010302,1384,201,6.299
port5,0.3,0.35,12,-0.0021027291789676534,0.00332074,0.027189999450309296,8.812486645005047,1380,205,7.216
port5,0.3,0.35,16,-0.0020567425243005707,0.003229309999999999,0.026062391531312474,9.644134558185186,1365,220,5.911
port5,0.3,0.35,17,-0.0021235152380848703,0.0033294200000000005,0.026272847955962037,7.220311592786207,1379,206,5.871
port5,0.3,0.35,18,-0.002182798633252643,0.0034174851890375743,0.026422275897031732,5.02137257314932,1368,217,5.748
port5,0.3,0.35,19,-0.002028252853721927,0.003228779999999999,0.02780246669380688,12.060545028796364,1382,203,5.911
port5,0.3,0.35,21,-0.0021626231254724087,0.0033895099999999992,0.026459646919261195,5.860004640452085,1362,223,5.318
port5,0.3,0.35,20,-0.0020702882072917757,0.0032789099999999995,0.027383011321390708,10.202506528282592,1376,209,5.954
port5,0.3,0.35,22,-0.002130377967155806,0.0033308699999999997,0.025899229901304905,6.483240325326196,1401,184,6.922
port5,0.3,0.35,25,-0.00202878026186943,0.003200719999999997,0.02656587649163035,11.263459943052842,1357,228,6.001
port5,0.3,0.35,23,-0.002078121465247775,0.0032606499999999986,0.026098118371013192,8.832460139483114,1400,185,6.681
port5,0.3,0.35,24,-0.0021268867520946575,0.0033374399999999997,0.02641472114215494,7.233714730922293,1362,223,6.353
port5,0.3,0.35,26,-0.002045684695799376,0.0031897899999999996,0.024977877158305777,6.619420282774829,1381,204,6.179
port5,0.3,0.35,27,-0.002094819833523229,0.0033069399999999995,0.02708247689784978,9.0510879373451,1390,195,6.242
port5,0.3,0.35,28,-0.0021443451651382,0.0033691499999999996,0.026712034420325707,6.816363090038456,1397,188,5.914
port5,0.3,0.35,30,-0.0022088734707480834,0.0034618999999999987,0.026736774253944405,4.288783430433518,1376,209,5.461
port5,0.3,0.4,1,-0.002099096165375702,0.00329906,0.02647299470682641,8.393187722830524,1381,204,7.696
port5,0.3,0.35,29,-0.0020704666613891635,0.0032435499999999996,0.025821072699821274,8.778857615581833,1394,191,8.306
port5,0.3,0.4,2,-0.0021555485203487187,0.0033791199999999985,0.02644714727220308,6.128250434176451,1426,159,7.099
port5,0.3,0.4,3,-0.0021622583947727286,0.00338853,0.02643940274333436,5.854208568576916,1389,196,8.517
port5,0.3,0.4,8,-0.002098651540236912,0.0032989799999999995,0.026497450176893575,8.43376850247741,1419,166,6.43
port5,0.3,0.4,9,-0.002137713797530293,0.003365119999999999,0.026948729250789432,7.268011707318456,1392,193,6.332
port5,0.3,0.4,6,-0.002129292859143906,0.00341123,0.029358027911521006,8.71894882195021,1361,224,6.794
port5,0.3,0.4,4,-0.0020442577768840136,0.0031894899999999993,0.02505894538323498,6.971130764129486,1393,192,7.383
port5,0.3,0.4,5,-0.0021418845868224185,0.00334978,0.0260103449405284,6.173637654159017,1409,176,7.12
port5,0.3,0.4,7,-0.0020548904458687453,0.0032212299999999994,0.02581798818209597,9.40036699656505,1419,166,7.275
port5,0.3,0.4,11,-0.0020662519257063773,0.0032338600000000003,0.025654763969135953,8.644295149912436,1405,180,7.209
port5,0.3,0.4,10,-0.002091903750120757,0.0032872699999999993,0.02640613879885015,8.614487753103472,1405,180,7.821
port5,0.3,0.4,13,-0.0020733441285653562,0.00324887,0.02587565596171065,8.738771048515288,1369,216,5.967
port5,0.3,0.4,12,-0.002046143722820325,0.003232211678583373,0.026857925719610588,10.807743376456994,1400,185,6.142
port5,0.3,0.4,14,-0.002069355499795162,0.0032408299999999997,0.025769846733785465,8.7508629071461,1391,194,6.073
port5,0.3,0.4,15,-0.001958205902254589,0.0031184499999999983,0.02736841840183741,14.579869872175905,1381,204,5.567
port5,0.3,0.4,19,-0.0020846845947727803,0.003325919999999998,0.02848738932856773,10.156579906963184,1360,225,5.874
port5,0.3,0.4,16,-0.0021168065577570785,0.0033187599999999996,0.026225016189567376,7.434946612918443,1378,207,6.379
port5,0.3,0.4,17,-0.0021374487927062124,0.0033881499999999995,0.027943765392527607,7.882729935062878,1405,180,6.394
port5,0.3,0.4,20,-0.002129275156984939,0.0033314,0.025993899477573645,6.65656384328298,1396,189,6.202
port5,0.3,0.4,18,-0.0021711800821242054,0.00341285,0.026945309911979982,5.94790272571871,1402,183,6.485
port5,0.3,0.4,21,-0.0021346433325549075,0.00335505,0.026701539746182695,7.190768608685644,1406,179,6.544
port5,0.3,0.4,22,-0.002204052768315999,0.0034549299999999993,0.026733139962974824,4.475984571768434,1412,173,5.723
port5,0.3,0.4,23,-0.0020196308313833004,0.00322422,0.028126095155963825,12.534234460534355,1394,191,5.456
port5,0.3,0.4,25,-0.002054260431935367,0.0032205000000000003,0.02582566992126462,9.436339781527463,1407,178,5.714
port5,0.3,0.4,24,-0.0020036195100365728,0.00317621,0.02706335098513775,12.622111908290098,1399,186,6.524
port5,0.3,0.4,26,-0.0018547859277041239,0.0029754900000000008,0.02757154767121813,18.71754454125676,1415,170,6.271
port5,0.3,0.4,27,-0.0020503194836170423,0.003255069999999999,0.02758196973767203,11.092374305557984,1411,174,5.715
port5,0.3,0.4,28,-0.0021033766459867655,0.00332992,0.02754192888507958,8.99994076467243,1419,166,5.426
port5,0.3,0.4,30,-0.0021385709199242724,0.0033562214856536396,0.02650686200673802,6.859856199972586,1386,199,5.417
port5,0.3,0.4,29,-0.002163911287148882,0.0033943399999999987,0.02659114594817337,5.935079448147575,1371,214,5.732
port5,0.5,0.1,4,-0.0013250224709477191,0.0033695999999999995,0.02682452344599174,6.968645956169828,1281,304,5.789
port5,0.5,0.1,3,-0.0013587451770809974,0.0034255999999999996,0.026610329683001,5.098779293767975,1301,284,6.611
port5,0.5,0.1,5,-0.0013882884633187424,0.00349038,0.02671709328056694,3.471201697306583,1318,267,5.895
port5,0.5,0.1,6,-0.0013246132398647566,0.0033567399999999982,0.02659912630652528,6.989291452111534,1326,259,5.845
port5,0.5,0.1,7,-0.0013239510998669134,0.00330699,0.025672705355419274,6.680204750859582,1336,249,6.375
port5,0.5,0.1,8,-0.0013124581874818697,0.0033369099999999976,0.02668320867205177,7.665398252656366,1308,277,5.284
port5,0.5,0.1,9,-0.0013264741601516313,0.0033485899999999994,0.026375019994243354,6.858598616056822,1294,291,5.278
port5,0.5,0.1,10,-0.0013719689336692585,0.00344626,0.026501360958665558,4.352224786933358,1302,283,5.921
port5,0.5,0.1,11,-0.0013530689617180015,0.00335383,0.02544979521654342,4.841839159101417,1298,287,5.805
port5,0.5,0.1,12,-0.0012939098233944995,0.0033311099999999982,0.027263351833752943,8.622141745272232,1311,274,5.216
port5,0.5,0.1,13,-0.0013099526985585858,0.0032684000000000003,0.025465557187755162,7.154175480243389,1299,286,5.218
port5,0.5,0.1,14,-0.001276976769196658,0.0032615397254839983,0.02660049223399226,9.629194161848162,1317,268,5.412
port5,0.5,0.1,15,-0.001285708987774178,0.0032247499999999993,0.02556036041317969,8.424533904829032,1284,301,5.66
port5,0.5,0.1,17,-0.0013920544932741633,0.0035006199999999994,0.02676772335204608,3.2655880967835023,1298,287,5.841
port5,0.5,0.1,18,-0.0013651449673107434,0.00339444,0.025771109122009347,4.428532922985569,1329,256,5.851
port5,0.5,0.1,16,-0.0012991113696514517,0.0033535246973573933,0.027482757468174298,8.282668622029483,1319,266,6.192
port5,0.5,0.1,19,-0.0012908335824959442,0.0032908300000000002,0.026630111434391555,8.861983617390527,1290,295,5.999
port5,0.5,0.1,20,-0.001292680537589333,0.003331409999999998,0.027313896185299752,8.678071117581124,1304,281,5.945
port5,0.5,0.1,21,-0.0013676669793859322,0.003448399999999999,0.026703296448718366,4.61114907816298,1333,252,6.233
port5,0.5,0.1,23,-0.0013198774196165348,0.003347880000000001,0.02661062120219916,7.252342906744246,1294,291,5.378
port5,0.5,0.1,22,-0.001297562717752337,0.0033400199999999995,0.027292756630566385,8.41521996133472,1311,274,6.15
port5,0.5,0.1,25,-0.001314597131006076,0.003310539999999999,0.026102600215071433,7.445784586656932,1295,290,5.353
port5,0.5,0.1,24,-0.001358044894119689,0.003386599999999999,0.02589421193550059,4.908229490931361,1301,284,6.273
port5,0.5,0.1,26,-0.001350577979409767,0.00340486,0.026527420552712365,5.543010823968248,1296,289,5.923
port5,0.5,0.1,27,-0.0012886062985188124,0.0032071099999999996,0.02509775693089673,6.801647397297361,1325,260,6.618
port5,0.5,0.1,29,-0.0012419854258762125,0.0032632581260686267,0.027915717334795493,11.247507368236706,1281,304,5.553
port5,0.5,0.1,30,-0.0013250139911209677,0.00333707,0.026211486370636528,6.900457156104436,1294,291,5.478
port5,0.5,0.1,28,-0.0013532579386249966,0.0034192899999999993,0.026697829925857387,5.408115597173044,1324,261,5.94
port5,0.5,0.15,3,-0.0013574443137339349,0.003374669999999999,0.02568620977357559,4.800299491053356,1313,272,5.83
port5,0.5,0.15,4,-0.0013294674616565055,0.0033379500000000006,0.02605791773505682,6.595982897739072,1308,277,6.187
port5,0.5,0.15,5,-0.0013616703358055391,0.0033841999999999995,0.02570718437302929,4.577823284805025,1295,290,5.329
port5,0.5,0.15,6,-0.0012961213296633239,0.0033363900000000003,0.027279064145849144,8.49733281235595,1339,246,5.572
port5,0.5,0.15,7,-0.0012386710549524378,0.0033194999999999995,0.029019956755569502,10.857130702092288,1326,259,5.66
port5,0.5,0.15,8,-0.0012468996137311363,0.00312471,0.025117937266776656,8.419356063002647,1315,270,5.496
port5,0.5,0.15,9,-0.0013858922965201707,0.003481099999999999,0.026632975931346062,3.5970460319734605,1316,269,5.648
port5,0.5,0.15,10,-0.001379935290407963,0.0034700399999999993,0.026649004093663112,3.9284371446400836,1312,273,6.91
port5,0.5,0.15,13,-0.0013349156140348639,0.0033523499999999996,0.02612506022826115,6.318360800516841,1307,278,5.649
port5,0.5,0.15,12,-0.0013271647340723563,0.0033908199999999993,0.027138359048683964,6.819396174372647,1319,266,5.847
port5,0.5,0.15,14,-0.001252791961677522,0.0031965599999999993,0.026286423808592824,10.944940885816122,1321,264,5.97
port5,0.5,0.15,11,-0.0013192009750674282,0.0033177499999999995,0.026064306049943933,7.173167263472689,1322,263,7.602
port5,0.5,0.15,17,-0.0013383290007844915,0.0033681499999999986,0.026296235442188592,6.1813477243485115,1319,266,5.984
port5,0.5,0.15,18,-0.0013668974955019513,0.00344036,0.026581290581837762,4.644139080705315,1320,265,5.658
port5,0.5,0.15,15,-0.0013067039928056083,0.0033205199999999995,0.026591577884525448,7.981461061406349,1329,256,7.85
port5,0.5,0.15,21,-0.0013163063166431693,0.0033764299999999997,0.027273015357925874,7.3914183294099605,1319,266,5.786
port5,0.5,0.15,20,-0.0013540523734087606,0.00336391,0.02560869487464129,4.930238373878947,1316,269,6.825
port5,0.5,0.15,16,-0.0013034559828168921,0.0033838099999999992,0.027872890671156014,7.919696707563379,1319,266,8.728
port5,0.5,0.15,19,-0.001199061845528542,0.00316327,0.027661278150926363,13.689057274948798,1314,271,7.589
port5,0.5,0.15,24,-0.0013145610838178202,0.003347509999999999,0.026802757924593478,7.547256550321793,1300,285,5.465
port5,0.5,0.15,25,-0.0013695947733577264,0.003403819999999999,0.025780427717253765,4.184527233831946,1306,279,5.825
port5,0.5,0.15,22,-0.0012070342664991843,0.00315798,0.027274740457090173,13.385134300979795,1310,275,6.52
port5,0.5,0.15,26,-0.0013195634464355042,0.003329509999999999,0.026275142380755817,7.221742574239234,1318,267,5.44
port5,0.5,0.15,23,-0.0013448096747479535,0.0033604999999999998,0.025901363873435175,5.655692067138543,1315,270,7.616
port5,0.5,0.15,29,-0.0012799585946414412,0.0031924199999999996,0.025149608559918317,7.302576906651717,1309,276,5.319
port5,0.5,0.15,28,-0.0013685514733689185,0.0034481200000000003,0.02666490302367822,4.55994187889398,1326,259,6.482
port5,0.5,0.15,30,-0.0012723938777436004,0.0033216464916672513,0.02787218570869622,9.610496617335032,1282,303,5.181
port5,0.5,0.15,27,-0.0013037631570794906,0.00329869,0.02628999212325897,8.105634901039243,1319,266,7.28
port5,0.5,0.2,3,-0.001315034634018553,0.0033616,0.027046824803715754,7.499677776670655,1334,251,6.055
port5,0.5,0.2,4,-0.0013605722789368237,0.00342921,0.02660949909574309,4.9974706265047795,1324,261,6.044
port5,0.5,0.2,6,-0.001299865161626705,0.003302262626258377,0.026505325936591825,8.354906084541101,1331,254,5.477
port5,0.5,0.2,5,-0.0013447374270049244,0.0033537299999999996,0.025773147770308355,5.579088520596806,1320,265,6.205
port5,0.5,0.2,7,-0.0013190695204208904,0.0033458599999999987,0.026603025376039802,7.296712572997067,1320,265,6.198
port5,0.5,0.2,8,-0.001300742996948932,0.0033354099999999996,0.027091031839007816,8.27946381888685,1311,274,6.221
port5,0.5,0.2,9,-0.0013140626158100654,0.00334151,0.026709263718415543,7.5767338359788905,1355,230,5.533
port5,0.5,0.2,10,-0.0013013809329519921,0.0033331,0.027024768899955753,8.254152189827618,1302,283,6.32
port5,0.5,0.2,11,-0.0013434813199747855,0.00335111,0.02577105663434134,5.648389948343756,1325,260,5.359
port5,0.5,0.2,13,-0.0013314572764091279,0.003369529999999999,0.026582239318419798,6.60879492222769,1313,272,5.174
port5,0.5,0.2,14,-0.0013326367544967607,0.00341225,0.027330870659502928,6.483958440549794,1340,245,5.356
port5,0.5,0.2,12,-0.0013633905169279802,0.0034249999999999997,0.026423833297688645,4.815116792232181,1332,253,6.201
port5,0.5,0.2,15,-0.001367159551833213,0.00341495,0.026088903701259162,4.500751544946418,1363,222,5.908
port5,0.5,0.2,17,-0.001255526008667162,0.003198039999999999,0.026210455598208806,10.777456180438765,1354,231,5.455
port5,0.5,0.2,18,-0.001357637251871665,0.0034183,0.026514627967532747,5.149584584061613,1343,242,5.457
port5,0.5,0.2,16,-0.0013593970259746307,0.0034207100000000004,0.026493696383304812,5.048968449097595,1353,232,6.004
port5,0.5,0.2,19,-0.0013083918991912621,0.0032715499999999994,0.025588399747101715,7.495356264327421,1305,280,5.18
port5,0.5,0.2,20,-0.0012776243811135407,0.0033033299999999997,0.02735107379561027,9.494175493303715,1322,263,5.427
port5,0.5,0.2,21,-0.0013261883877911202,0.00336731,0.026738235252494875,6.906069216994947,1347,238,5.422
port5,0.5,0.2,23,-0.0013321820009373686,0.003366990000000001,0.026507093354897742,6.5613807128491874,1304,281,5.276
port5,0.5,0.2,24,-0.0013564359512689447,0.003415549999999999,0.026508076079981933,5.215354323747624,1315,270,5.08
port5,0.5,0.2,22,-0.001294221432025305,0.0032886,0.026460482534326348,8.663993440689238,1345,240,5.772
port5,0.5,0.2,25,-0.0013083581085291313,0.00330402,0.026216479224749793,7.831220731724383,1314,271,5.545
port5,0.5,0.2,26,-0.0013602911300901618,0.0033847400000000007,0.025771258017793328,4.701960220387206,1336,249,5.996
port5,0.5,0.2,28,-0.001343119535020098,0.0033438799999999996,0.025644510717886666,5.576695496361196,1332,253,5.267
port5,0.5,0.2,27,-0.0012814455215332092,0.0032909099999999993,0.026981826419528766,9.357848106153032,1316,269,5.986
port5,0.5,0.2,29,-0.001340512641613415,0.00341362,0.027066486967709164,6.0952391284893945,1348,237,6.201
port5,0.5,0.2,30,-0.0013175794499710113,0.003325939999999998,0.026282714853263826,7.334169250772723,1356,229,6.105
port5,0.5,0.25,3,-0.0012750685790382291,0.00325749,0.02659610576613692,9.734885265087202,1340,245,5.367
port5,0.5,0.25,5,-0.001351830155310486,0.00336205,0.02565910538929658,5.096256495181133,1331,254,5.202
port5,0.5,0.25,4,-0.0013353633205849104,0.0034057199999999992,0.027110760941555644,6.372770633341895,1358,227,5.86
port5,0.5,0.25,7,-0.001351258200706515,0.0033582399999999997,0.025607100550178848,5.0868490306811465,1331,254,5.541
port5,0.5,0.25,6,-0.0012050867894256617,0.0032720599999999994,0.02935790219257289,12.442883108064452,1365,220,6.24
port5,0.5,0.25,8,-0.0013010407851973633,0.0033067799999999987,0.02654615658820071,8.292794989514874,1338,247,6.485
port5,0.5,0.25,9,-0.0013635968179751237,0.00342879,0.026487664375134185,4.814845191430537,1330,255,6.542
port5,0.5,0.25,10,-0.0012058269079982305,0.0031425899999999994,0.027035831483487593,13.512167599554434,1362,223,6.953
port5,0.5,0.25,11,-0.001346876585957415,0.00339949,0.026565707746739397,5.752509734840674,1352,233,6.666
port5,0.5,0.25,14,-0.0012600071470599953,0.0032887699999999986,0.027726444162207455,10.339974964623568,1364,221,5.744
port5,0.5,0.25,13,-0.0012976864347936773,0.0032821299999999994,0.026206051408265325,8.423779660400516,1364,221,5.912
port5,0.5,0.25,12,-0.0013360767599155284,0.0033371999999999976,0.02578849511252919,6.076838536266156,1348,237,6.543
port5,0.5,0.25,15,-0.0012943906657648825,0.0032619899999999998,0.025946265019656196,8.509476340859502,1352,233,6.45
port5,0.5,0.25,18,-0.0013774336012158592,0.0034628600000000003,0.026608134048976103,4.063078258145118,1332,253,6.732
port5,0.5,0.25,16,-0.0013683419295498632,0.00344284,0.0265735985688855,4.563196995051455,1359,226,8.341
port5,0.5,0.25,17,-0.0012721836577572459,0.0032585799999999996,0.026724757893861417,9.892825943024759,1360,225,7.928
port5,0.5,0.25,19,-0.0013275938653289794,0.0033522099999999996,0.026401179317258563,6.801069422528205,1351,234,6.389
port5,0.5,0.25,20,-0.0013617719312611248,0.00342365,0.02645951884441117,4.911591895008835,1351,234,7.184
port5,0.5,0.25,23,-0.001326233880271168,0.0033356999999999996,0.026138711511045524,6.808589983727357,1352,233,6.202
port5,0.5,0.25,25,-0.0012873532560531132,0.0032082100000000004,0.025169495185517202,7.08581023569558,1342,243,5.991
port5,0.5,0.25,24,-0.001212581515938817,0.0031878299999999996,0.027616425694183634,12.96818846739185,1323,262,6.235
port5,0.5,0.25,21,-0.0013327825213706134,0.0033858399999999993,0.026837938766954013,6.539633426108046,1334,251,8.154
port5,0.5,0.25,22,-0.001266574216670227,0.0032242799999999986,0.02628938125288506,10.177532446968689,1345,240,7.313
port5,0.5,0.25,26,-0.0013402368696920674,0.0033868000000000006,0.026576799292162046,6.121642666344714,1315,270,6.889
port5,0.5,0.25,27,-0.0012664681313733278,0.0032332700000000003,0.02646381940033117,10.205888345205512,1339,246,6.723
port5,0.5,0.25,28,-0.0012405851179606202,0.00316928,0.026231846371896114,11.615465019210035,1327,258,5.659
port5,0.5,0.25,30,-0.001338226090452109,0.0033800599999999994,0.02652560685631494,6.228129375065538,1349,236,5.572
port5,0.5,0.25,29,-0.0012840443064576872,0.0032330899999999992,0.02578762081085854,9.005157256740318,1354,231,6.11
port5,0.5,0.3,3,-0.0013222531574252573,0.003299559999999999,0.025594016588833507,6.715963276996532,1376,209,6.968
port5,0.5,0.3,4,-0.001201895357968606,0.003119179999999999,0.02674676212297083,13.777609839921888,1376,209,5.872
port5,0.5,0.3,8,-0.0012524823808859886,0.0031733,0.02585218053139856,10.670812167577227,1357,228,5.553
port5,0.5,0.3,5,-0.001306572120888761,0.0032662200000000002,0.02555534695954014,7.571860292550129,1383,202,6.292
port5,0.5,0.3,6,-0.0011451801187084018,0.0030383999999999975,0.027350315584709323,16.751958780406785,1362,223,6.894
port5,0.5,0.3,7,-0.0013098251805811218,0.003291399999999999,0.02591813339802378,7.629006186701253,1393,192,7.56
port5,0.5,0.3,11,-0.001195934449770373,0.0030865499999999995,0.026356803684423755,14.119353520725491,1366,219,6.22
port5,0.5,0.3,9,-0.001235282918969031,0.0032380300000000002,0.027703143541156813,11.69691501573321,1354,231,7.277
port5,0.5,0.3,10,-0.0012661520149385899,0.003182579999999998,0.025500509213010197,8.988494627205993,1362,223,7.097
port5,0.5,0.3,12,-0.0013381618899118088,0.00338266,0.02657698666471392,6.236690995386665,1378,207,5.786
port5,0.5,0.3,13,-0.0013690126460928508,0.0034468299999999997,0.02662338648283306,4.531152422719457,1363,222,6.0
port5,0.5,0.3,14,-0.0012988848350960784,0.003287659999999998,0.02626576345374032,8.372010122289607,1371,214,6.479
port5,0.5,0.3,16,-0.0012678487052759364,0.003336649999999999,0.02830110579903419,9.67210322937274,1369,216,7.303
port5,0.5,0.3,15,-0.0011681896249019351,0.0030412399999999997,0.026549213739697264,15.661368330291381,1354,231,7.962
port5,0.5,0.3,18,-0.0013270205730973586,0.0033283799999999997,0.02596803523190158,6.6905130483339486,1369,216,6.369
port5,0.5,0.3,20,-0.0013412141179516947,0.00335111,0.025858881725562128,5.8323111553312,1364,221,6.271
port5,0.5,0.3,17,-0.0013354735030541656,0.0033591099999999994,0.02623286095513924,6.323286036305024,1377,208,8.446
port5,0.5,0.3,21,-0.0012953127147856038,0.0032551099999999994,0.02577759822847722,8.364807005505853,1364,221,6.818
port5,0.5,0.3,19,-0.001271066654982871,0.00324057,0.02642795281580202,9.947144340459765,1343,242,7.712
port5,0.5,0.3,24,-0.0012994181773492966,0.0032730700000000003,0.025966009421961755,8.237163485858897,1369,216,6.473
port5,0.5,0.3,25,-0.0011899221497608972,0.003106950998282261,0.026964916071823147,14.403102747126507,1361,224,6.619
port5,0.5,0.3,23,-0.0013184821989328233,0.0033158099999999998,0.026054665650020407,7.209433918625468,1348,237,7.736
port5,0.5,0.3,22,-0.0013100117515394238,0.00330402,0.026153326689374572,7.719820166374869,1374,211,8.285
port5,0.5,0.3,26,-0.0013097976653386853,0.003311999999999999,0.02631358336150036,7.774602672591572,1377,208,7.045
port5,0.5,0.3,27,-0.0013462219113744886,0.0034390500000000004,0.027324095177169598,5.740667160415868,1352,233,6.204
port5,0.5,0.3,28,-0.0013336731682241092,0.0033459600000000003,0.02605021427074606,6.357212507179354,1364,221,7.331
port5,0.5,0.3,29,-0.001368328973599993,0.0034401099999999997,0.02652267054427239,4.5574282772282855,1356,229,6.967
port5,0.5,0.3,30,-0.001318741474407182,0.0033263999999999993,0.026247229400179276,7.260428111222034,1360,225,6.335
port5,0.5,0.35,6,-0.0012653903797979478,0.0032293999999999995,0.02643140632664301,10.262975425521391,1367,218,6.175
port5,0.5,0.35,4,-0.0012913110284925068,0.0033284299999999985,0.027309484488268643,8.75420501924956,1367,218,6.811
port5,0.5,0.35,9,-0.0012671617396480435,0.0032011699999999997,0.025823371598300487,9.97534952139028,1393,192,6.337
port5,0.5,0.35,10,-0.0013249210858943276,0.0033581500000000003,0.026614053208997405,6.973084505992169,1365,220,6.084
port5,0.5,0.35,7,-0.0012957788010773434,0.0032785599999999994,0.026210730585874798,8.531494342412199,1381,204,7.667
port5,0.5,0.35,3,-0.0012784316773873739,0.003275039999999999,0.026798817981867236,9.543218691606738,1379,206,8.986
port5,0.5,0.35,5,-0.0013465810368675393,0.0033528199999999994,0.02568380669341912,5.411413574681712,1377,208,8.837
port5,0.5,0.35,8,-0.0012297587567937016,0.00312109,0.025721051425099176,11.089305713620302,1388,197,8.467
port5,0.5,0.35,13,-0.0013041310396333507,0.0033143799999999996,0.026572879421193678,8.123057288839247,1358,227,5.564
port5,0.5,0.35,11,-0.0013545056822533259,0.0033751599999999994,0.02580985539466171,5.053789883543303,1370,215,7.509
port5,0.5,0.35,12,-0.0012890956778972508,0.0033001393386254373,0.02686908972836512,8.948869552225466,1384,201,6.212
port5,0.5,0.35,15,-0.0012857098518968251,0.0032866199999999988,0.026743228978684478,9.144041585389282,1353,232,5.949
port5,0.5,0.35,14,-0.0012939542867167453,0.0033250899999999997,0.027151085182115817,8.642375136161084,1390,195,6.895
port5,0.5,0.35,16,-0.001327418818749101,0.003364029999999999,0.026630665829111323,6.835585513090582,1389,196,6.365
port5,0.5,0.35,17,-0.0012706724148011308,0.0031874999999999994,0.025419582419814412,8.548689219078177,1372,213,6.26
port5,0.5,0.35,20,-0.0013434218863985184,0.00344095,0.02746099465064883,5.864214340251542,1356,229,5.964
port5,0.5,0.35,18,-0.0013103574891787195,0.0034026199999999986,0.02796256464708772,7.510791810138979,1388,197,7.105
port5,0.5,0.35,19,-0.0012907303198975216,0.0032788599999999998,0.026408319905002593,8.851766113838956,1367,218,7.303
port5,0.5,0.35,22,-0.001268651440467884,0.00322217,0.02616996597369267,10.03480466012587,1367,218,6.122
port5,0.5,0.35,21,-0.0012786649321789437,0.00324306,0.026186449466128713,9.480142905435658,1390,195,7.025
port5,0.5,0.35,23,-0.0012573629420473038,0.003205989999999999,0.02629190209751646,10.691177599999236,1397,188,5.764
port5,0.5,0.35,25,-0.0013535696503296129,0.0034047600000000006,0.026412510280940247,5.35884807532147,1385,200,5.624
port5,0.5,0.35,24,-0.0013136112810663953,0.003336389999999999,0.026630197856328603,7.600350657044642,1392,193,5.9
port5,0.5,0.35,26,-0.001318822526467842,0.00333021,0.02631662871768184,7.2726406382432405,1383,202,5.753
port5,0.5,0.35,27,-0.0012790245933266063,0.0032810699999999988,0.026889046345060025,9.502564349845803,1380,205,6.18
port5,0.5,0.35,28,-0.0013192500697156511,0.0033290099999999986,0.026277554311021717,7.239815017509713,1394,191,5.918
port5,0.5,0.35,29,-0.0012419995932533802,0.0031772200000000006,0.02632908683363781,11.55248036400618,1372,213,5.769
port5,0.5,0.35,30,-0.001328015972348615,0.0033443899999999996,0.026236578574630697,6.740278724781417,1366,219,6.504
port5,0.5,0.4,3,-0.0013351191903798673,0.0033247899999999998,0.025584206441479976,5.980461290226507,1390,195,6.035
port5,0.5,0.4,5,-0.001229597835818694,0.00310226,0.025358713065978183,9.865705846699047,1382,203,5.828
port5,0.5,0.4,6,-0.001176893567932076,0.0030843075273957626,0.027028140733901973,15.10655223261298,1410,175,5.906
port5,0.5,0.4,7,-0.0013551559354604346,0.0034183799999999995,0.02660954958429643,5.297582693206025,1380,205,5.723
port5,0.5,0.4,4,-0.0012925180948972878,0.00330101,0.02675768693675565,8.767131358877386,1380,205,6.366
port5,0.5,0.4,8,-0.0013183236807293502,0.0033411,0.02654152668068096,7.3337898118780815,1380,205,5.755
port5,0.5,0.4,9,-0.001321242639243934,0.0033659200000000005,0.026896741838225165,7.173160132598607,1388,197,6.572
port5,0.5,0.4,10,-0.0012957281695160968,0.00335665,0.02766213406387522,8.413633469490518,1379,206,5.97
port5,0.5,0.4,12,-0.0012373012982055441,0.0031997471509412636,0.026928508212119277,11.798362348997193,1381,204,5.882
port5,0.5,0.4,11,-0.001312936669447149,0.003336949999999999,0.026666020721241888,7.638668337611525,1375,210,6.549
port5,0.5,0.4,13,-0.0013394065724041913,0.003390269999999997,0.026673148580391003,6.173655190192681,1364,221,6.261
port5,0.5,0.4,14,-0.0013038909453193764,0.00331249,0.026546338906923622,8.134720383578596,1388,197,6.492
port5,0.5,0.4,17,-0.0013499498189443648,0.00338939,0.026258148489778747,5.523452884437235,1384,201,6.399
port5,0.5,0.4,18,-0.0013129788450788433,0.0033313499999999985,0.026559222688970246,7.6316625591062035,1390,195,6.243
port5,0.5,0.4,15,-0.0012359689496287633,0.0031142999999999995,0.025344863399562316,9.587672613959844,1402,183,7.298
port5,0.5,0.4,19,-0.001321384293967651,0.0032977299999999996,0.025592213895337328,6.763658107976764,1382,203,6.679
port5,0.5,0.4,20,-0.0013111356110718515,0.0032774422840913097,0.0255963095376581,7.346377314326582,1370,215,6.595
port5,0.5,0.4,21,-0.0013652357730170042,0.00344037,0.026643919643438194,4.741987135253019,1349,236,6.539
port5,0.5,0.4,16,-0.0013497113043747545,0.00339349,0.02634515878203224,5.559328098616505,1413,172,8.478
port5,0.5,0.4,22,-0.001241273732513771,0.00314745,0.025785704081379243,10.877943908923747,1407,178,6.359
port5,0.5,0.4,23,-0.0012831286481627493,0.0032791999999999986,0.026700986941955916,9.288171072717034,1389,196,6.545
port5,0.5,0.4,25,-0.0013207446594879551,0.0033335499999999994,0.02630704622385586,7.163481591245337,1373,212,7.279
port5,0.5,0.4,24,-0.0013197722434690397,0.003326679999999998,0.026213269789591657,7.193458060007239,1414,171,8.77
port5,0.5,0.4,26,-0.0013047657677346355,0.00324487,0.02520592121964062,6.527647025105483,1373,212,6.715
port5,0.5,0.4,28,-0.001270536068958671,0.0032498500000000003,0.026622882302310136,9.986274712534371,1368,217,6.227
port5,0.5,0.4,27,-0.0013067455857161995,0.00332452,0.02666512382434406,7.981377992350512,1409,176,6.426
port5,0.5,0.4,30,-0.0010869085618054144,0.002849149999999999,0.025987167533018486,17.209372779941972,1398,187,6.147
port5,0.7,0.1,1,-0.0004484409857511337,0.0028459,0.02406328009492787,8.586650057160854,1303,282,5.996
port5,0.5,0.4,29,-0.0013139637313911603,0.0033073499999999997,0.02606573492571577,7.466808897215118,1411,174,7.025
port5,0.7,0.1,2,-0.00047362399680710756,0.0030701411206663248,0.02528179297983856,10.110725440664583,1311,274,6.222
port5,0.7,0.1,4,-0.0005242406515562667,0.0032443999999999997,0.025328677943157456,7.055741458044408,1313,272,6.03
port5,0.7,0.1,5,-0.0005603407360307693,0.0033696220039226843,0.02537000098952744,4.194713369167375,1292,293,5.775
port5,0.7,0.1,3,-0.0004885412134599731,0.0031586638807937434,0.025608535150223148,9.905441786115604,1287,298,7.129
port5,0.7,0.1,6,-0.0005169469860860222,0.00326323747916774,0.025691139597264715,7.954352203032346,1284,301,6.462
port5,0.7,0.1,8,-0.0005495223303949804,0.003328266622674374,0.025325245913552407,5.256751272387318,1302,283,5.872
port5,0.7,0.1,9,-0.0005305238082110723,0.0031495597628163493,0.024329409617457772,4.578388940014402,1269,316,5.711
port5,0.7,0.1,7,-0.0005084561561658787,0.0031579499999999996,0.025040790831707287,7.481997942900675,1310,275,6.275
port5,0.7,0.1,11,-0.0005312255627520329,0.0032599700000000005,0.025263339821283877,6.4713158662834065,1279,306,5.695
port5,0.7,0.1,10,-0.0005088488661087556,0.0031118400000000003,0.024631661793345933,6.547211733313845,1296,289,6.093
port5,0.7,0.1,12,-0.0005455667953550887,0.0033205791667913157,0.0253717208910772,5.59340018632988,1303,282,5.792
port5,0.7,0.1,13,-0.0005461967829578897,0.0033144629314478384,0.025302233003558685,5.534086466561955,1291,294,5.536
port5,0.7,0.1,15,-0.0005360228307983751,0.0032399276437912973,0.02495583133512412,5.566807337951489,1309,276,5.802
port5,0.7,0.1,14,-0.000519434099260698,0.00328715,0.025821112644481517,7.552739497442568,1317,268,6.838
port5,0.7,0.1,17,-0.0005327821158026748,0.0033086999999999995,0.025630001510432068,6.538034752166498,1308,277,6.407
port5,0.7,0.1,16,-0.0005375705482612955,0.0033869140679009878,0.02614529928001265,5.389885216157657,1326,259,6.767
port5,0.7,0.1,19,-0.000544509232723474,0.0033721998680123167,0.025833276648546073,5.186305122016707,1294,291,5.578
port5,0.7,0.1,21,-0.000548246767945,0.0033544842670601874,0.025581760024703328,5.135125770499448,1279,306,5.663
port5,0.7,0.1,22,-0.0004723507972501841,0.00307657,0.025372093858912228,10.388090909800955,1300,285,5.685
port5,0.7,0.1,18,-0.0004975414246086814,0.0032443142976441596,0.026070039308550744,9.238288793504838,1251,334,6.194
port5,0.7,0.1,20,-0.0004761034041891974,0.0033022333634004745,0.027112638192519974,9.220207843429085,1303,282,6.051
port5,0.7,0.1,25,-0.0004882937294199228,0.0030354199999999996,0.02456281366444805,7.58328898275951,1292,293,5.691
port5,0.7,0.1,23,-0.0005326781374396934,0.003237175476297471,0.025027827525420814,5.924910372112795,1310,275,6.236
port5,0.7,0.1,24,-0.0005110490392468731,0.00316361,0.02501525136943253,7.267897485126033,1312,273,6.307
port5,0.7,0.1,26,-0.0005550939206744534,0.0033557973698816234,0.025400936155133953,4.665533391278914,1306,279,6.766
port5,0.7,0.1,27,-0.0005354184135283398,0.0033548740869108027,0.025940696447994637,5.8931202522816895,1320,265,6.41
port5,0.7,0.1,28,-0.0004895293716671141,0.0033223000000000003,0.026916819710595348,8.403975827296787,1324,261,6.724
port5,0.7,0.1,29,-0.0005423092738548873,0.0032577217804992684,0.024928677126522764,5.1049847954019905,1332,253,7.36
port5,0.7,0.1,30,-0.0005275159696031859,0.0032655099999999997,0.025414760345594853,6.998479298485236,1291,294,6.427
port5,0.7,0.15,4,-0.0005353357738610414,0.003365734295097184,0.026032521272661844,5.769811581198921,1285,300,6.505
port5,0.7,0.15,5,-0.0005480092428098288,0.00341748457650476,0.026110647257436663,4.47113909489996,1307,278,6.042
port5,0.7,0.15,1,-0.0005445411644789902,0.0033661004361032936,0.02578174787247749,5.24911631027069,1321,264,6.864
port5,0.7,0.15,2,-0.0005412293419999974,0.00330163387076156,0.02533379502416459,5.928042882462793,1319,266,7.005
port5,0.7,0.15,6,-0.0005443162047415557,0.003352798956277711,0.025677212858924374,5.39750572820858,1302,283,6.539
port5,0.7,0.15,3,-0.0005386273454143747,0.0032320371432040893,0.024813124336782864,5.115122916085243,1336,249,7.638
port5,0.7,0.15,7,-0.0005238751227382814,0.003292192760802412,0.025739982947670083,7.241867596599645,1325,260,7.391
port5,0.7,0.15,9,-0.0005500944956956199,0.003325893646280481,0.02528900377037207,5.230155632862169,1311,274,5.984
port5,0.7,0.15,8,-0.0005000807648695549,0.0032425898113381266,0.025986155064679106,9.130238134868046,1301,284,6.521
port5,0.7,0.15,10,-0.0005186391007937774,0.0033003925037157983,0.0259526670889515,7.444996005741049,1311,274,6.383
port5,0.7,0.15,11,-0.0005303444500474724,0.0032534599999999997,0.025233015502724877,6.472593847930393,1333,252,6.391
port5,0.7,0.15,12,-0.0005182201935876238,0.0032287021508816726,0.02536562498672108,7.521103041848694,1315,270,6.577
port5,0.7,0.15,15,-0.0005308476736891755,0.00324625,0.0251574279377689,6.295594908251266,1306,279,6.126
port5,0.7,0.15,13,-0.0005506801735926541,0.003305737876640258,0.025100972929334362,4.871583539411386,1307,278,6.352
port5,0.7,0.15,14,-0.000517905039655809,0.003171595383090727,0.024887563597433535,6.572955111772333,1292,293,6.854
port5,0.7,0.15,18,-0.0005046689284698175,0.003321446159996315,0.02650511863042623,7.82219630755699,1311,274,5.997
port5,0.7,0.15,19,-0.0005075847646870182,0.0033255599999999995,0.026459760157453698,7.636328297095219,1314,271,5.945
port5,0.7,0.15,17,-0.0005092464991914381,0.003149168157792701,0.024942904749687047,7.222599817615929,1307,278,7.633
port5,0.7,0.15,16,-0.0005069856515537558,0.0032715699999999993,0.026035287823760727,8.41128803242977,1314,271,7.948
port5,0.7,0.15,20,-0.0005314131721156897,0.0032674408575083386,0.02532133727953596,6.566530656954461,1315,270,5.993
port5,0.7,0.15,21,-0.0005202095088073773,0.0033301417042728098,0.02615429498939121,6.991996502152433,1305,280,6.052
port5,0.7,0.15,22,-0.0004929185917535649,0.0031097333456810063,0.025071367047768054,8.486965129204394,1305,280,7.114
port5,0.7,0.15,23,-0.000506292647594354,0.0031147399999999995,0.02473081803296232,6.924847538728094,1320,265,6.256
port5,0.7,0.15,24,-0.0005501849008286306,0.003412885249596225,0.026013201979276295,4.411717724829262,1313,272,5.596
port5,0.7,0.15,26,-0.0005353630936592373,0.0032398262292605076,0.024973837027660848,5.644946222500013,1327,258,6.248
port5,0.7,0.15,28,-0.0005231587715234329,0.0033568600000000006,0.026292291876315804,6.489079692405445,1301,284,5.514
port5,0.7,0.15,27,-0.0005190494016377462,0.0031779400317769554,0.024909338693273265,6.548366908452633,1304,281,5.837
port5,0.7,0.15,25,-0.0005527248627196379,0.0033359782380475516,0.02530015834774353,4.972043114041086,1325,260,6.613
port5,0.7,0.15,29,-0.0005525881228518158,0.003333038145158303,0.025279108276985082,5.000478376394867,1299,286,5.448
port5,0.7,0.15,30,-0.0005406525704015774,0.0033128049544236945,0.0254443065740938,5.992590577388066,1334,251,5.653
port5,0.7,0.2,1,-0.0004951728135021976,0.0031145499999999994,0.025048301524905333,8.300903960915589,1324,261,5.579
port5,0.7,0.2,2,-0.0005392030093469157,0.0033832311051650125,0.026070408024715035,5.352707086512637,1332,253,5.562
port5,0.7,0.2,3,-0.0005303890435485517,0.003200433088855579,0.024777319211272984,5.5638975035761185,1338,247,6.066
port5,0.7,0.2,5,-0.0005346703474830323,0.0033196762622669787,0.025669117943470557,6.314344465439389,1316,269,5.414
port5,0.7,0.2,4,-0.00047858643085247005,0.0031699186992597502,0.025977715145470773,11.151069080957313,1345,240,5.871
port5,0.7,0.2,6,-0.0005246311390567084,0.0033406945854768735,0.026119976935735652,6.634754264168668,1337,248,5.675
port5,0.7,0.2,8,-0.00046727284212475553,0.0031792999999999995,0.026363317531189992,11.548972982767635,1329,256,5.367
port5,0.7,0.2,7,-0.0005497959715202252,0.003317816183238023,0.02522892001117488,5.1597666911410265,1340,245,5.827
port5,0.7,0.2,9,-0.0005555781011437885,0.0033606014172495504,0.02542783413143604,4.595845046334622,1356,229,5.654
port5,0.7,0.2,11,-0.0005464179474383086,0.0032464,0.024712693457923075,4.413598581690178,1312,273,5.378
port5,0.7,0.2,10,-0.0005387797190469792,0.003393281908393792,0.02616444843870505,5.247205191840683,1329,256,5.839
port5,0.7,0.2,12,-0.0005116700806590496,0.0032347310303839864,0.0255999226688605,8.394751569051879,1313,272,5.382
port5,0.7,0.2,13,-0.0005211096054527286,0.0031860473231555423,0.02492000319576722,6.442567237672464,1342,243,5.458
port5,0.7,0.2,14,-0.00047904628502994497,0.0031642800000000002,0.02591849077864944,11.128224207293758,1318,267,5.486
port5,0.7,0.2,15,-0.0005480796670527274,0.0033789894766595896,0.02579083934670131,4.905703092944533,1345,240,5.857
port5,0.7,0.2,16,-0.0005525989161709189,0.0033284141174473826,0.02523957547365689,4.9867448749953756,1353,232,5.559
port5,0.7,0.2,17,-0.0005018942135716814,0.00316648,0.025299626943277774,8.433565759552135,1327,258,5.571
port5,0.7,0.2,18,-0.0005090994429158818,0.0031566200000000006,0.025011042049580493,7.378787361525852,1319,266,5.561
port5,0.7,0.2,19,-0.0005303553304744609,0.003320913349918365,0.025799188096334927,6.557621690425356,1326,259,5.427
port5,0.7,0.2,22,-0.00043789470076634695,0.00282749,0.024211930330599218,9.568203474750701,1329,256,5.268
port5,0.7,0.2,21,-0.0005206548373773725,0.00317108027389045,0.02480406777669924,6.224911608110053,1338,247,5.547
port5,0.7,0.2,20,-0.0005115167341952234,0.003250499999999999,0.02573583565505434,8.40790349037104,1339,246,6.148
port5,0.7,0.2,23,-0.0005478271680284332,0.003310222058066934,0.02522015773689335,5.278261682757428,1329,256,6.098
port5,0.7,0.2,24,-0.0005146327427699524,0.003252861550325288,0.025668928474704148,8.199536840943928,1346,239,5.893
port5,0.7,0.2,26,-0.0005185587927949342,0.003209915424225902,0.02519682050443316,7.169268435885111,1342,243,5.698
port5,0.7,0.2,25,-0.0005330370569593345,0.0032650299999999995,0.025255040318452576,6.335618229220858,1361,224,5.927
port5,0.7,0.2,27,-0.0005426889475896691,0.0033366398133421633,0.025587468931183036,5.652798218523939,1333,252,6.534
port5,0.7,0.2,28,-0.000528116910116979,0.0032826140487145286,0.025541767040823258,7.07703584886774,1321,264,7.469
port5,0.7,0.2,30,-0.0005329409636999768,0.0032637999999999994,0.02524732054524438,6.327608050464028,1329,256,6.846
port5,0.7,0.2,29,-0.0005198858525083192,0.003139035815197448,0.024548054681464367,5.70637611363476,1308,277,7.191
port5,0.7,0.25,1,-0.0005271676427495223,0.0032564999999999994,0.025348495510454646,6.899373026610202,1341,244,6.969
port5,0.7,0.25,2,-0.0004911749765209183,0.00307554,0.02482760627892962,8.037334519901533,1354,231,7.819
port5,0.7,0.25,3,-0.000529657250726518,0.003367651029950043,0.0262035455141501,6.03315809809637,1351,234,7.853
port5,0.7,0.25,5,-0.0005526210922361489,0.003328283779825211,0.02523784125111152,4.9822116151070315,1336,249,7.123
port5,0.7,0.25,4,-0.000512058618597639,0.0032912899999999997,0.026058406414447444,7.902550087473653,1352,233,7.89
port5,0.7,0.25,7,-0.0005461193045407186,0.003399454105504604,0.026014197417966727,4.789855051718411,1358,227,7.202
port5,0.7,0.25,6,-0.0005121443055958808,0.0032595331412446854,0.025793566107448603,8.273151221727018,1345,240,7.984
port5,0.7,0.25,8,-0.0004709549188794409,0.0031227830638917062,0.02579811732577375,11.390884196524542,1349,236,7.939
port5,0.7,0.25,9,-0.0004878738572028237,0.0031319806693970104,0.02540304660064783,9.517496797955745,1347,238,7.075
port5,0.7,0.25,10,-0.0004086910425982629,0.00279919,0.02481548932771446,12.788577890331352,1346,239,6.201
port5,0.7,0.25,11,-0.0005174292529129022,0.0032695364935982248,0.02573024055094276,7.859734698623632,1346,239,6.665
port5,0.7,0.25,13,-0.0005066592857913561,0.0031576317771296043,0.02508927623358307,7.695989670619718,1326,259,5.97
port5,0.7,0.25,12,-0.000550398334920654,0.003381761380466374,0.02574962077998871,4.7391990277222185,1353,232,7.411
port5,0.7,0.25,14,-0.0005617379341148097,0.0033882946014377213,0.025488104965608317,3.9573372255685433,1350,235,5.933
port5,0.7,0.25,16,-0.0004748946840283129,0.0031337500000000003,0.025780122907046246,11.110289575714143,1342,243,6.056
port5,0.7,0.25,15,-0.0005078305934384808,0.0032192999999999996,0.025577875667445744,8.606119597687565,1337,248,6.433
port5,0.7,0.25,19,-0.0005459393251948,0.003317412695359015,0.025334462226464374,5.58924391936593,1341,244,5.884
port5,0.7,0.25,20,-0.0005147879250852838,0.0031660499999999992,0.024929244871799983,6.85406207594693,1350,235,5.957
port5,0.7,0.25,17,-0.0005466489600142628,0.0033071384867433516,0.02522732605752123,5.370984401159971,1337,248,7.704
port5,0.7,0.25,18,-0.0004818763673416379,0.00321529,0.026259981303941835,10.379391980549972,1336,249,7.616
port5,0.7,0.25,21,-0.0005579192534867715,0.0033716335349211514,0.025455024959708673,4.349478879396181,1347,238,6.255
port5,0.7,0.25,24,-0.00046252933993607955,0.002979949149600881,0.024826696602769743,9.70624622990312,1317,268,6.198
port5,0.7,0.25,23,-0.0005400108490064224,0.0032915557599128456,0.02528285356203266,5.919538422613551,1352,233,6.283
port5,0.7,0.25,22,-0.0005612917260176154,0.003361908643277166,0.025277908677214984,4.174395723114647,1341,244,7.311
port5,0.7,0.25,27,-0.0005342312517538641,0.003212207148287186,0.024768381132065816,5.303611536464383,1342,243,6.4
port5,0.7,0.25,26,-0.0005278925569537434,0.003275443340057701,0.02548782468618433,7.105632790646023,1352,233,6.982
port5,0.7,0.25,28,-0.0005282886811513905,0.003269685946378723,0.025428249272981707,6.97132151511887,1307,278,6.518
port5,0.7,0.25,25,-0.0005580182503161178,0.0033555757210089075,0.025316693137322727,4.457066035686193,1366,219,7.715
port5,0.7,0.25,30,-0.0005162460632018907,0.003300207355617226,0.026016921512279474,7.5747054339084094,1336,249,6.925
port5,0.7,0.25,29,-0.0005367426432913861,0.00329447,0.025399616327490743,6.349407655390589,1366,219,7.334
port5,0.7,0.3,3,-0.0005413594517335988,0.0032529922192837167,0.024915233838285606,5.140823964987555,1355,230,6.529
port5,0.7,0.3,2,-0.00046977200583261475,0.003068882903879402,0.025379768808223336,10.560114963009168,1367,218,7.339
port5,0.7,0.3,1,-0.0005240838838616705,0.00322244,0.025146658856122116,6.7144067797301314,1361,224,7.968
port5,0.7,0.3,5,-0.0005443018000840016,0.00323471,0.024672460063688093,4.46810787529968,1344,241,6.191
port5,0.7,0.3,4,-0.0005039434567188859,0.00323767,0.025838994432034974,8.980266998364451,1359,226,6.279
port5,0.7,0.3,8,-0.000514215638057504,0.0030660199999999996,0.024071036595356556,4.907907759591943,1345,240,5.918
port5,0.7,0.3,7,-0.00045465577087696647,0.00299778,0.02520425783539173,11.060071751159562,1369,216,6.366
port5,0.7,0.3,6,-0.00048500895925130425,0.003282399999999999,0.026718400314301737,9.22492458583365,1365,220,7.635
port5,0.7,0.3,9,-0.0004986863519386396,0.0032726099999999996,0.026270479033681248,8.799416669502026,1350,235,6.091
port5,0.7,0.3,10,-0.000538946825980353,0.0032904293760611216,0.02530335908920236,6.028263582005335,1360,225,6.225
port5,0.7,0.3,13,-0.0005149046809849183,0.00324886,0.025627923359800953,8.223811352223745,1336,249,5.842
port5,0.7,0.3,12,-0.00050645101869943,0.00310781,0.02466611270840364,6.76727462798393,1360,225,6.805
port5,0.7,0.3,11,-0.0005014481895811761,0.0030951899999999994,0.024701324730780374,7.142204243334059,1378,207,7.409
port5,0.7,0.3,14,-0.0005157055967911306,0.0032836399999999996,0.0258950189145345,7.800840876516396,1372,213,6.794
port5,0.7,0.3,15,-0.00047494491245051856,0.0030614988873418807,0.025170979711679472,9.782491813995684,1362,223,7.252
port5,0.7,0.3,17,-0.0005361483896742718,0.003346711882028697,0.02585302344668353,5.943841298482975,1373,212,6.898
port5,0.7,0.3,16,-0.0005390631830192673,0.003314760000000001,0.0255053164480532,6.08222613614363,1382,203,6.942
port5,0.7,0.3,18,-0.0005522399874671764,0.003328838451249768,0.025253332111334594,5.035236157364403,1359,226,5.849
port5,0.7,0.3,21,-0.000525225728249003,0.0033333375191336627,0.02604324775366368,6.697227398329352,1371,214,5.966
port5,0.7,0.3,22,-0.00048455512359285715,0.003088290000000001,0.025126305976211568,9.109135871000454,1351,234,6.192
port5,0.7,0.3,19,-0.0005171971355669336,0.0032579199999999997,0.025639781156662073,7.99372466406947,1365,220,6.85
port5,0.7,0.3,20,-0.0005285460357503024,0.0032908985482746123,0.02559920558845755,6.972446491632175,1342,243,7.341
port5,0.7,0.3,23,-0.0004775887489821715,0.0031441004407322002,0.02579150976685071,10.965936403235213,1342,243,6.412
port5,0.7,0.3,24,-0.0005452184889730565,0.003399369996683557,0.026038227667138363,4.8391875452614945,1344,241,6.461
port5,0.7,0.3,25,-0.0004742565721122506,0.00310291,0.025540344216489822,10.640766282974674,1367,218,6.606
port5,0.7,0.3,27,-0.0005078633151714945,0.0031194523746603314,0.02472628437301387,6.821881122247933,1354,231,6.364
port5,0.7,0.3,26,-0.0004920882971704853,0.003150258967255495,0.02543870484703416,9.33360788960216,1376,209,7.467
port5,0.7,0.3,28,-0.0005413213024959408,0.0032943052924234227,0.02526913094868028,5.806395223748025,1367,218,6.6
port5,0.7,0.3,29,-0.0005312110106533694,0.003228056106790072,0.024991593483285314,5.948121653250286,1353,232,6.72
port5,0.7,0.3,30,-0.0005086167890791954,0.0031057100000000002,0.024585018984297987,6.45313878595334,1363,222,6.276
port5,0.7,0.35,2,-0.0005168923064094784,0.0032318499999999997,0.02542952989820304,7.730069513983741,1390,195,6.727
port5,0.7,0.35,1,-0.0004881659942352883,0.00309926,0.025117211110105123,8.8731981619926,1387,198,7.677
port5,0.7,0.35,4,-0.0005190049147320641,0.0032580999999999995,0.025590876869583706,7.8811502497964225,1376,209,7.141
port5,0.7,0.35,3,-0.0005385103380900232,0.0033147765701631087,0.025520933507302522,6.118282476981182,1377,208,7.923
port5,0.7,0.35,5,-0.0005529386814903262,0.0033276492992966957,0.025223461535944285,4.93543888027917,1376,209,6.419
port5,0.7,0.35,7,-0.0005351649203476887,0.003315406246259722,0.02561966191173792,6.325525025208349,1375,210,6.509
port5,0.7,0.35,6,-0.0005008782237621033,0.0031379544609279357,0.025085798900011634,8.041612341685626,1374,211,7.468
port5,0.7,0.35,8,-0.0005012311890056232,0.003229006355323784,0.025842122800672114,9.230090478356011,1367,218,5.992
port5,0.7,0.35,9,-0.0005248608238777729,0.0032778799999999995,0.025593056427817833,7.3267528211645025,1373,212,6.269
port5,0.7,0.35,11,-0.0005293190641780113,0.0032764200000000004,0.02545603873970039,6.952324071267273,1361,224,6.101
port5,0.7,0.35,10,-0.0004856948666673112,0.0031972899999999985,0.026008024402718717,10.440546363296145,1385,200,6.908
port5,0.7,0.35,12,-0.0005063421074500485,0.003170910068865311,0.02521141785579204,7.972601965556651,1364,221,6.843
port5,0.7,0.35,13,-0.000516395210470451,0.00322915,0.025420739270174922,7.745924425802139,1383,202,6.447
port5,0.7,0.35,14,-0.0005452731122197926,0.003323697555012965,0.02540630276931008,5.590727336238572,1363,222,6.503
port5,0.7,0.35,16,-0.0005151506840184221,0.00334552,0.02641712961539425,7.013047765343263,1381,204,6.259
port5,0.7,0.35,15,-0.0004686709863447835,0.00318372,0.026361362788727014,11.422906610496986,1404,181,7.282
port5,0.7,0.35,17,-0.0004709397913999198,0.0029292827262653474,0.024137848953745544,7.517559578876697,1365,220,7.284
port5,0.7,0.35,18,-0.0005077385430614304,0.0031431285089141762,0.02493419939454422,7.295052463939507,1359,226,6.466
port5,0.7,0.35,19,-0.0005096643411527983,0.0032260799999999992,0.0255834672855957,8.496311043632348,1369,216,8.051
port5,0.7,0.35,22,-0.0005202865952128627,0.0032690373048626627,0.025646625961488197,7.694689247151689,1405,180,6.722
port5,0.7,0.35,21,-0.0005229386569605382,0.00321354,0.025103310625136446,6.701966784900231,1373,212,7.286
port5,0.7,0.35,20,-0.0004943935842414333,0.003201999999999999,0.025807153375941732,9.91951792340522,1387,198,8.58
port5,0.7,0.35,25,-0.0005042397814347672,0.0032576299999999996,0.0259958573228569,8.727284977628669,1396,189,6.423
port5,0.7,0.35,24,-0.0005170444459823216,0.0032232699999999994,0.02535284019078613,7.5731673051798225,1372,213,7.563
port5,0.7,0.35,23,-0.0005184555279020471,0.00322129,0.025296286347941985,7.371760031651821,1389,196,7.931
port5,0.7,0.35,26,-0.0005459032908036164,0.003329864160856796,0.02544057382139861,5.499441050651801,1391,194,6.714
port5,0.7,0.35,28,-0.0005364126840855085,0.003349309575223913,0.02586724869354698,5.9001348326414655,1394,191,6.47
port5,0.7,0.35,30,-0.0005222594170549433,0.003211693700202011,0.025106877060326948,6.752593009861438,1351,234,6.294
port5,0.7,0.35,27,-0.000487802771890996,0.003207696056547417,0.026035855635566155,10.200500328284257,1354,231,7.73
port5,0.7,0.35,29,-0.0004948132680061095,0.00317454,0.025566404630013154,9.423805592401596,1371,214,6.484
port5,0.7,0.4,2,-0.0004600332536376997,0.0030033605330187594,0.025099086672851777,10.498438278296787,1372,213,6.312
port5,0.7,0.4,1,-0.0005136354124662494,0.00326876,0.025828903730227466,8.085780148624194,1397,188,6.704
port5,0.7,0.4,6,-0.0004864010210848579,0.00321589,0.026141537251637956,10.160717780985925,1387,198,6.385
port5,0.7,0.4,5,-0.0004951906435997427,0.0032006499999999993,0.025773861521212783,9.805432097567651,1394,191,6.523
port5,0.7,0.4,3,-0.00048745999486295535,0.0030003099910244115,0.02427912102563989,6.940490944788962,1406,179,8.212
port5,0.7,0.4,4,-0.0005106671642288525,0.003258242803734839,0.025823734290421382,8.371060549076521,1418,167,7.666
port5,0.7,0.4,8,-0.0005231141113902372,0.003178168079110556,0.02479447842746242,6.052831173033083,1399,186,6.501
port5,0.7,0.4,7,-0.0005170698992869237,0.00315129,0.0247362400628562,6.295786991161198,1408,177,7.659
port5,0.7,0.4,9,-0.0005527279403385494,0.0033285992284248075,0.02523749557953385,4.974286763309268,1403,182,6.397
port5,0.7,0.4,10,-0.0005298783716479773,0.0032638159914618434,0.025333953100549127,6.692136357767645,1398,187,6.276
port5,0.7,0.4,12,-0.0005384685695080155,0.003368649594260203,0.02597048623699178,5.566478170388991,1381,204,6.645
port5,0.7,0.4,11,-0.0005463071095719943,0.0033027911312454913,0.025200063202915443,5.345399875629528,1400,185,8.527
port5,0.7,0.4,13,-0.0004716634429448762,0.00332192,0.027383847091073957,9.02565131465381,1388,197,6.623
port5,0.7,0.4,14,-0.00048642702401542414,0.0032215399999999997,0.02618710085913554,10.081928665188943,1394,191,7.226
port5,0.7,0.4,16,-0.0005108029194419268,0.00331123,0.02625604911411773,7.698514062485159,1393,192,6.887
port5,0.7,0.4,15,-0.0005390955704361143,0.003339354439158531,0.025710219238700874,5.8488810100195225,1394,191,7.056
port5,0.7,0.4,17,-0.0005271550545898051,0.0032391900000000003,0.025202095871182596,6.623000106582164,1378,207,6.888
port5,0.7,0.4,18,-0.0005172879049065997,0.00323676,0.02545977485854332,7.761249385489815,1392,193,7.217
port5,0.7,0.4,19,-0.0005212579685108812,0.0031030283988371958,0.024191218924592032,4.794311561059569,1401,184,6.971
port5,0.7,0.4,20,-0.0005027005486091338,0.00310249,0.02472842353564781,7.13093924403867,1407,178,7.235
port5,0.7,0.4,21,-0.00048008129311235995,0.0031986599999999986,0.026172960607893456,10.696346308870927,1400,185,6.973
port5,0.7,0.4,22,-0.0005408068238635801,0.0033053768212616243,0.025377330224178634,6.033584307881751,1394,191,6.689
port5,0.7,0.4,23,-0.0005063053521572813,0.0031676499999999997,0.0251847359622768,7.9193094150553875,1383,202,7.846
port5,0.7,0.4,24,-0.0005307717576880134,0.003227385682081708,0.024998398432599614,5.989905941747251,1375,210,6.849
port5,0.7,0.4,25,-0.0005226263115342463,0.0032326119652333497,0.025274416145178412,7.058018530446034,1376,209,6.764
port5,0.7,0.4,26,-0.0005415595125679751,0.0033556688808439534,0.025777652328136908,5.534070339638408,1401,184,6.373
port5,0.7,0.4,27,-0.0005165894844860594,0.00307258,0.024058990464331062,4.743314818178437,1399,186,6.706
port5,0.7,0.4,29,-0.0005199391246104429,0.0033316599999999993,0.026174111402287707,6.9851600069692985,1398,187,6.792
port5,0.7,0.4,30,-0.0005383258251013929,0.0032185422807202105,0.024705027224510696,4.914307412443541,1426,159,6.478
port5,0.7,0.4,28,-0.0005372325883917955,0.0032937080594792802,0.02537940192507044,6.280262460884408,1375,210,7.915
port5,0.9,0.1,2,0.00019012390948018284,0.0024294689225345233,0.021936038377611374,5.233862414176466,1288,297,6.891
port5,0.9,0.1,4,0.00017693661057140316,0.002116172399764013,0.02077802927634552,3.8015556672251702,1278,307,6.831
port5,0.9,0.1,1,0.00017722766402685975,0.0023777622623709443,0.021473598525319774,3.745777773068945,1300,285,8.446
port5,0.9,0.1,3,0.00016628911407720858,0.002352787948496704,0.021123128685739477,2.3962465616804804,1304,281,7.284
port5,0.9,0.1,7,0.00017196093012142563,0.0022763413317302326,0.021071177346593847,3.1790596199716137,1294,291,7.146
port5,0.9,0.1,6,0.000208876083468384,0.0023693280179843783,0.022256307102752337,7.649854340356982,1332,253,7.484
port5,0.9,0.1,8,0.00017721956548601652,0.002061368212896763,0.020638593480706985,3.7836246687290713,1279,306,6.981
port5,0.9,0.1,5,0.00017225896911764432,0.002324379942428908,0.021205265681495642,3.1840599234367155,1316,269,8.488
port5,0.9,0.1,10,0.00017325418685134905,0.0018364323244354386,0.019913630711285085,2.7137316531786353,1301,284,7.191
port5,0.9,0.1,9,0.0001812429186542704,0.002291208584964098,0.021353214099747247,4.358074599394042,1316,269,7.769
port5,0.9,0.1,11,0.00019276647174150193,0.0016602968179255163,0.019966531817409226,4.881276342507821,1272,313,7.473
port5,0.9,0.1,13,0.00020438278946886183,0.002164518713765157,0.021623923501667662,7.391865242918126,1281,304,6.659
port5,0.9,0.1,12,0.00017501785700716643,0.001866771045386523,0.02004702697674808,3.062588488250306,1293,292,8.396
port5,0.9,0.1,16,0.00017177538358561253,0.0020701890297736324,0.020515422019191525,3.056337000770057,1299,286,7.295
port5,0.9,0.1,14,0.0001878108830023959,0.0020180539391524022,0.020806416662965514,5.160887143850315,1284,301,7.961
port5,0.9,0.1,15,0.00018432820748259,0.0016516410215450588,0.019705958197602624,3.601249129290427,1304,281,9.713
port5,0.9,0.1,17,0.00016233099400051157,0.002151984341834068,0.020481141140731778,1.8731502998212184,1293,292,7.34
port5,0.9,0.1,20,0.00016623271823065726,0.0020901258981596764,0.020419089871072032,2.328726690872173,1306,279,6.985
port5,0.9,0.1,18,0.00018133540963562801,0.0023542450748138977,0.021518981727174365,4.294813557453851,1285,300,7.255
port5,0.9,0.1,19,0.00017704826662847737,0.0022367015740939866,0.021100774710313783,3.851600842795337,1294,291,8.534
port5,0.9,0.1,22,0.00018850131023612047,0.0021653933834862946,0.021214267960364946,5.346025405050128,1302,283,7.517
port5,0.9,0.1,24,0.00016879517439951025,0.0020447469353948957,0.020365271854556714,2.6103026015193334,1316,269,7.88
port5,0.9,0.1,23,0.0001741128493834506,0.0021897142019768343,0.020898810959827197,3.4677212936755377,1305,280,9.166
port5,0.9,0.1,29,0.00018605715595101612,0.0020480032407470586,0.020839531878558807,4.95961450783273,1311,274,6.564
port5,0.9,0.1,21,0.0001660487505514237,0.002054538876748855,0.02031700541763829,2.249031452517033,1290,295,11.662
port5,0.9,0.1,26,0.00017363101144949981,0.002394786918412578,0.021424536901276887,3.26982337026746,1292,293,9.376
port5,0.9,0.1,25,0.00017402515006863543,0.002328156249936266,0.02126135709743702,3.4052543175704924,1298,287,9.729
port5,0.9,0.1,27,0.00018699271244588202,0.0019909129606192825,0.020711886241367407,5.0122388797425375,1307,278,9.303
port5,0.9,0.15,1,0.0001701338394127897,0.0021358000833857018,0.02064821347535261,2.9075088880950655,1312,273,7.314
port5,0.9,0.1,28,0.00017162121012579358,0.002216082442474008,0.020902670067965385,3.145661834699676,1310,275,8.056
port5,0.9,0.1,30,0.00017989432130807853,0.002355981019782292,0.02148623392071997,4.11186068946403,1316,269,8.707
port5,0.9,0.15,2,0.00019276213809643725,0.0026044468431041944,0.022440212476882174,5.009231970696777,1318,267,7.642
port5,0.9,0.15,3,0.00017477875590581784,0.002339001397216031,0.021309332739629493,3.4893012306821594,1342,243,6.891
port5,0.9,0.15,4,0.00020002677626541324,0.001886553847063569,0.020781459711637466,6.60735773889022,1321,264,6.622
port5,0.9,0.15,6,0.00017510723829219265,0.002251929720271933,0.02108976082050207,3.5956390537249936,1342,243,6.828
port5,0.9,0.15,9,0.00017672196212989056,0.0020677128386001457,0.02064227716739241,3.7240797468476905,1326,259,6.959
port5,0.9,0.15,5,0.0001804396556213485,0.002274626212383964,0.02128907588568332,4.269215772505019,1324,261,9.902
port5,0.9,0.15,11,0.00016855589666914055,0.002040814799244393,0.02034801045676019,2.5707223090751405,1318,267,7.411
port5,0.9,0.15,7,0.0001762754149128685,0.002016482407324949,0.02049183185904307,3.589821307057661,1315,270,8.451
port5,0.9,0.15,8,0.00017656556539882582,0.002309848527448486,0.02127989186855554,3.7459837842352375,1323,262,8.974
port5,0.9,0.15,12,0.00019263815081818877,0.0021481697684049674,0.021277403968077535,5.8832198884289255,1305,280,8.025
port5,0.9,0.15,10,0.0001738065596317225,0.001992957113691062,0.02036069937133323,3.20739349280213,1285,300,9.321
port5,0.9,0.15,13,0.00018547815057745764,0.0022302900000000002,0.021304854704384934,4.94150489979953,1293,292,7.64
port5,0.9,0.15,15,0.00019099663799602808,0.0019907851412639516,0.020818665559818702,5.555176457690912,1310,275,7.616
port5,0.9,0.15,16,0.00016482909705297196,0.0020820541131341347,0.02035885033772196,2.1253707988789907,1320,265,7.082
port5,0.9,0.15,14,0.0001931985934053088,0.0017522191162733097,0.020232550919321395,5.291771501999586,1302,283,8.614
port5,0.9,0.15,17,0.00017709282333512998,0.0021204198755471375,0.02079355698527374,3.8257239498878466,1320,265,7.265
port5,0.9,0.15,20,0.00016537735462345015,0.0020298338657836756,0.020230909827451262,2.1117450613642066,1304,281,6.74
port5,0.9,0.15,19,0.0001745529548187365,0.00207295696860079,0.02059796785226951,3.436945183665424,1291,294,6.89
port5,0.9,0.15,18,0.00017350780820564986,0.002245262553281047,0.021029980280377357,3.3901969100334894,1303,282,7.763
port5,0.9,0.15,22,0.0001913051560847803,0.0020308950544304124,0.020933616280673254,5.645413246514277,1300,285,6.843
port5,0.9,0.15,23,0.00017939026817456933,0.0020087247652799604,0.02055514925220997,4.003498122939267,1315,270,6.864
port5,0.9,0.15,21,0.00017772185503980883,0.0021259266848404207,0.020825052314829604,3.913560623164042,1324,261,8.297
port5,0.9,0.15,24,0.00017018029500270382,0.0020627093879534075,0.020451873964614925,2.828340841753331,1326,259,7.675
port5,0.9,0.15,26,0.0001729048378223066,0.0020430720258984474,0.020472530115909826,3.1710397909989134,1299,286,7.146
port5,0.9,0.15,25,0.0001812074717982424,0.0021938160936157843,0.02109736900815994,4.397428303682111,1336,249,8.116
port5,0.9,0.15,27,0.00016631602046022082,0.0023359448006547478,0.021079492417610677,2.4147439909407464,1294,291,7.141
port5,0.9,0.15,28,0.00018172173777276845,0.0022916164231832053,0.021366728551420754,4.418563462412367,1323,262,7.546
port5,0.9,0.15,29,0.00016991159101116882,0.002078986766334857,0.020488757558032606,2.8146528723195106,1324,261,7.597
port5,0.9,0.2,2,0.00017059794693157754,0.001946303642102514,0.02014470735955308,2.656580768554998,1335,250,7.103
port5,0.9,0.15,30,0.00018119003090127925,0.002253800349041422,0.021254282334663272,4.378738813581966,1316,269,7.312
port5,0.9,0.2,1,0.0001762070798817295,0.002326316425303202,0.021313499175979987,3.6841305242183755,1319,266,7.397
port5,0.9,0.2,3,0.00017169622274936612,0.0021653000614451547,0.020769267597793555,3.1374234974006336,1317,268,6.751
port5,0.9,0.2,4,0.0001941420021576841,0.0019973,0.02091974086725221,5.988109804862167,1355,230,7.088
port5,0.9,0.2,6,0.0001829628962147854,0.002153439182215263,0.02103718439220081,4.620244931735835,1307,278,6.404
port5,0.9,0.2,5,0.0001845434418682452,0.0017839847263837476,0.020081553572775298,4.159696465232394,1337,248,7.787
port5,0.9,0.2,7,0.00019676254869079702,0.001967481798919127,0.020910144496623578,6.301970084000063,1336,249,6.997
port5,0.9,0.2,9,0.00018985903095799998,0.00192508,0.02061194451331557,5.2878864319787,1349,236,6.753
port5,0.9,0.2,8,0.00019241364614227665,0.00222422,0.021469245345694866,5.832639574666593,1345,240,7.084
port5,0.9,0.2,10,0.00017049724493540462,0.002121005058248154,0.020618162186669307,2.9426517781078947,1341,244,7.571
port5,0.9,0.2,15,0.0001746578805876942,0.0020249742174202646,0.02047099037743467,3.3821662601707367,1321,264,6.984
port5,0.9,0.2,13,0.000192582483597766,0.001898173420419336,0.020612828412307268,5.607119944345578,1318,267,7.602
port5,0.9,0.2,12,0.00018777284490168098,0.0018286955545311514,0.020293469128838143,4.759973435126587,1327,258,7.857
port5,0.9,0.2,11,0.00018761467211181662,0.0015534649203195422,0.019520962070547272,3.602435542463569,1344,241,8.621
port5,0.9,0.2,16,0.00017594657872865296,0.0020642300707523955,0.020612013374186867,3.6148198191261525,1356,229,7.071
port5,0.9,0.2,14,0.00019675654459985588,0.00183417,0.020552738249571403,6.036024828402443,1321,264,8.214
port5,0.9,0.2,17,0.00020595672109582387,0.001519100911013095,0.019940656742699025,6.167258227311247,1346,239,6.994
port5,0.9,0.2,18,0.00018997832551374998,0.001978556368206511,0.020758772237683066,5.399186263981828,1339,246,7.666
port5,0.9,0.2,22,0.00019950416799346843,0.0018551358854046345,0.020683266358578964,6.468111089695429,1334,251,6.782
port5,0.9,0.2,20,0.00016781330454077576,0.0021061635043449515,0.02050554545524131,2.56416826381673,1340,245,8.18
port5,0.9,0.2,21,0.00018245550762411257,0.0023473000664522084,0.02152996656521462,4.4450990978908225,1336,249,8.437
port5,0.9,0.2,19,0.00017814687523861643,0.00206755112788354,0.02068015656578844,3.916412527492913,1324,261,8.861
port5,0.9,0.2,23,0.00017622028613711543,0.002217574880120564,0.02102849321355225,3.747017816832735,1354,231,6.802
port5,0.9,0.2,24,0.00018305504894678537,0.001967453310533572,0.02054264886090352,4.434052573689368,1329,256,6.953
port5,0.9,0.2,26,0.00017806899133067212,0.0019403670310494951,0.020333488918410806,3.68786064951017,1310,275,6.863
port5,0.9,0.2,27,0.0001747328084994123,0.0021770412102306985,0.020881595552130542,3.545098625719326,1340,245,7.064
port5,0.9,0.2,28,0.00018171366684296042,0.002227136090211192,0.0211981989765399,4.457925986510191,1327,258,6.916
port5,0.9,0.2,25,0.00018942670391230821,0.0020332883224079513,0.02089007037255056,5.396134966269312,1341,244,7.928
port5,0.9,0.2,29,0.00017929893716205398,0.001935766049912766,0.02035451198010272,3.8486892917825917,1337,248,7.507
port5,0.9,0.2,30,0.00018692575929429083,0.0022446110472133145,0.0213798156112936,5.118859748283335,1329,256,6.753
port5,0.9,0.25,4,0.00018075231744402515,0.0020420271727214258,0.020681581572773812,4.237352040114167,1347,238,7.079
port5,0.9,0.25,1,0.00017238110630717892,0.002085635367385079,0.020573571046522736,3.1583228366770584,1334,251,7.687
port5,0.9,0.25,2,0.00020463795262798436,0.0021141331737258035,0.02150067880066851,7.43821172536042,1349,236,8.223
port5,0.9,0.25,3,0.0001735788322745288,0.002336800463175827,0.02127227926439351,3.3396310469232353,1354,231,8.031
port5,0.9,0.25,5,0.0001699884718958029,0.0020684635477975265,0.020462291244453527,2.810517100477017,1348,237,6.777
port5,0.9,0.25,8,0.0002126715857509903,0.0016058411006231836,0.020364885241603407,7.544987869211215,1344,241,6.686
port5,0.9,0.25,7,0.0001939492199552766,0.0019707797926840835,0.02084405588660936,5.926199415176789,1347,238,7.07
port5,0.9,0.25,6,0.00018949608344105194,0.0016863831954573043,0.019948110547862875,4.511907308281776,1350,235,7.452
port5,0.9,0.25,9,0.00017129285003732853,0.0020505004838238935,0.020448930926136668,2.962027708364576,1379,206,6.99
port5,0.9,0.25,10,0.00017940577850070923,0.0020353354418187167,0.020627363775188985,4.0457578505025,1342,243,6.917
port5,0.9,0.25,11,0.00017844221736159483,0.002024709717867103,0.020572721668059624,3.8991331006981413,1343,242,7.18
port5,0.9,0.25,12,0.00018369892165128414,0.0016986941499879105,0.019820537515137484,3.714724757253619,1328,257,7.554
port5,0.9,0.25,14,0.0001904510919548669,0.002108450250351401,0.021115979125613405,5.588305803122081,1350,235,6.644
port5,0.9,0.25,13,0.00017494477084143526,0.0020311232210884047,0.02049544916832557,3.4313610715481158,1337,248,7.125
port5,0.9,0.25,15,0.0001852942727075958,0.0018327455096569603,0.020236623117322373,4.421108793500233,1343,242,7.534
port5,0.9,0.25,16,0.00017804780835972304,0.0023529592338090944,0.021430604588885193,3.8843795550518028,1345,240,7.627
port5,0.9,0.25,17,0.0002020907160436838,0.001687671391120592,0.0202993665789448,6.338427670947634,1336,249,6.618
port5,0.9,0.25,18,0.00019280460666084412,0.0023077100405730707,0.021694228897672585,5.7957537850521605,1357,228,6.983
port5,0.9,0.25,19,0.00017670639382881163,0.002104946384321814,0.020741826563224392,3.7612088772380528,1346,239,6.997
port5,0.9,0.25,21,0.00017648399952068097,0.00226835794640101,0.021169154556171844,3.765985601664511,1353,232,6.738
port5,0.9,0.25,22,0.00020487829066917953,0.0016727796234342362,0.020334870242806596,6.683495237575861,1315,270,6.863
port5,0.9,0.25,20,0.00018640576869775137,0.0016810057392593544,0.019846811740139542,4.037332710566494,1339,246,7.809
port5,0.9,0.25,23,0.0001758692506868548,0.0020537579800988465,0.02058168141000739,3.590616405961835,1314,271,7.139
port5,0.9,0.25,25,0.00016847850490030528,0.0018925168092033923,0.019936849907775313,2.207527780299405,1346,239,7.083
port5,0.9,0.25,24,0.00017025118545962436,0.002053179285628665,0.02042789797263892,2.823628771113355,1360,225,8.597
port5,0.9,0.25,26,0.0001745467556438449,0.0024727505800163536,0.02164927028910059,3.235107370085544,1318,267,7.245
port5,0.9,0.25,27,0.00018441967468242105,0.0021568746296424055,0.021084674203650112,4.812223844025145,1352,233,8.281
port5,0.9,0.25,29,0.00020245948827526516,0.0025048053800235063,0.02243360639451485,6.493382976434414,1342,243,7.703
port5,0.9,0.25,30,0.0001702268934573062,0.0021401365928182007,0.020662380005408817,2.9236629475571276,1329,256,6.863
port5,0.9,0.25,28,0.00018210312282586263,0.0020190180884197256,0.020656043820092816,4.389147891789455,1336,249,8.89
port5,0.9,0.3,2,0.00018511073106884085,0.0017828662636572238,0.020094149436937086,4.237288059124562,1355,230,7.24
port5,0.9,0.3,1,0.00017683314007663534,0.002062509122802501,0.020631261402619228,3.732729934865748,1360,225,7.685
port5,0.9,0.3,3,0.00016904919164190338,0.0020369608245006344,0.02035095613620502,2.6319821617073993,1345,240,7.472
port5,0.9,0.3,5,0.00018542623121212733,0.002036524019241224,0.0207920559919795,4.861864956622073,1369,216,8.394
port5,0.9,0.3,4,0.00017996148296770616,0.0019601088938596737,0.020438862013159406,3.993149648650114,1358,227,9.384
port5,0.9,0.3,6,0.00018667727758893746,0.0019035672573016096,0.0204676982182793,4.801113507677423,1364,221,7.887
port5,0.9,0.3,7,0.00018459371715719516,0.0021605268001856906,0.02109887825285095,4.835789315375959,1360,225,7.39
port5,0.9,0.3,8,0.0002195702618790253,0.0016532154945162732,0.02067988317532692,8.704610493618942,1384,201,8.912
port5,0.9,0.3,9,0.00017953679228858234,0.002132026122855684,0.020889641361055023,4.158595904607167,1347,238,6.905
port5,0.9,0.3,11,0.00018770680080622948,0.0021304054106236815,0.02110153606490394,5.235878029723098,1376,209,7.039
port5,0.9,0.3,14,0.00019675187212410208,0.001791579999999999,0.02043716310287332,5.919356240435178,1344,241,6.559
port5,0.9,0.3,13,0.00018418506837307577,0.0017812947465706405,0.020064189853515966,4.099073500860397,1372,213,7.01
port5,0.9,0.3,12,0.0001805703518329633,0.00211537543946993,0.020872839762607936,4.285255109049381,1348,237,7.697
port5,0.9,0.3,15,0.00017613099067504765,0.002292022322441647,0.021221928462984076,3.7054331076409306,1363,222,6.645
port5,0.9,0.3,10,0.00018149908781288823,0.0017866895388468072,0.020004667280344824,3.7313547961860705,1369,216,8.575
port5,0.9,0.3,16,0.00018043619573617143,0.0019503839640803596,0.020425327201083986,4.038708909317541,1350,235,6.493
port5,0.9,0.3,17,0.00018201388409201048,0.002197539265935529,0.021128385611293515,4.502334962426361,1358,227,7.416
port5,0.9,0.3,19,0.0001830615028237835,0.002195468834419419,0.021150476387220254,4.638645209317519,1382,203,6.725
port5,0.9,0.3,18,0.0001809034120765197,0.0022031402206873947,0.021113908900302847,4.357604414770996,1391,194,7.381
port5,0.9,0.3,21,0.0001910190610893372,0.0018500233777885976,0.020440194575835048,5.275182268227608,1355,230,6.703
port5,0.9,0.3,22,0.0001734595003107367,0.002137453512703267,0.02074192886083279,3.353739600749211,1362,223,7.133
port5,0.9,0.3,20,0.00018868933553364925,0.0019157970254127105,0.020555319346013044,5.1072125112478,1366,219,8.221
port5,0.9,0.3,23,0.0001782640470947727,0.0024101791124401728,0.021583995056491636,3.819945892606616,1360,225,7.033
port5,0.9,0.3,24,0.0001763310446197737,0.002056372000146358,0.02060119318643703,3.656801735370294,1369,216,7.155
port5,0.9,0.3,27,0.00020120162351235408,0.0021967330099873865,0.021624957919319177,6.969182346440578,1346,239,7.422
port5,0.9,0.3,26,0.00017413807149092023,0.001928365767543338,0.020192810828643774,3.1090726949483805,1367,218,8.16
port5,0.9,0.3,25,0.00018765913107623742,0.0022182218267664906,0.02133024232171794,5.227150388068615,1394,191,8.585
port5,0.9,0.3,28,0.00017996059994110778,0.002114171346558593,0.020853396595091785,4.203282046893961,1383,202,6.764
port5,0.9,0.3,29,0.00020389492327467894,0.002086622471702264,0.021410204484074755,7.340630324504783,1373,212,6.839
port5,0.9,0.3,30,0.0001878949728419422,0.0021850616504092285,0.02124986634945853,5.266602308879232,1356,229,6.902
port5,0.9,0.35,1,0.00019350642301457012,0.0019777600000000003,0.020850857243623504,5.876374474623455,1384,201,7.211
port5,0.9,0.35,2,0.00018904141036225,0.0017294670134794113,0.020055149289180653,4.6138676747149345,1386,199,7.576
port5,0.9,0.35,3,0.00017697328612921548,0.0022333072001925274,0.02108986081162826,3.842708863701999,1385,200,7.51
port5,0.9,0.35,5,0.00016948485822516513,0.002323602201132481,0.02113041721043685,2.830433248604066,1360,225,7.481
port5,0.9,0.35,6,0.0001764571268539952,0.0019903856774308114,0.020425901165950937,3.5685283558256526,1401,184,7.29
port5,0.9,0.35,4,0.00017524752690182134,0.0024664824695731892,0.021651168145523033,3.3347443526190474,1370,215,8.018
port5,0.9,0.35,7,0.0001962174734690702,0.0019173993544780573,0.020762075707535063,6.145532290304747,1369,216,7.861
port5,0.9,0.35,10,0.00020164309679746132,0.0016763399999999997,0.020256057990895276,6.2322189705953415,1378,207,7.422
port5,0.9,0.35,8,0.00017815164452922094,0.002198291490482958,0.02102857298422307,3.998881382889099,1382,203,7.891
port5,0.9,0.35,9,0.00017446541819912456,0.002034967535901909,0.02049287604644099,3.3718483639633647,1404,181,7.909
port5,0.9,0.35,11,0.00019992322732160473,0.0018148266891788386,0.02058602266478368,6.427979014844015,1375,210,7.346
port5,0.9,0.35,12,0.0001910275605593194,0.00226248,0.02153228997883358,5.626057509989132,1386,199,7.198
port5,0.9,0.35,13,0.00018155162833252296,0.002461424262111115,0.021799440730431455,4.115923346185241,1375,210,7.778
port5,0.9,0.35,14,0.00018387635318194216,0.0021931541147019043,0.021165794329849295,4.744658495627399,1401,184,7.267
port5,0.9,0.35,15,0.000199759202538787,0.0024532631868687434,0.022238243366518688,6.332523404944574,1393,192,6.923
port5,0.9,0.35,18,0.0001833752025491572,0.0023901451660068287,0.021663838768013595,4.489263926970215,1386,199,6.977
port5,0.9,0.35,16,0.00017834159021915853,0.002115726101440227,0.02081437004580092,3.988719099396431,1400,185,7.675
port5,0.9,0.35,17,0.00018254731128904795,0.0020983012620940386,0.020880012704829354,4.536027413688234,1396,189,7.763
port5,0.9,0.35,20,0.0001941870099481765,0.0020280756730785203,0.021002501894775098,6.02799694647944,1371,214,6.723
port5,0.9,0.35,19,0.0001930251271269832,0.0022301090915737495,0.021500285173415158,5.906569557015861,1383,202,7.757
port5,0.9,0.35,21,0.00019180234360492582,0.002286384738512886,0.02161380262332934,5.698080667215076,1385,200,8.191
port5,0.9,0.35,23,0.00018465388791686312,0.0017326852003509785,0.019942205604974284,3.9903334953811127,1379,206,6.978
port5,0.9,0.35,22,0.00024642776855585255,0.0016900184765677886,0.02148460989774958,12.520757540741553,1384,201,7.887
port5,0.9,0.35,24,0.00017966162689241668,0.0024581713109344807,0.021742910926089213,3.893054301255536,1393,192,6.845
port5,0.9,0.35,25,0.00020532308386142026,0.0016084240385771957,0.02017053648047457,6.492125047404484,1374,211,6.821
port5,0.9,0.35,26,0.00017924843159877174,0.002193684943095741,0.02104537230494432,4.1418313866517025,1388,197,7.334
port5,0.9,0.35,28,0.0001750060471513069,0.0019022939020534345,0.02014490388705045,3.162820864628514,1353,232,6.404
port5,0.9,0.35,27,0.0001768553253719159,0.0019810021950092916,0.02041120457202217,3.605473803324728,1371,214,7.251
port5,0.9,0.35,29,0.00017953666927135784,0.0019235313616691497,0.02032758950125209,3.8533067676722235,1375,210,6.879
port5,0.9,0.35,30,0.00018067277245058274,0.0018368360634004846,0.02012064663171835,3.777002588500558,1387,198,7.79
port5,0.9,0.4,2,0.0001892423459167597,0.002135829718169116,0.021156173717634903,5.4387234891634915,1404,181,6.762
port5,0.9,0.4,1,0.00018856462484679703,0.00252706264167575,0.02214274119872575,4.780721742694894,1386,199,7.808
port5,0.9,0.4,6,0.00018097960036223053,0.0022335305399088724,0.02119571902146274,4.360973611892268,1403,182,6.721
port5,0.9,0.4,5,0.00019174121636062646,0.0016471286801338634,0.019901258597106442,4.6745889549457535,1402,183,7.08
port5,0.9,0.4,3,0.0001694589993582575,0.0020155569548725915,0.020303658533090824,2.6496108897336432,1407,178,7.143
port5,0.9,0.4,4,0.00020068405251467318,0.0018438943985268658,0.020684763377030277,6.605412602846538,1421,164,8.023
port5,0.9,0.4,7,0.0001901083550371763,0.0020509540043141296,0.020955077758242464,5.504876388767371,1407,178,7.103
port5,0.9,0.4,8,0.0001827959466953654,0.0020101140288852457,0.020650729058528817,4.470283117656177,1410,175,7.344
port5,0.9,0.4,9,0.00019659665971350596,0.0018269118171004416,0.020528783084124973,5.994993896497657,1399,186,7.293
port5,0.9,0.4,10,0.0001813868686369562,0.002112589926179469,0.02088715344828286,4.391910183515015,1409,176,8.076
port5,0.9,0.4,11,0.00017708279176108783,0.0022151756784491187,0.021044934983294926,3.8595504940166228,1406,179,7.813
port5,0.9,0.4,12,0.0001937544451392628,0.0020096838892656272,0.02094232381422382,5.950717846028144,1391,194,7.883
port5,0.9,0.4,15,0.0001934688303128566,0.0017273889103976339,0.020171699684696325,5.244264615002642,1378,207,7.404
port5,0.9,0.4,13,0.00018402318123966996,0.0018325749203728676,0.020201228600617252,4.240382431084867,1389,196,8.211
port5,0.9,0.4,14,0.00018509263568003884,0.002116943594226952,0.020997010239627873,4.8857410400635795,1410,175,8.579
port5,0.9,0.4,16,0.00019587035867646243,0.0017031800000000003,0.020171166403680232,5.5015235294604174,1386,199,7.819
port5,0.9,0.4,17,0.0001841472193715983,0.0018485386855718099,0.02024848658072387,4.304569798780413,1414,171,8.405
port5,0.9,0.4,19,0.00018361459669937277,0.0019556436933703502,0.020525836457077094,4.488516571759136,1398,187,7.692
port5,0.9,0.4,18,0.00017540789598142012,0.002455789882339056,0.021627834026635564,3.377473434977478,1394,191,8.937
port5,0.9,0.4,21,0.00021689874753941758,0.0017178791036740872,0.020781579928891788,8.531796088930287,1372,213,7.119
port5,0.9,0.4,22,0.00020875102417060136,0.0024528799125014323,0.022460805749392396,7.402434874869932,1391,194,6.983
port5,0.9,0.4,20,0.00018718087601956814,0.0020463900000000017,0.02086517236448145,5.108721043670065,1387,198,8.741
port5,0.9,0.4,23,0.00019608679197529063,0.0018360499999999997,0.020539711995581487,5.947392303308874,1417,168,7.453
port5,0.9,0.4,24,0.00018174939710123973,0.001921982788407754,0.02038375376895409,4.158226354403712,1408,177,7.369
port5,0.9,0.4,25,0.0001773589299208483,0.0021903312944625466,0.020986558115112713,3.8941695535086223,1393,192,7.045
port5,0.9,0.4,26,0.00017948410884457088,0.0018689541059175978,0.020176430678622424,3.7031764785903065,1407,178,7.181
port5,0.9,0.4,27,0.0001693543279984087,0.0021741736278197425,0.020730323757464916,2.8314357025523837,1413,172,7.506
port5,0.9,0.4,28,0.0001864738840466256,0.0026896636724169885,0.022495437840897733,3.951475815411129,1393,192,7.42
port5,0.9,0.4,29,0.00021082265617015857,0.0023679611577491844,0.022301439214770097,7.888025668014802,1389,196,7.853
port5,0.9,0.4,30,0.0001868248133317723,0.0020487441241254676,0.0208619596859483,5.063406506672395,1386,199,7.629
