dataset,lambda,pm,seed,best_fitness,return,std,pe_percent,n_evaluations,n_cache_hits,elapsed_seconds
port5,0.5,0.04,1,-0.0013276567996678172,0.0033533599999999997,0.02642056775817593,6.80075014284254,1275,310,4.269
port5,0.5,0.04,2,-0.0013382318840980051,0.0033738099999999997,0.026407313983137122,6.210621788718979,1307,278,4.273
port5,0.5,0.0,2,-0.0013687247748768473,0.0034516499999999992,0.026724528999522237,4.553650757429966,1257,328,4.304
port5,0.5,0.02,2,-0.0012792444317435891,0.00327226,0.026716495588172143,9.502591852880093,1254,331,4.431
port5,0.5,0.0,1,-0.001367594711999726,0.0034385000000000006,0.026520003318260498,4.597779378152791,1246,339,4.606
port5,0.5,0.02,1,-0.0013193259400711946,0.00333592,0.026405834958539195,7.261533032569629,1296,289,4.625
port5,0.5,0.06,1,-0.0013649623442609131,0.0034311399999999988,0.026480470378718212,4.737860331371428,1287,298,4.9
port5,0.5,0.06,2,-0.00135728774036293,0.0034679499999999996,0.027447668740243486,5.108519832653799,1285,300,4.998
port5,0.5,0.08,2,-0.0012453212059650774,0.0031628899999999994,0.025927737812424835,11.194524793736276,1275,310,4.985
port5,0.5,0.08,1,-0.001378894553729297,0.00346267,0.02654959307675743,3.97502688109397,1324,261,5.158
port5,0.5,0.1,1,-0.0013750105236420757,0.00344926,0.026443126757549843,4.173090225596694,1321,264,4.935
port5,0.5,0.1,2,-0.0013224269101833152,0.00336251,0.02678910561465928,7.113216112242144,1310,275,5.017
port1,0.5,0.0,6,-0.0025703023665247875,0.006272233728740134,0.03363969375143832,10.661565029574518,1128,457,6.749
port1,0.5,0.02,2,-0.0025695129518246546,0.006277061855236794,0.0337347884473504,10.912323829350433,1197,388,6.8
port1,0.5,0.0,7,-0.0025696906485641567,0.006278034366990082,0.0337439338231595,10.929876951246253,1115,470,6.816
port1,0.5,0.02,1,-0.0025703023665247875,0.006272233728740134,0.03363969375143832,10.661565029574518,1198,387,7.119
port1,0.5,0.0,3,-0.0025703023665247875,0.006272233728740134,0.03363969375143832,10.661565029574518,1166,419,7.527
port1,0.5,0.0,2,-0.0025703023665247875,0.006272233728740134,0.03363969375143832,10.661565029574518,1242,343,7.557
port1,0.5,0.0,1,-0.0025703023665247875,0.006272233728740134,0.03363969375143832,10.661565029574518,1123,462,7.945
port1,0.5,0.0,10,-0.0025687780517189298,0.006267115379127354,0.033608916609874445,10.625824684481408,1256,329,8.042
port1,0.5,0.0,5,-0.0025696906485641567,0.006278034366990082,0.0337439338231595,10.929876951246253,1221,364,8.124
port1,0.5,0.0,9,-0.0025703023665247875,0.006272233728740134,0.03363969375143832,10.661565029574518,1196,389,8.144
port1,0.5,0.0,8,-0.0025696906485641567,0.006278034366990082,0.0337439338231595,10.929876951246253,1155,430,8.472
port1,0.5,0.0,4,-0.002568991918603928,0.0062691641054814385,0.033633023478028,10.678943846124856,1207,378,8.535
port1,0.5,0.02,3,-0.0025703023665247875,0.006272233728740134,0.03363969375143832,10.661565029574518,1197,388,7.672
port1,0.5,0.02,5,-0.0025651847599867487,0.0062707440624893,0.03376943207274595,11.10751016455933,1209,376,8.453
port1,0.5,0.04,4,-0.0025703023665247875,0.006272233728740134,0.03363969375143832,10.661565029574518,1199,386,7.21
port1,0.5,0.04,1,-0.0025703023665247875,0.006272233728740134,0.03363969375143832,10.661565029574518,1203,382,7.808
port1,0.5,0.02,10,-0.002565858914670581,0.006246561748896186,0.03338927851204671,10.163789027481108,1143,442,7.984
port1,0.5,0.02,6,-0.0025691487536037673,0.006270136617234725,0.03364281661851738,10.698706546727486,1232,353,8.905
port1,0.5,0.02,4,-0.0025703023665247875,0.006272233728740134,0.03363969375143832,10.661565029574518,1239,346,9.506
port1,0.5,0.04,2,-0.0025703023665247875,0.006272233728740134,0.03363969375143832,10.661565029574518,1193,392,8.581
port1,0.5,0.02,7,-0.002568991918603928,0.0062691641054814385,0.033633023478028,10.678943846124856,1170,415,9.306
port1,0.5,0.02,8,-0.0025691487536037673,0.006270136617234725,0.03364281661851738,10.698706546727486,1200,385,9.423
port1,0.5,0.04,3,-0.0025703023665247875,0.006272233728740134,0.03363969375143832,10.661565029574518,1191,394,8.613
port1,0.5,0.02,9,-0.0025696906485641567,0.006278034366990082,0.0337439338231595,10.929876951246253,1224,361,9.455
port1,0.5,0.04,7,-0.0025691487536037673,0.006270136617234725,0.03364281661851738,10.698706546727486,1171,414,6.933
port1,0.5,0.04,6,-0.0025696906485641567,0.006278034366990082,0.0337439338231595,10.929876951246253,1171,414,7.526
port1,0.5,0.04,5,-0.0025696906485641567,0.006278034366990082,0.0337439338231595,10.929876951246253,1207,378,8.608
port1,0.5,0.04,10,-0.002568991918603928,0.0062691641054814385,0.033633023478028,10.678943846124856,1221,364,7.426
port1,0.5,0.04,8,-0.0025696906485641567,0.006278034366990082,0.0337439338231595,10.929876951246253,1198,387,8.125
port1,0.5,0.06,1,-0.0025695129518246546,0.006277061855236794,0.0337347884473504,10.912323829350433,1229,356,7.937
port1,0.5,0.04,9,-0.0025703023665247875,0.006272233728740134,0.03363969375143832,10.661565029574518,1208,377,8.261
port1,0.5,0.06,6,-0.0025703023665247875,0.006272233728740134,0.03363969375143832,10.661565029574518,1153,432,7.282
port1,0.5,0.06,5,-0.0025693613830639348,0.00627501312888271,0.033708906282388346,10.85354389282485,1218,367,7.778
port1,0.5,0.06,4,-0.0025693613830639348,0.00627501312888271,0.033708906282388346,10.85354389282485,1218,367,8.042
port1,0.5,0.06,3,-0.0025703023665247875,0.006272233728740134,0.03363969375143832,10.661565029574518,1192,393,8.408
port1,0.5,0.06,2,-0.0025695129518246546,0.006277061855236794,0.0337347884473504,10.912323829350433,1261,324,9.133
port1,0.5,0.06,9,-0.0025703023665247875,0.006272233728740134,0.03363969375143832,10.661565029574518,1258,327,7.833
port1,0.5,0.08,4,-0.0025696906485641567,0.006278034366990082,0.0337439338231595,10.929876951246253,1218,367,7.61
port1,0.5,0.06,8,-0.0025703023665247875,0.006272233728740134,0.03363969375143832,10.661565029574518,1192,393,9.513
port1,0.5,0.06,7,-0.0025703023665247875,0.006272233728740134,0.03363969375143832,10.661565029574518,1201,384,9.999
port1,0.5,0.08,3,-0.0025695129518246546,0.006277061855236794,0.0337347884473504,10.912323829350433,1214,371,8.605
port1,0.5,0.08,2,-0.0025703023665247875,0.006272233728740134,0.03363969375143832,10.661565029574518,1246,339,9.178
port1,0.5,0.06,10,-0.0025695129518246546,0.006277061855236794,0.0337347884473504,10.912323829350433,1220,365,10.53
port1,0.5,0.08,7,-0.0025691487536037673,0.006270136617234725,0.03364281661851738,10.698706546727486,1211,374,10.432
port1,0.5,0.08,1,-0.002568991918603928,0.0062691641054814385,0.033633023478028,10.678943846124856,1259,326,12.059
port1,0.5,0.08,5,-0.0025703023665247875,0.006272233728740134,0.03363969375143832,10.661565029574518,1210,375,11.638
port1,0.5,0.08,8,-0.002565858914670581,0.006246561748896186,0.03338927851204671,10.163789027481108,1277,308,10.73
port1,0.5,0.08,6,-0.002566914971608805,0.006244364071914344,0.033324677473258964,9.978456396678283,1260,325,11.924
port1,0.5,0.08,10,-0.0025687780517189298,0.006267115379127354,0.033608916609874445,10.625824684481408,1274,311,7.416
port1,0.5,0.1,2,-0.0025703023665247875,0.006272233728740134,0.03363969375143832,10.661565029574518,1201,384,7.2
port1,0.5,0.1,1,-0.0025683659534088254,0.006274964743731386,0.0337377064560372,10.948876885840379,1295,290,8.66
port1,0.5,0.1,5,-0.0025703023665247875,0.006272233728740134,0.03363969375143832,10.661565029574518,1207,378,7.123
port1,0.5,0.1,4,-0.0025687780517189298,0.006267115379127354,0.033608916609874445,10.625824684481408,1242,343,8.186
port1,0.5,0.08,9,-0.002566635866860011,0.006241712642214628,0.03329325620143824,9.908251905039991,1292,293,11.011
port1,0.5,0.1,3,-0.0025656120783697067,0.006256899051021612,0.03355107888402692,10.56585930189628,1247,338,9.475
port1,0.5,0.1,7,-0.002566098454847973,0.006249213178595903,0.033421793322620456,10.237419826476353,1238,347,6.852
port1,0.5,0.1,8,-0.0025695129518246546,0.006277061855236794,0.0337347884473504,10.912323829350433,1276,309,6.649
port1,0.5,0.1,6,-0.0025696906485641567,0.006278034366990082,0.0337439338231595,10.929876951246253,1236,349,7.904
port1,0.5,0.1,10,-0.0025703023665247875,0.006272233728740134,0.03363969375143832,10.661565029574518,1211,374,6.731
port1,0.5,0.1,9,-0.0025703023665247875,0.006272233728740134,0.03363969375143832,10.661565029574518,1274,311,7.211
port2,0.5,0.0,9,-0.0030596761344143207,0.006491597128915104,0.01929364817981456,7.159625938195534,1234,351,6.244
port2,0.5,0.02,1,-0.0030714489170286926,0.0065246919989919265,0.01953955385710078,7.744639159916267,1252,333,6.675
port2,0.5,0.0,10,-0.0030674712316823677,0.00651853140997465,0.019585426893736973,8.024190315324946,1274,311,7.161
port2,0.5,0.0,6,-0.003060781390841731,0.006493130959014515,0.019276103790212697,7.060854530696631,1253,332,7.184
port2,0.5,0.0,2,-0.003056331893702724,0.006485833324970035,0.019317596578368314,7.346447384985496,1289,296,7.25
port2,0.5,0.02,2,-0.0030673363469815064,0.0065055474783373875,0.019258109574264402,6.803947487597186,1276,309,7.338
port2,0.5,0.0,8,-0.0030604905296770448,0.0065043975796645545,0.01958102449593649,8.205253008922968,1259,326,7.487
port2,0.5,0.0,3,-0.0030688049316738904,0.006520718439136852,0.019573159576038588,7.941991304114451,1269,316,7.847
port2,0.5,0.0,7,-0.003059032934159554,0.006489780693516979,0.019279907292252995,7.125474298336708,1230,355,7.898
port2,0.5,0.0,4,-0.0030667772397675328,0.006512989365063687,0.019479088416263793,7.654411057550318,1260,325,8.062
port2,0.5,0.0,5,-0.0030649670412156494,0.006510059337288083,0.01949680114420784,7.7711005470288255,1255,330,8.092
port2,0.5,0.0,1,-0.0030665298014010225,0.006516647271989105,0.01958539428214454,8.050639043644745,1268,317,8.153
port2,0.5,0.02,3,-0.003059766394633939,0.006500516110475535,0.019518794051059045,7.999147761280192,1274,311,7.674
port2,0.5,0.02,9,-0.003069003791239129,0.006516030400288114,0.019442808897118097,7.456546488239829,1273,312,7.908
port2,0.5,0.04,2,-0.003069199683244829,0.006518897248791912,0.01950635492095469,7.6863802711228875,1268,317,7.707
port2,0.5,0.02,4,-0.003059082410391087,0.006504531263982677,0.01965620622603718,8.51519445464808,1268,317,9.346
port2,0.5,0.02,5,-0.0030694551502768097,0.006517909396928607,0.019467899125868424,7.537016318932599,1258,327,9.456
port2,0.5,0.04,3,-0.0030696825797171465,0.0065200636928764415,0.01951149746795847,7.691630663318304,1261,324,8.69
port2,0.5,0.02,7,-0.0030618930578683702,0.006506764775534828,0.019569840566496396,8.125108860729133,1287,298,9.726
port2,0.5,0.02,6,-0.0030635351965182596,0.006495380942131996,0.019191418631656066,6.654499000624363,1261,324,9.91
port2,0.5,0.04,4,-0.0030677853910183297,0.006509003888548791,0.01932441736539896,7.045203612941373,1296,289,9.099
port2,0.5,0.02,8,-0.003061195592386156,0.006483910000000013,0.01901364813042728,6.017719600553717,1294,291,10.036
port2,0.5,0.02,10,-0.0030551189895378313,0.006479413901848183,0.0192139512535168,6.983784933010006,1266,319,9.622
port2,0.5,0.04,1,-0.0030539930286175147,0.006538940397415953,0.020759439784852635,12.232992609045835,1270,315,9.789
port2,0.5,0.04,5,-0.003064914579438966,0.006501740957943192,0.01928501488371888,6.976720280249338,1270,315,7.641
port2,0.5,0.04,6,-0.003059525400189391,0.006499069262543719,0.019494062228405242,7.915212915724074,1279,306,7.555
port2,0.5,0.04,8,-0.003058153490528897,0.0064874646393284705,0.019265452454346296,7.095244588631269,1269,316,7.176
port2,0.5,0.04,7,-0.00304971119964845,0.0064601,0.018991513912879617,6.261777850272714,1275,310,7.791
port2,0.5,0.06,1,-0.003050896077224935,0.006486907053144249,0.01962434454177714,8.631746640284291,1256,329,6.979
port2,0.5,0.06,3,-0.0030484683562447676,0.00645895,0.019026646775258765,6.4386769589548205,1241,344,7.135
port2,0.5,0.06,5,-0.0030641747964897372,0.006512319724189967,0.019595155809803883,8.15242519351946,1276,309,7.049
port2,0.5,0.06,6,-0.0030614187843390306,0.006502236072358414,0.019478154524501336,7.802915760282551,1278,307,7.181
port2,0.5,0.06,2,-0.0030593462173397084,0.006496416864110597,0.019435133892803005,7.702353902369541,1274,311,7.817
port2,0.5,0.04,9,-0.003049159299981287,0.006526519893219455,0.020693025232113343,12.166769839982104,1287,298,8.296
port2,0.5,0.04,10,-0.0030669127670852063,0.0065152205654085416,0.019529337706080264,7.835523182593533,1306,279,8.701
port2,0.5,0.06,4,-0.0030552407348530446,0.0065428736865808836,0.020794042821798617,12.300959827440087,1292,293,8.345
port2,0.5,0.06,7,-0.0030575767002354454,0.006496652664332298,0.019532006140215257,8.109402133742035,1279,306,8.271
port2,0.5,0.06,8,-0.0030703481017018384,0.006511248001942056,0.01924972203795109,6.685270581492693,1295,290,7.346
port2,0.5,0.06,9,-0.0030700694164724615,0.0065243522427014386,0.0196013624464351,8.008630707190509,1259,326,7.976
port2,0.5,0.08,6,-0.0030639821515215937,0.0065113279783279845,0.019579675055648844,8.101809688964913,1263,322,6.686
port2,0.5,0.06,10,-0.0030518041333319665,0.00646434,0.0189929390389183,6.206776198666736,1300,285,8.165
port2,0.5,0.08,5,-0.003061711737080957,0.006505771009119931,0.019553708982134727,8.071598605180112,1301,284,7.024
port2,0.5,0.08,3,-0.0030648157266783527,0.006511079514521602,0.01953069535794606,7.899823680384557,1265,320,7.947
port2,0.5,0.08,1,-0.003055494179955925,0.00647409,0.01905522605712538,6.349362598123802,1281,304,8.71
port2,0.5,0.08,2,-0.003045638514184742,0.006472975069059741,0.01953709396738055,8.465596188228771,1282,303,8.471
port2,0.5,0.08,4,-0.0030527138473714515,0.006486188215920585,0.01951308589582083,8.17791123767409,1298,287,7.994
port2,0.5,0.08,7,-0.0030566246504746455,0.0064934321112622585,0.019498277111400557,8.01289355527462,1284,301,8.404
port2,0.5,0.08,8,-0.003072565150806554,0.006524225557488899,0.01947036866306826,7.4579505493677125,1295,290,8.472
port2,0.5,0.08,10,-0.003070987779866989,0.006522583881526135,0.019509185574804425,7.646163957460676,1293,292,7.259
port2,0.5,0.08,9,-0.003056821322864465,0.006483301844820869,0.01922652332305396,6.983543390643294,1304,281,8.624
port2,0.5,0.1,2,-0.0030618844321151006,0.006502945332043493,0.019472454077832397,7.768660196366047,1291,294,7.741
port2,0.5,0.1,1,-0.0030617734710703995,0.006502998395854019,0.019479513692934426,7.7978744857405955,1323,262,8.275
port2,0.5,0.1,3,-0.0030662968245355592,0.006511677311349504,0.019470070936655197,7.634672003645278,1282,303,8.087
port2,0.5,0.1,8,-0.0030514027774525532,0.006464180000000002,0.019009851264407508,6.28637706211241,1286,299,6.971
port2,0.5,0.1,4,-0.0030621996194349736,0.006504875202192343,0.019505793070839158,7.8825704880973415,1287,298,7.922
port2,0.5,0.1,5,-0.0030575122720096597,0.006491842093911956,0.0194117889410697,7.667515530889484,1270,315,7.552
port2,0.5,0.1,6,-0.0030648221540051724,0.00651085812865008,0.019524697709304845,7.877676877992755,1276,309,7.436
port2,0.5,0.1,7,-0.0030574227001839327,0.0064927204029840615,0.019439007243586184,7.771397111356684,1320,265,7.255
port2,0.5,0.1,10,-0.003058513127630152,0.006478480000000001,0.019011936901318027,6.088601993135218,1297,288,6.757
port2,0.5,0.1,9,-0.003066204304783368,0.006514569371110716,0.01954893249116125,7.9272083701467215,1303,282,7.19
port3,0.5,0.0,2,-0.002803698097044133,0.006139447871939622,0.023066245421640597,6.209563428936654,1259,326,6.302
port3,0.5,0.0,3,-0.002793885358553117,0.0061298299999999984,0.02328216662799586,6.938640700621346,1258,327,6.389
port3,0.5,0.0,10,-0.002800640021723807,0.0061364197380639664,0.023133086577807813,6.438160447022324,1287,298,6.93
port3,0.5,0.02,1,-0.0028027682236716283,0.006142429999999999,0.02317096356772295,6.44918713920562,1269,316,7.193
port3,0.5,0.0,1,-0.0028008870384074666,0.006136129999999998,0.023116139885047113,6.396517183458405,1267,318,7.211
port3,0.5,0.0,9,-0.00280390631208726,0.006145775171610747,0.023194019648095244,6.460490135347294,1304,281,7.313
port3,0.5,0.0,7,-0.0027867421039869905,0.006133429999999999,0.023663173752183336,7.868155650148606,1284,301,7.386
port3,0.5,0.0,6,-0.002794619491812652,0.00612417,0.023128575753268855,6.6127094410274605,1267,318,7.525
port3,0.5,0.02,2,-0.0027971789697310173,0.00613058,0.023156469086153125,6.590526038604229,1304,281,7.734
port3,0.5,0.0,4,-0.002791274879489396,0.00611454,0.0230649136356763,6.58643742357608,1249,336,7.773
port3,0.5,0.0,5,-0.0027487806644408814,0.00603724328749614,0.023231055908296064,8.210162224443025,1253,332,8.07
port3,0.5,0.0,8,-0.0027961066745563453,0.006126833282208542,0.02312184969019244,6.553843163846746,1239,346,8.142
port3,0.5,0.02,3,-0.0027966175957704746,0.00613201662897038,0.023211665977034716,6.717294668853246,1251,334,6.322
port3,0.5,0.02,5,-0.0027926350983397607,0.006116101277715538,0.023039771722741034,6.493757329103362,1240,345,6.117
port3,0.5,0.02,8,-0.00279334536972673,0.00612427,0.023185755552634902,6.765593222449538,1263,322,6.299
port3,0.5,0.02,7,-0.002802279344894273,0.00614308,0.023206061928113822,6.533931177317512,1293,292,6.706
port3,0.5,0.02,9,-0.002801254449462177,0.006136718279335811,0.02311296996085653,6.378916800886119,1280,305,6.54
port3,0.5,0.02,10,-0.0027949983909043357,0.006129759999999999,0.023232804785288576,6.808222282295287,1286,299,6.464
port3,0.5,0.02,4,-0.002798756380870054,0.006136358362352194,0.023213048068103558,6.654956564259693,1271,314,7.783
port3,0.5,0.04,3,-0.002794559485635747,0.00613055,0.02326867054063265,6.891847841545752,1259,326,7.016
port3,0.5,0.02,6,-0.0027926831815449685,0.006122530138670944,0.02317679390211265,6.7679661715207455,1273,312,8.0
port3,0.5,0.04,1,-0.002799893671440121,0.006131879999999999,0.023067133699698306,6.327607205116156,1278,307,7.504
port3,0.5,0.04,4,-0.0028056129215892956,0.006148855796316815,0.02318684871081502,6.394258293171329,1263,322,7.265
port3,0.5,0.04,2,-0.0028017130261601252,0.0061381529474264585,0.02312416258172841,6.387488768500243,1281,304,8.733
port3,0.5,0.04,6,-0.0027937877355608135,0.006123070146759034,0.023140757888137676,6.662476317975002,1285,300,6.257
port3,0.5,0.04,10,-0.002801398516078977,0.00614167,0.02321363754007646,6.575740666751172,1255,330,5.951
port3,0.5,0.04,8,-0.002795976124092694,0.006125329999999998,0.02309497243589199,6.50367925660004,1259,326,7.006
port3,0.5,0.04,9,-0.0027950283914417087,0.006139943089638031,0.02344965472570145,7.224897309042424,1292,293,7.02
port3,0.5,0.06,4,-0.0027950545064768105,0.006124890000000001,0.02312533214996877,6.592935780145042,1265,320,6.164
port3,0.5,0.04,5,-0.002795976124092694,0.006125329999999998,0.02309497243589199,6.50367925660004,1247,338,9.021
port3,0.5,0.06,5,-0.0027906441675124133,0.006130919999999998,0.023444224554784742,7.347167350476503,1322,263,6.448
port3,0.5,0.06,1,-0.0027961967104474113,0.00613432,0.02327931655150508,6.862904032266142,1287,298,8.345
port3,0.5,0.06,3,-0.002795487735415561,0.00612676880234888,0.02314721001584768,6.62355500967133,1294,291,7.385
port3,0.5,0.04,7,-0.0027921938319532174,0.006126329999999999,0.02327965498227078,6.985114442287174,1284,301,9.162
port3,0.5,0.06,6,-0.0028042515669508264,0.006145604562419342,0.02317544883098684,6.412961758713932,1298,287,6.477
port3,0.5,0.06,2,-0.0027816121097764867,0.006130570000000001,0.02381902139986081,8.29852983296662,1285,300,8.53
port3,0.5,0.06,7,-0.00279689820510157,0.006131320000000001,0.0231845549838003,6.655031285763145,1291,294,6.224
port3,0.5,0.06,8,-0.002794753094504444,0.00612079,0.023049594594940524,6.4490219843150856,1276,309,6.918
port3,0.5,0.06,10,-0.0028025648604668714,0.006136353576115083,0.0230482939755059,6.207570106296051,1245,340,7.042
port3,0.5,0.08,3,-0.0027949881359104014,0.00615125,0.023691216266354852,7.671037247589324,1281,304,7.227
port3,0.5,0.08,1,-0.0027825675453512708,0.006125739999999999,0.023677096724418277,8.018593025011935,1257,328,7.93
port3,0.5,0.06,9,-0.002791803453413279,0.006121620324487607,0.023195116245905072,6.831074044289831,1300,285,8.423
port3,0.5,0.08,6,-0.0027968625237314573,0.006126329999999999,0.0230782354727801,6.442744687814735,1249,336,7.538
port3,0.5,0.08,4,-0.0027999093639651394,0.0061359200000000004,0.023153860845865907,6.502099263901225,1294,291,8.099
port3,0.5,0.08,7,-0.0027994603701971717,0.006132509999999999,0.023099551069353193,6.406566851069133,1296,289,7.656
port3,0.5,0.08,2,-0.0028010351772197405,0.006137510521724952,0.023139580101753578,6.439156743237127,1313,272,9.036
port3,0.5,0.08,5,-0.0027660033083250126,0.006069089999999999,0.023175059511249905,7.57710876626871,1292,293,8.825
port3,0.5,0.08,8,-0.0027963478221774344,0.006133929999999999,0.02326444402183579,6.829267002739219,1263,322,9.229
port3,0.5,0.08,9,-0.002802860552576024,0.006143666742827828,0.023193655116772335,6.491598507090838,1295,290,9.461
port3,0.5,0.08,10,-0.002798348961976514,0.00613474,0.023195734005350452,6.633059079319636,1284,301,8.675
port3,0.5,0.1,1,-0.0028029573364140334,0.006138335820635388,0.023074252919809135,6.248491725201819,1309,276,9.354
port3,0.5,0.1,3,-0.00279717054390448,0.006128191483264879,0.023105202778939633,6.487865922980683,1317,268,8.285
port3,0.5,0.1,2,-0.002793538353999286,0.00612702,0.023236679883353137,6.860227607567423,1301,284,9.053
port3,0.5,0.1,5,-0.00279579668553487,0.006128749999999999,0.023176639724737085,6.672836611935524,1295,290,7.905
port3,0.5,0.1,7,-0.002795986337582363,0.0061296,0.023186792034157612,6.6872420008070215,1305,280,8.013
port3,0.5,0.1,4,-0.002792801469047227,0.006122647223575482,0.023174215962595765,6.759243996909271,1297,288,9.373
port3,0.5,0.1,6,-0.0027929919736315915,0.00612031109096803,0.023115517379129653,6.636137037185894,1279,306,8.243
port3,0.5,0.1,8,-0.0028024283011916025,0.006140682491419721,0.023147913276071238,6.413406934462838,1314,271,8.782
port3,0.5,0.1,9,-0.0028002742304068596,0.006152057525478238,0.023484230127141053,7.13148141606252,1300,285,8.14
port3,0.5,0.1,10,-0.0027967513659303573,0.00613124,0.023189162730449863,6.66865567232123,1276,309,7.312
port4,0.5,0.0,4,-0.003340673399332337,0.007519973511110095,0.02895905234025142,3.6107230125084353,1248,337,5.94
port4,0.5,0.0,7,-0.003335021655823513,0.0075149014262117265,0.02906644310136175,3.859353055072661,1264,321,6.047
port4,0.5,0.0,8,-0.0033316265044539997,0.00750975141363045,0.029094645636653673,3.9731955636226837,1270,315,6.129
port4,0.5,0.0,1,-0.003308327519153311,0.007574892361921858,0.030955408632664435,6.1389232689657955,1250,335,6.809
port4,0.5,0.0,5,-0.003338620247359774,0.007515514984531054,0.02895297031068668,3.657431413545288,1262,323,7.406
port4,0.5,0.0,3,-0.0033364181498506196,0.007508005927762288,0.02889930151510672,3.661439164980429,1254,331,7.49
port4,0.5,0.0,2,-0.0033291168836224305,0.007497007638100501,0.0289615930303504,3.9094431996994103,1265,320,7.497
port4,0.5,0.02,2,-0.003334926422819482,0.007505743670376961,0.028911776575264204,3.71193267961041,1268,317,7.689
port4,0.5,0.0,6,-0.0033207259652214263,0.00747976234239012,0.028953590657244354,4.116810851841358,1262,323,7.774
port4,0.5,0.02,1,-0.003331069028985379,0.007500181583439668,0.028948981423685866,3.8471531387072564,1258,327,7.887
port4,0.5,0.0,9,-0.003335549996009474,0.007510141301400438,0.028966209786257673,3.749021998274261,1248,337,7.987
port4,0.5,0.0,10,-0.0033259461220441645,0.007489464640225711,0.028940843044690006,3.9706075258389326,1263,322,8.419
port4,0.5,0.02,4,-0.003325715201682182,0.007487710476732609,0.028918507454020626,3.9548206413726885,1270,315,6.497
port4,0.5,0.02,5,-0.003332810462766631,0.007516394125347467,0.02916801672747404,4.012685542355707,1253,332,6.439
port4,0.5,0.02,3,-0.0033327730936899332,0.007505289123394719,0.028978318377967577,3.831948758724953,1214,371,7.085
port4,0.5,0.02,6,-0.003323499052848524,0.007488722815908037,0.029012492312984563,4.102515910679493,1282,303,6.685
port4,0.5,0.02,7,-0.0033085979959224226,0.007572670543347102,0.030910751390127295,6.098774713297832,1270,315,6.166
port4,0.5,0.04,1,-0.003317112178518363,0.007468506531001166,0.028883943185867844,4.141946085136262,1268,317,6.186
port4,0.5,0.04,2,-0.003319525906849802,0.007480257383331163,0.02900354408743111,4.195688131907544,1254,331,7.208
port4,0.5,0.02,8,-0.0033221361670669296,0.007480998803673153,0.028926224598783957,4.054135942857669,1241,344,7.62
port4,0.5,0.02,9,-0.003332173545868617,0.007503246298113145,0.02896375677248915,3.8331876144402046,1236,349,8.155
port4,0.5,0.02,10,-0.0033128083819947574,0.007459658254777167,0.028879776501691528,4.248376841615837,1257,328,8.178
port4,0.5,0.04,4,-0.003320805338147528,0.007483688569405251,0.02901857841297872,4.177341647873745,1291,294,8.19
port4,0.5,0.04,3,-0.0033258513268071884,0.00749736381695202,0.02908025383894791,4.107176979100727,1262,323,8.816
port4,0.5,0.04,7,-0.0033288309323404206,0.007498910332016332,0.029004283603210917,3.9580512157792276,1263,322,5.997
port4,0.5,0.04,9,-0.0033277225738875334,0.0074973917315042694,0.02901631581936623,3.998025604392578,1265,320,6.223
port4,0.5,0.04,10,-0.0033355500962020655,0.007504746193301935,0.02887292851267088,3.6578239661716307,1266,319,6.023
port4,0.5,0.04,8,-0.0033305347002987712,0.0075042399500263035,0.02903739915055689,3.9462988222473703,1298,287,7.169
port4,0.5,0.04,5,-0.003331905359279257,0.007498527835681824,0.028891471356151274,3.76958210338974,1268,317,8.207
port4,0.5,0.04,6,-0.0033316287812375695,0.007500960186728081,0.028943092859142445,3.82707172176007,1277,308,8.74
port4,0.5,0.06,2,-0.0033006772613520274,0.007436993927430412,0.028907428192877286,4.586483473312283,1274,311,7.365
port4,0.5,0.06,1,-0.0033198498534414847,0.007478759374725962,0.02896652667896155,4.151757973652768,1265,320,7.417
port4,0.5,0.06,3,-0.0033283423337535974,0.0074905536206592935,0.028876789176639744,3.846667734385979,1252,333,7.621
port4,0.5,0.06,5,-0.003331686292049844,0.0075073615535505515,0.029051488248467837,3.930352468829034,1308,277,6.67
port4,0.5,0.06,4,-0.0033144847417327906,0.007556290383227512,0.030451944104801097,5.595363620431068,1305,280,7.908
port4,0.5,0.06,6,-0.003337195035136245,0.007512672818187762,0.028953112922711317,3.694110510170809,1275,310,7.969
port4,0.5,0.06,7,-0.0033328572583756276,0.00750988198817719,0.02905456025180792,3.903334475931741,1278,307,6.782
port4,0.5,0.06,8,-0.003329472517349977,0.007497118402030132,0.028951223934925045,3.890267013079852,1265,320,6.273
port4,0.5,0.08,1,-0.003329922902792771,0.007501047401577778,0.029003475584699106,3.9293003992213533,1263,322,6.46
port4,0.5,0.06,9,-0.0033309165479307305,0.007502800964576086,0.02899944600702961,3.899955178046411,1298,287,8.233
port4,0.5,0.08,3,-0.0033291090885809423,0.007490969293930066,0.028857427410775568,3.8079809496523476,1299,286,6.578
port4,0.5,0.06,10,-0.0033356489882053874,0.0075079211300731604,0.028924438692261342,3.705778629192876,1297,288,8.592
port4,0.5,0.08,4,-0.0033343704063382076,0.007503547401183247,0.02889301971942066,3.707831420254704,1308,277,7.03
port4,0.5,0.08,6,-0.0033359825096339756,0.007521118637784225,0.029140240536348932,3.9052937179637413,1302,283,6.559
port4,0.5,0.08,2,-0.0033167165074621035,0.007471642950641058,0.0289518554796899,4.217929739357725,1291,294,8.725
port4,0.5,0.08,5,-0.0033285448859393498,0.007501553726118443,0.029059661977382755,4.01858533893025,1285,300,7.641
port4,0.5,0.08,7,-0.0033376045831254044,0.007513249884411118,0.028948932936471224,3.6795333264355548,1289,296,7.657
port4,0.5,0.08,8,-0.003337195035136245,0.007512672818187762,0.028953112922711317,3.694110510170809,1264,321,7.092
port4,0.5,0.08,9,-0.003306428246426764,0.007508350491968505,0.029924805748993182,5.361753188033014,1277,308,7.06
port4,0.5,0.08,10,-0.0033312549116809803,0.007497489464385521,0.028896014275736376,3.7907249167879997,1276,309,6.796
port4,0.5,0.1,1,-0.0033100734538709575,0.007453369987310351,0.02886560374508797,4.3048126875194015,1289,296,6.958
port4,0.5,0.1,2,-0.0033194202232757165,0.007481204576659671,0.029023509955004363,4.217536830744363,1310,275,7.421
port4,0.5,0.1,3,-0.0033326948129453844,0.007501548816796923,0.028916417324871928,3.77372347616318,1296,289,6.985
port4,0.5,0.1,4,-0.003313166436386787,0.007460759502771065,0.02888644370630437,4.245661911069878,1311,274,6.985
port4,0.5,0.1,5,-0.0032928572465499907,0.007311304802906996,0.026936783583178865,2.626988811378474,1302,283,6.858
port4,0.5,0.1,7,-0.003320132097004759,0.007481737853387597,0.029008165391456214,4.184598075490609,1283,302,6.533
port4,0.5,0.1,6,-0.003336232999599241,0.0075091700160443385,0.028925836493450922,3.6921649190848855,1307,278,6.937
port4,0.5,0.1,8,-0.003335274588717877,0.0075160171526573475,0.029076932011847394,3.862941419525169,1262,323,6.262
port4,0.5,0.1,10,-0.003332591486831204,0.00750616457666087,0.02899968280858364,3.8572770483253103,1302,283,6.162
port4,0.5,0.1,9,-0.003337702505326067,0.007508203351597433,0.028858245631799895,3.5880904802794036,1299,286,6.758
port5,0.1,0.0,2,-0.0030400312780985454,0.003461169999999999,0.02739009344661929,5.220185487010793,1272,313,4.902
port5,0.1,0.0,8,-0.002962730137123788,0.003373049999999999,0.027021262530868357,7.149704074530551,1285,300,4.95
port5,0.1,0.0,1,-0.003005485690470435,0.0034226899999999995,0.027374314517365377,6.253738148517108,1265,320,4.96
port5,0.1,0.0,9,-0.0029187665577999978,0.0033231399999999987,0.026843889844804947,8.278768771240864,1278,307,4.974
port5,0.1,0.0,11,-0.0029796797837261173,0.0033904,0.026773161239174417,6.319346723090393,1247,338,6.221
port5,0.1,0.0,10,-0.0028329555178485282,0.003226689999999999,0.02665810986388023,10.679077115926967,1249,336,6.366
port5,0.1,0.0,12,-0.002982727858756476,0.00340059,0.027893214451461902,7.4865048636373475,1278,307,6.439
port5,0.1,0.0,3,-0.002925288954417343,0.0033302299999999996,0.026817540077840228,8.045633474313608,1301,284,6.772
port5,0.1,0.0,7,-0.0028901899041723304,0.0033020899999999997,0.028581654225686384,10.895837343774451,1271,314,7.015
port5,0.1,0.0,5,-0.0028783890711871316,0.0032822300000000006,0.02749871429955752,10.251705564255767,1240,345,7.023
port5,0.1,0.0,4,-0.002942102619140566,0.00334938,0.02689598127219627,7.628235581875538,1244,341,7.042
port5,0.1,0.0,6,-0.0030538000283072356,0.00347259,0.026745274665399117,4.006160940499275,1272,313,7.096
port5,0.1,0.0,16,-0.0029325250366565615,0.003341729999999998,0.02739196293503569,8.493225082686067,1272,313,5.177
port5,0.1,0.0,14,-0.0030537662232999565,0.0034732700000000005,0.026865735928882296,4.167273161878006,1249,336,5.777
port5,0.1,0.0,13,-0.0030454273810028966,0.00346202,0.026531230464700295,3.9634359545725806,1273,312,6.03
port5,0.1,0.0,15,-0.002810544250750711,0.00320345,0.02693710252593784,11.70772919419475,1281,304,6.295
port5,0.1,0.0,20,-0.002986594739537317,0.0034007199999999994,0.027212728724382303,6.646236395262506,1254,331,5.269
port5,0.1,0.0,21,-0.002986780297005176,0.0034019799999999998,0.027386438796386737,6.836403277529473,1271,314,5.217
port5,0.1,0.0,17,-0.002924645529361358,0.0033266899999999985,0.026339223724066003,7.408512814834343,1254,331,6.694
port5,0.1,0.0,22,-0.0028361601164237217,0.00322567,0.025873322858936856,9.385869638075544,1239,346,6.675
port5,0.1,0.0,18,-0.0029850942229906127,0.0033910800000000003,0.025860738003658488,4.713007336831909,1260,325,7.45
port5,0.1,0.0,24,-0.0027989435206113504,0.0031938999999999995,0.02748935782964917,12.656042537491448,1270,315,7.79
port5,0.1,0.0,19,-0.003040512767022444,0.003460349999999999,0.02716656639650196,4.947066737522417,1286,299,8.78
port5,0.1,0.0,23,-0.002982270514196078,0.0033982699999999997,0.027599363362933123,7.202194919222748,1279,306,8.568
port5,0.1,0.0,26,-0.002947190680834779,0.0033563399999999985,0.027113708555861617,7.734223954859325,1301,284,5.283
port5,0.1,0.0,27,-0.00300959295500055,0.0034239,0.026817353523315775,5.458941740357728,1231,354,5.949
port5,0.1,0.0,25,-0.0029284000771916713,0.0033269200000000006,0.025656952821473063,6.083170236367078,1265,320,7.057
port5,0.1,0.0,29,-0.003044043046394544,0.00346566,0.02739542910878678,5.104112395042409,1282,303,5.438
port5,0.1,0.0,30,-0.0030565874030618187,0.00347538,0.026693556701605222,3.849861328357468,1250,335,5.558
port5,0.1,0.0,28,-0.0030133233335365344,0.0034261199999999995,0.026492388805742968,4.8966678631924285,1279,306,6.549
port5,0.1,0.02,1,-0.002995797529736625,0.0034051099999999985,0.026230034362038718,5.0354421497107476,1260,325,5.466
port5,0.1,0.02,2,-0.0029677107500825635,0.0033705399999999996,0.02564668592965497,4.828769941593469,1258,327,5.095
port5,0.1,0.02,3,-0.002842685122194126,0.0032283599999999996,0.025067683938863137,6.264805906484928,1283,302,6.447
port5,0.1,0.02,5,-0.0030300299365505316,0.003445769999999998,0.026676405951602093,4.642696782436093,1268,317,5.436
port5,0.1,0.02,6,-0.0029128181801239775,0.00331982,0.027389746233950858,9.090449672598137,1259,326,5.258
port5,0.1,0.02,4,-0.0030381234813529304,0.0034595999999999993,0.027480269039270578,5.37840847284049,1273,312,6.244
port5,0.1,0.02,7,-0.0029484649882267344,0.0033530599999999993,0.026322806038351212,6.6468343119577495,1329,256,5.408
port5,0.1,0.02,8,-0.0029791667112946947,0.0033892099999999993,0.026668762383227462,6.196348935066427,1271,314,5.028
port5,0.1,0.02,12,-0.0030015424202537756,0.00341269,0.02643455688038373,5.174992642152658,1283,302,4.995
port5,0.1,0.02,11,-0.002973854335575167,0.0033828199999999973,0.02658639961048324,6.246928384568573,1256,329,5.309
port5,0.1,0.02,9,-0.0030418507551071196,0.0034590800000000002,0.026706037686800483,4.319914939940095,1272,313,6.137
port5,0.1,0.02,13,-0.002986127118583402,0.0033967300000000006,0.026632664421082426,5.933047366414647,1258,327,5.428
port5,0.1,0.02,10,-0.0029579546050506646,0.00336711,0.026915496456379074,7.166702841053391,1278,307,6.726
port5,0.1,0.02,14,-0.00302913350894963,0.0034434099999999996,0.026445319255091294,4.339248329476102,1276,309,6.585
port5,0.1,0.02,16,-0.0030028097038840083,0.0034152899999999996,0.026636684500138483,5.425256445630306,1312,273,5.427
port5,0.1,0.02,17,-0.0030523373708310013,0.0034744800000000003,0.027330318177620817,4.777758744564596,1290,295,5.393
port5,0.1,0.02,18,-0.003007338571995596,0.0034241199999999997,0.027270758699457512,6.080430800540355,1264,321,6.07
port5,0.1,0.02,19,-0.0029392536426152416,0.00335039,0.027585749470470895,8.493370411278898,1264,321,6.501
port5,0.1,0.02,20,-0.0029409010795981437,0.0033574700000000004,0.02842919633085973,9.243687281093923,1276,309,6.255
port5,0.1,0.02,15,-0.00292727553254069,0.00332953,0.026325171881548953,7.3059055704993225,1257,328,8.087
port5,0.1,0.02,22,-0.0030413384913059957,0.003458609999999999,0.026722744749371034,4.35846262940722,1257,328,5.794
port5,0.1,0.02,24,-0.003019254916116958,0.0034330499999999987,0.026549968716185077,4.79703399433394,1253,332,5.187
port5,0.1,0.02,23,-0.0030093340334878204,0.00342703,0.027384843711838153,6.148372057585116,1261,324,5.949
port5,0.1,0.02,21,-0.002981648159832426,0.0033951899999999998,0.027207138799876438,6.790677937669068,1272,313,7.157
port5,0.1,0.02,26,-0.0029956823513293557,0.00341548,0.02797313866384042,7.173298329352842,1276,309,5.16
port5,0.1,0.02,25,-0.003053196074074768,0.0034712299999999996,0.026629105491028465,3.8643123015672147,1254,331,6.461
port5,0.1,0.02,27,-0.0029871895307154927,0.0034019,0.02729843755318376,6.725812605314664,1267,318,5.115
port5,0.1,0.02,28,-0.0030488888731128342,0.003466239999999999,0.02659457216936659,3.9479931026938018,1274,311,5.47
port5,0.1,0.02,29,-0.0029796958924919958,0.0033930799999999993,0.027216926260693795,6.86148848500604,1291,294,4.974
port5,0.1,0.02,30,-0.00302343514644666,0.00343803,0.026606738536194184,4.748793664691395,1269,316,4.946
port5,0.1,0.04,2,-0.002932052163403815,0.0033340299999999995,0.026186797550709656,6.941621150370623,1278,307,4.85
port5,0.1,0.04,1,-0.0030164555406475687,0.0034304699999999993,0.026639718345438712,5.009596355075566,1290,295,5.722
port5,0.1,0.04,4,-0.0029965133502278594,0.0034148,0.02771401266004987,6.889262699440675,1268,317,4.908
port5,0.1,0.04,5,-0.0029011929516862497,0.00330516,0.02710185386901611,9.12555845037173,1313,272,5.414
port5,0.1,0.04,3,-0.0029220565613544774,0.0033191999999999996,0.025538879898210493,6.034701580721188,1288,297,6.083
port5,0.1,0.04,6,-0.003011525761095572,0.00343316,0.02798539599584535,6.706840157030607,1283,302,5.095
port5,0.1,0.04,7,-0.003026818025957047,0.0034418399999999985,0.026615404194366737,4.6568381633590255,1279,306,4.851
port5,0.1,0.04,9,-0.003027669095335648,0.0034466999999999987,0.027269195929537707,5.4590328180323615,1289,296,5.113
port5,0.1,0.04,8,-0.0029394183442061654,0.00334761,0.027098091407668327,7.9533906591159775,1302,283,6.152
port5,0.1,0.04,10,-0.0029583874507262487,0.0033611,0.02580746970815841,5.444291819015433,1299,286,5.227
port5,0.1,0.04,11,-0.002922723914192621,0.00332316,0.026099824866726507,7.087836616124066,1277,308,5.058
port5,0.1,0.04,12,-0.002853475513174889,0.0032547999999999995,0.027539877782065642,11.050402490756996,1303,282,4.957
port5,0.1,0.04,13,-0.0029966619777397536,0.00342285,0.028966018411277415,8.028371400855557,1285,300,4.817
port5,0.1,0.04,15,-0.0030417578104485338,0.0034630999999999993,0.027392004225953663,5.169796954062583,1297,288,5.077
port5,0.1,0.04,14,-0.002938777027295332,0.0033567899999999997,0.02869389703485191,9.533797398245168,1287,298,5.738
port5,0.1,0.04,17,-0.0029078257388769914,0.0033063400000000005,0.026053840623410755,7.472889310655578,1275,310,5.354
port5,0.1,0.04,19,-0.002935367391923734,0.0033453399999999996,0.027466089651835432,8.486108483171765,1293,292,4.945
port5,0.1,0.04,18,-0.0029908248937592853,0.0034018099999999995,0.026609040989993192,5.755847093535587,1266,319,5.524
port5,0.1,0.04,16,-0.003038862174706425,0.0034555000000000002,0.0266623002183936,4.351652401745501,1303,282,5.889
port5,0.1,0.04,20,-0.002940618837060722,0.0033439299999999997,0.026252269033224144,6.78046979817299,1268,317,5.086
port5,0.1,0.04,22,-0.002912393274582106,0.0033201099999999994,0.027514673433986735,9.235189807331889,1281,304,5.19
port5,0.1,0.04,23,-0.002936866369773425,0.0033522199999999995,0.02830753084014483,9.257448845039317,1303,282,4.996
port5,0.1,0.04,21,-0.00303160801212422,0.003451459999999999,0.027332396140071602,5.411360852196607,1273,312,5.652
port5,0.1,0.04,24,-0.00288768914328407,0.003281719999999998,0.025662980480826544,7.372211713917065,1250,335,4.938
port5,0.1,0.04,25,-0.002922543457415991,0.0033243599999999993,0.02634018651870338,7.474974955953016,1285,300,4.882
port5,0.1,0.04,26,-0.0029560346267029657,0.0033723600000000005,0.028122832947097387,8.511937403651121,1279,306,4.871
port5,0.1,0.04,27,-0.003005682338333886,0.003417459999999999,0.02646349592667487,5.090051416652178,1284,301,5.584
port5,0.1,0.04,29,-0.002963205238292768,0.0033683399999999987,0.026134414419923573,5.888802766472352,1281,304,5.081
port5,0.1,0.04,28,-0.003029005437358434,0.0034484499999999996,0.027312920503227967,5.46845155400508,1263,322,5.128
port5,0.1,0.04,30,-0.0030255270737286582,0.0034395100000000007,0.02646354592101027,4.477759843479789,1266,319,5.544
port5,0.1,0.06,2,-0.0028571331652256153,0.0032534599999999993,0.026642228655723167,9.914725159995463,1320,265,5.188
port5,0.1,0.06,1,-0.0028944888026797176,0.0032935699999999996,0.02640533986152847,8.43806769267932,1276,309,6.054
port5,0.1,0.06,3,-0.0030325294898421056,0.0034486099999999995,0.026686983748242184,4.580396267005181,1317,268,5.36
port5,0.1,0.06,6,-0.0029722881515816158,0.0033838699999999998,0.027054546460509216,6.897385774951026,1251,334,4.864
port5,0.1,0.06,4,-0.0028988836780719186,0.003309879999999999,0.02828574233215044,10.380633741503448,1282,303,5.893
port5,0.1,0.06,7,-0.002966073015395205,0.003377399999999999,0.02712692105728073,7.1729286272586705,1269,316,5.253
port5,0.1,0.06,5,-0.003041032564746565,0.00345842,0.026747978475659583,4.401959879384086,1285,300,6.163
port5,0.1,0.06,10,-0.002965101247116842,0.00337916,0.027593976314253366,7.7175335744334985,1262,323,4.741
port5,0.1,0.06,8,-0.002949398240803848,0.0033516699999999984,0.025904586311336845,5.910120937498488,1281,304,6.833
port5,0.1,0.06,11,-0.0029788860045885067,0.003387959999999999,0.026509997248489608,5.984067055207554,1297,288,5.489
port5,0.1,0.06,13,-0.003015698513337275,0.00342982,0.026671986551947212,5.077321044480688,1308,277,4.908
port5,0.1,0.06,12,-0.0029842287022901932,0.003394399999999999,0.026595356307033354,5.939945668792366,1292,293,5.874
port5,0.1,0.06,9,-0.0029735010645647883,0.00339656,0.028879566380957254,8.649124033601488,1299,286,6.955
port5,0.1,0.06,15,-0.0029917514488399903,0.0034026599999999996,0.026578666475203218,5.6849488947987075,1261,324,4.929
port5,0.1,0.06,16,-0.0030052365460779967,0.0034174799999999996,0.026550980004889355,5.230419998112869,1272,313,4.859
port5,0.1,0.06,14,-0.0028630476849295836,0.0032538799999999985,0.02558208651975355,7.9370918725592325,1283,302,6.421
port5,0.1,0.06,17,-0.0029174436118025015,0.00331704,0.026056167829805365,7.177825745953329,1268,317,5.645
port5,0.1,0.06,18,-0.003014334666046682,0.003435979999999999,0.02793695293930928,6.574451702588363,1295,290,6.044
port5,0.1,0.06,19,-0.002912954795343692,0.00332139,0.027621767621987557,9.328167316444425,1251,334,5.664
port5,0.1,0.06,20,-0.0030580198240596664,0.00347628,0.026576714608907783,3.6412201738498284,1281,304,5.424
port5,0.1,0.06,22,-0.002887287627807731,0.0033016099999999995,0.029010579482710967,11.328632106325554,1280,305,4.982
port5,0.1,0.06,21,-0.0029957140487741566,0.0034113900000000003,0.027301456229630615,6.469539289618532,1305,280,5.477
port5,0.1,0.06,23,-0.002891453340493431,0.00328541,0.025576485197651606,7.076653857874113,1268,317,4.815
port5,0.1,0.06,24,-0.0030085207563281084,0.0034203900000000006,0.026425412706690528,4.945862826841735,1284,301,5.186
port5,0.1,0.06,25,-0.0030202666829374294,0.003439209999999998,0.027390202091727833,5.82167167097216,1288,297,5.166
port5,0.1,0.06,26,-0.002993350983421564,0.0034132799999999986,0.028035872837925996,7.304313595485929,1300,285,5.462
port5,0.1,0.06,27,-0.0030384400766465904,0.0034553200000000004,0.026711032056700758,4.431549832035736,1303,282,5.634
port5,0.1,0.06,28,-0.0030744040586787777,0.0034953,0.026714404601492072,3.3309810330486003,1286,299,6.0
port5,0.1,0.08,1,-0.0030466364778335407,0.0034687799999999994,0.027434562538239823,5.069037982674415,1278,307,5.428
port5,0.1,0.06,29,-0.00292411176393622,0.0033366399999999997,0.028082776939572635,9.437243347821921,1303,282,6.267
port5,0.1,0.06,30,-0.003040969106905703,0.003462269999999999,0.02739961552545896,5.202328678607791,1299,286,6.244
port5,0.1,0.08,3,-0.00302075728770193,0.0034355799999999997,0.02669545135375492,4.953850988107522,1273,312,5.116
port5,0.1,0.08,2,-0.0030013466898097187,0.0034125599999999994,0.026449444264536277,5.2030619496288715,1296,289,6.076
port5,0.1,0.08,6,-0.0029775086626933306,0.00338692,0.026593107623342827,6.143744146360355,1266,319,5.097
port5,0.1,0.08,4,-0.0030241480546938076,0.00343852,0.026555591747538205,4.654347621318711,1295,290,6.206
port5,0.1,0.08,7,-0.0030437774745778437,0.00346476,0.02729588346658817,4.998926626677237,1279,306,5.077
port5,0.1,0.08,5,-0.0029891827934961828,0.0034051099999999994,0.027462011307225285,6.845978249576245,1316,269,6.168
port5,0.1,0.08,9,-0.0030035068679362524,0.0034209799999999992,0.027454531877951844,6.402391274983625,1272,313,5.401
port5,0.1,0.08,8,-0.0027713808814535837,0.0031565300000000003,0.026362116483017214,12.1805679812993,1301,284,5.88
port5,0.1,0.08,10,-0.003027727225751572,0.00344286,0.0266170573596008,4.631177976682318,1269,316,5.813
port5,0.1,0.08,11,-0.002898588757638053,0.00330541,0.027618878029700412,9.761000087263422,1266,319,5.211
port5,0.1,0.08,12,-0.002941188769634452,0.003354239999999999,0.027861663691450142,8.711511470192079,1306,279,6.281
port5,0.1,0.08,14,-0.0030383059494881477,0.0034592500000000005,0.027389605786110358,5.272134598089266,1318,267,5.497
port5,0.1,0.08,13,-0.0029552378482127803,0.0033653599999999995,0.02712676755295763,7.503641288105677,1292,293,6.233
port5,0.1,0.08,17,-0.003015293732303999,0.0034290799999999997,0.02662297272958096,5.022137715276372,1283,302,5.164
port5,0.1,0.08,19,-0.003009590727848105,0.003427679999999998,0.027444721195868143,6.206677647682186,1273,312,5.13
port5,0.1,0.08,18,-0.0030148121111806966,0.0034368900000000006,0.02799801579028497,6.619960417094561,1306,279,5.363
port5,0.1,0.08,16,-0.003030933521660889,0.00345087,0.02735863270324581,5.461605767969172,1309,276,5.731
port5,0.1,0.08,15,-0.002752059976815604,0.0031406099999999994,0.02729267725680184,13.883032578643787,1304,281,6.404
port5,0.1,0.08,20,-0.0029614110357512147,0.00337462,0.027522166384350226,7.754181036783109,1273,312,5.025
port5,0.1,0.08,21,-0.003036532440073687,0.003452939999999999,0.026667125815564054,4.429959513975447,1301,284,4.98
port5,0.1,0.08,23,-0.002950157590929334,0.0033669199999999994,0.028296715192874466,8.847950315980786,1291,294,5.085
port5,0.1,0.08,22,-0.0029995728173562762,0.0034154899999999998,0.027270530365895575,6.316843949437886,1307,278,5.73
port5,0.1,0.08,25,-0.002894787694561151,0.0032895,0.02564416218924869,7.111494024826292,1292,293,5.14
port5,0.1,0.08,24,-0.0029171822919253744,0.003317079999999999,0.02611315914910044,7.2823194562163165,1275,310,5.872
port5,0.1,0.08,27,-0.003017330645289915,0.0034312299999999995,0.026603825798197672,4.932630353896064,1304,281,5.04
port5,0.1,0.08,26,-0.002844652162208923,0.0032327999999999996,0.025469165237808036,7.8792299878255365,1295,290,5.927
port5,0.1,0.08,28,-0.002957564558459089,0.0033685200000000007,0.02722194731111498,7.542209758907499,1297,288,5.113
port5,0.1,0.08,29,-0.002921959577812945,0.00332225,0.026089350736853274,7.093937396593278,1312,273,5.394
port5,0.1,0.08,30,-0.002966016969500308,0.0033727899999999996,0.026361720448349325,6.163223223732927,1306,279,5.191
port5,0.1,0.1,2,-0.0028102967809722707,0.0031981099999999997,0.026077235096483964,10.54383923835441,1279,306,4.919
port5,0.1,0.1,3,-0.0030546829464700876,0.003473229999999998,0.026687834968372817,3.9005056320718565,1309,276,5.006
port5,0.1,0.1,1,-0.002881195320227842,0.0032809399999999974,0.026767644605410288,9.336005180016278,1320,265,5.883
port5,0.1,0.1,4,-0.003005883918284612,0.0034231899999999996,0.02738376922839296,6.252164355496564,1329,256,5.418
port5,0.1,0.1,5,-0.003050102247496166,0.00346798,0.0266607862794468,4.003859084310643,1321,264,5.599
port5,0.1,0.1,6,-0.0029340671098901628,0.003342969999999999,0.02731407880742744,8.361414764807103,1309,276,5.983
port5,0.1,0.1,8,-0.002911587013544798,0.00331339,0.026545053485574642,8.10777683407164,1302,283,5.161
port5,0.1,0.1,10,-0.002974937745295801,0.00338618,0.026948887677267427,6.68788685707218,1303,282,5.153
port5,0.1,0.1,11,-0.002943695055899853,0.0033465,0.02610650189131954,6.447689818796583,1315,270,5.224
port5,0.1,0.1,13,-0.002848628071211709,0.003238509999999999,0.02569648395954016,8.663165650521842,1298,287,5.206
port5,0.1,0.1,9,-0.0029944665721981793,0.003404849999999999,0.02643831080114982,5.398989117616253,1280,305,6.341
port5,0.1,0.1,7,-0.0027884818798790314,0.0031865599999999993,0.028181930402470315,13.613624247088062,1317,268,6.823
port5,0.1,0.1,15,-0.0029013914907851427,0.00329701,0.0256744053903605,6.965532189195807,1318,267,5.314
port5,0.1,0.1,12,-0.002989827775791056,0.0034036799999999996,0.02710797377321728,6.425074876380554,1301,284,6.238
port5,0.1,0.1,14,-0.0029753695231849683,0.003387029999999999,0.027010641757468718,6.750281355163778,1298,287,6.495
port5,0.1,0.1,16,-0.002797534037383868,0.0031973199999999996,0.028293808972305465,13.436547169179677,1319,266,5.66
port5,0.1,0.1,17,-0.0029772321251655544,0.0033882399999999994,0.02686705693492408,6.515263658928572,1321,264,5.552
port5,0.1,0.1,20,-0.0030304129763554168,0.0034503100000000007,0.02736165631766175,5.480859849288091,1268,317,5.001
port5,0.1,0.1,19,-0.00298528366803719,0.0034047899999999996,0.028111800362625304,7.619872392234543,1306,279,5.444
port5,0.1,0.1,21,-0.0029858678702780134,0.00339214,0.02589558451203347,4.755510248463537,1308,277,4.903
port5,0.1,0.1,22,-0.0029090922883776896,0.0033152499999999975,0.027318988199109478,9.127440869880823,1313,272,5.153
port5,0.1,0.1,25,-0.002924979082015297,0.0033225,0.025548173708643557,5.962718549261478,1303,282,5.267
port5,0.1,0.1,18,-0.002961128075663076,0.00337199,0.027140914563979733,7.340251050624828,1292,293,6.89
port5,0.1,0.1,24,-0.0029219271993811903,0.0033241300000000002,0.026417759295369797,7.6085901833419065,1314,271,6.712
port5,0.1,0.1,23,-0.002983897744087283,0.00340061,0.02768596321472631,7.242709014516406,1319,266,6.85
port5,0.1,0.1,28,-0.0028752041493578374,0.0032794999999999994,0.02763075291087123,10.482194262994572,1283,302,5.213
port5,0.1,0.1,26,-0.002909943252517223,0.003309219999999998,0.026144740863656608,7.559191204999354,1301,284,6.889
port5,0.1,0.1,27,-0.0029750747478141204,0.0033924000000000003,0.027943738508989766,7.767149953270681,1312,273,6.558
port5,0.1,0.1,29,-0.0029860851740395543,0.00340173,0.02747213605827648,6.951053341270928,1284,301,5.567
port5,0.1,0.1,30,-0.0029798135909458756,0.00339769,0.027947702777531603,7.62785458321123,1260,325,4.946
port5,0.3,0.0,2,-0.002215309048501961,0.0034687999999999993,0.02663650073977673,3.9431927624004617,1256,329,5.074
port5,0.3,0.0,1,-0.0021747456001721135,0.0033974893331408683,0.026044636877643638,4.904259865104171,1255,330,5.335
port5,0.3,0.0,3,-0.0021359302628163115,0.00333283,0.025628807826590307,5.853748995699467,1257,328,5.137
port5,0.3,0.0,4,-0.0021877210186857423,0.00342511,0.026448439230211503,4.852780829080735,1253,332,5.061
port5,0.3,0.0,5,-0.0021663055782990544,0.00339941,0.026663421992244078,5.905929590534641,1262,323,5.907
port5,0.3,0.0,7,-0.002134624371112126,0.0033776699999999997,0.027673370405974146,7.853469801487109,1280,305,5.082
port5,0.3,0.0,6,-0.0020876466940111626,0.003302589999999999,0.02733534378717027,9.494883126907794,1302,283,5.162
port5,0.3,0.0,8,-0.0020681891812832903,0.0032418282797163148,0.025890192127401592,8.965307501310988,1252,333,5.756
port5,0.3,0.0,9,-0.0022002472493960964,0.0034488135707422384,0.026703448598977542,4.599941058902525,1277,308,6.509
port5,0.3,0.0,11,-0.002122105247243151,0.0033379599999999996,0.026737411539940872,7.716286508434929,1260,325,5.608
port5,0.3,0.0,10,-0.002103802246900051,0.003319459999999999,0.0270690323124629,8.688868047074614,1263,322,6.211
port5,0.3,0.0,13,-0.0022147722405557635,0.0034686299999999995,0.02666263049314753,3.9887255827724495,1299,286,5.196
port5,0.3,0.0,12,-0.0021985020011314263,0.0034401499999999995,0.026432492559258253,4.408569350386215,1252,333,6.13
port5,0.3,0.0,14,-0.0021169872824857707,0.003304830000000001,0.025586045514057677,6.549056391739128,1268,317,5.748
port5,0.3,0.0,16,-0.0021616418511507768,0.0033744099999999996,0.025848607238380915,5.156244187825386,1273,312,4.877
port5,0.3,0.0,15,-0.0021081962551819803,0.003299899999999999,0.025931560231888563,7.417117088862076,1254,331,6.303
port5,0.3,0.0,19,-0.0020871456034875302,0.0032995243394560976,0.027234869446583706,9.452444144074047,1264,321,5.053
port5,0.3,0.0,18,-0.0021943833191254477,0.0034366899999999988,0.026539259024732365,4.678947562795327,1298,287,5.282
port5,0.3,0.0,17,-0.0021546080231145334,0.0033799015978077016,0.02654072941417007,6.256362835231158,1281,304,5.898
port5,0.3,0.0,20,-0.0021216453424774523,0.0033577500000000005,0.027615192528905045,8.327677525205472,1263,322,5.602
port5,0.3,0.0,21,-0.002171831591393096,0.0034226899999999995,0.027328337466623897,6.194561643293223,1268,317,5.081
port5,0.3,0.0,23,-0.002102017286718968,0.0032951280339959172,0.026113364208017725,7.896282832664869,1263,322,5.056
port5,0.3,0.0,22,-0.0021949770444904954,0.003433939999999999,0.026380608756528215,4.494028345741549,1269,316,5.438
port5,0.3,0.0,24,-0.002074505632676967,0.0032418599999999988,0.025481782206315653,7.753322566985669,1278,307,5.835
port5,0.3,0.0,25,-0.002147671458091018,0.00338016,0.026983979315449498,6.902598093906525,1295,290,5.445
port5,0.3,0.0,27,-0.002198542465614094,0.00344086,0.026461263158681952,4.436489089578471,1285,300,5.297
port5,0.3,0.0,28,-0.002186970115815797,0.0034481499999999997,0.027491506820846966,5.705748890358287,1248,337,4.889
port5,0.3,0.0,26,-0.002205871162709026,0.0034528899999999997,0.02652997281635582,4.214678762544252,1270,315,6.031
port5,0.3,0.0,29,-0.0019718251771189306,0.00312181,0.026673446401560046,13.603750360752402,1278,307,5.913
port5,0.3,0.0,30,-0.002197582562742833,0.0034467872456681583,0.026781119544987728,4.773192489808755,1240,345,6.252
port5,0.3,0.02,1,-0.0021465013179709624,0.0033476799999999996,0.025617356227698288,5.408455249424889,1266,319,6.185
port5,0.3,0.02,2,-0.0020878236901867605,0.003317459999999999,0.027952239612908696,9.814108323862385,1280,305,5.194
port5,0.3,0.02,4,-0.002221644120500032,0.00347709,0.026603187747584467,3.66099836019753,1266,319,5.344
port5,0.3,0.02,5,-0.0021520747389545108,0.003374869999999999,0.026478561204962812,6.2970731383541105,1288,297,5.16
port5,0.3,0.02,3,-0.00218227386575203,0.00341065,0.026152191383513147,4.739581992132908,1258,327,5.995
port5,0.3,0.02,7,-0.0021883675283944975,0.00342804,0.026536796566623142,4.914933584066393,1296,289,5.195
port5,0.3,0.02,8,-0.002146953678438306,0.00340644,0.028139789241196898,7.606208437689243,1288,297,5.236
port5,0.3,0.02,9,-0.0022203314372899177,0.0034749699999999995,0.02659245273318995,3.702717988015666,1317,268,5.227
port5,0.3,0.02,10,-0.002189788517734069,0.00344898,0.027355528525079435,5.50936768331229,1235,350,5.128
port5,0.3,0.02,6,-0.0021426529794865675,0.0033817200000000004,0.027358790209207746,7.356206069620155,1255,330,6.252
port5,0.3,0.02,11,-0.0021661237005707427,0.00339794,0.02661041772371971,5.865195425958004,1266,319,5.803
port5,0.3,0.02,13,-0.002144424717342996,0.0033580600000000004,0.026218141470936,6.326672153641392,1260,325,5.68
port5,0.3,0.02,12,-0.0021627066981975114,0.0034236899999999988,0.027921097268462744,6.890358369217463,1255,330,6.027
port5,0.3,0.02,14,-0.0021803475939854242,0.00343336,0.02726440940215989,5.818651011133314,1248,337,5.713
port5,0.3,0.02,16,-0.0021692670619411483,0.0034038199999999997,0.026671266565279017,5.795794376441165,1275,310,5.132
port5,0.3,0.02,15,-0.002065639050109301,0.0032398951609899688,0.025967130670887042,9.169401193181347,1275,310,6.102
port5,0.3,0.02,18,-0.0021832776745895313,0.003443952197196628,0.02753717871339936,5.877737614865589,1278,307,5.222
port5,0.3,0.02,19,-0.0021245654242545405,0.0033312299999999993,0.02628659834373522,7.193377550673367,1278,307,5.075
port5,0.3,0.02,20,-0.002152250373639057,0.0034018800000000004,0.027632446288191902,7.143731188472579,1274,311,5.131
port5,0.3,0.02,17,-0.002184242225304576,0.00340617,0.025824844284488502,4.213369584660957,1283,302,6.669
port5,0.3,0.02,21,-0.0021995764642551135,0.00346183,0.027307174621631736,5.094143459611718,1276,309,5.857
port5,0.3,0.02,22,-0.0021606660543794587,0.0034050499999999984,0.02725612748359161,6.584387037853108,1280,305,6.061
port5,0.3,0.02,23,-0.0022044166881265708,0.0034531599999999994,0.02663301909744299,4.37086258442218,1235,350,5.33
port5,0.3,0.02,27,-0.0022078864234315217,0.00346216,0.02680954908041028,4.390905388131134,1264,321,4.898
port5,0.3,0.02,25,-0.0019693306733780925,0.00309357,0.025571359409953635,10.945528852003694,1280,305,5.24
port5,0.3,0.02,30,-0.0021672032354148893,0.003410289999999999,0.02708011352666442,6.205498817756816,1278,307,4.95
port5,0.3,0.02,26,-0.002099584452308444,0.0032944500000000004,0.02623804792609112,8.13540346443886,1270,315,6.547
port5,0.3,0.02,24,-0.0021894735860623358,0.00343203,0.026642535786323824,4.970764052751414,1271,314,6.931
port5,0.3,0.04,1,-0.0021244599022389845,0.003332769999999999,0.026361531174612166,7.276333938612095,1281,304,4.957
port5,0.3,0.02,28,-0.0021913809021322154,0.0034377193260953036,0.026772039278228143,5.010187179639493,1277,308,6.198
port5,0.3,0.02,29,-0.0021677105387457123,0.0034107,0.02706655139061791,6.175653279012445,1264,321,6.473
port5,0.3,0.04,3,-0.0022199755401443033,0.00347744,0.026722802987691772,3.8378429144381734,1251,334,5.38
port5,0.3,0.04,2,-0.002000152615286012,0.0031712999999999993,0.027065191957813463,12.759533104900266,1298,287,6.333
port5,0.3,0.04,4,-0.0021418153011385625,0.0033505041256729614,0.026047238294587678,6.224348768524344,1297,288,5.309
port5,0.3,0.04,5,-0.0021521132240114238,0.0033758099999999995,0.026517527284708374,6.333197697815061,1301,284,5.338
port5,0.3,0.04,7,-0.0021696631040405614,0.00340029,0.02649150152781318,5.6122297680855056,1275,310,5.126
port5,0.3,0.04,6,-0.0022009039170144233,0.003450039999999997,0.026716042807370437,4.585229219342706,1296,289,5.925
port5,0.3,0.04,8,-0.002103779823684838,0.003313652568678634,0.026818959362747214,8.505388096959058,1294,291,5.234
port5,0.3,0.04,11,-0.002176055357852079,0.00340781,0.026420424053367045,5.287194090199064,1276,309,5.166
port5,0.3,0.04,10,-0.002158699246807398,0.00340705,0.02746123044054427,6.791929745109171,1278,307,5.576
port5,0.3,0.04,12,-0.0021947362445481197,0.003444103649123594,0.026841281007582093,4.936258611788642,1271,314,5.192
port5,0.3,0.04,9,-0.002155510073847093,0.003413,0.027903997691663383,7.161358826847811,1311,274,6.054
port5,0.3,0.04,14,-0.0020995300227930626,0.0033121041768884463,0.027014989729706847,8.818937913695935,1284,301,5.142
port5,0.3,0.04,13,-0.002176954705769733,0.0034046999999999997,0.026225642301016934,5.039068013934315,1267,318,5.64
port5,0.3,0.04,16,-0.0021994640769384677,0.0034443,0.026554718542507127,4.492675339365638,1277,308,5.212
port5,0.3,0.04,15,-0.001954771789838102,0.0030764900000000003,0.02574044872452031,11.992181858113169,1310,275,5.697
port5,0.3,0.04,17,-0.0021885424785121426,0.0034303899999999993,0.02662896427375378,4.995157045088498,1265,320,5.062
port5,0.3,0.04,18,-0.0020859856046274742,0.00327822,0.026379815223798536,8.823688124442521,1298,287,5.155
port5,0.3,0.04,20,-0.002068603978226943,0.0032634099999999996,0.026819335175270888,9.893182453344313,1278,307,5.174
port5,0.3,0.04,19,-0.0021946927745180255,0.0034345299999999973,0.026424623963390168,4.551587935204299,1295,290,5.929
port5,0.3,0.04,21,-0.002127748937556181,0.0033522400000000003,0.027007348533551537,7.703619583143181,1300,285,5.855
port5,0.3,0.04,23,-0.002145891104367327,0.00337916,0.027050625108776663,7.021647378029368,1280,305,5.83
port5,0.3,0.04,24,-0.002146661944405171,0.00337466,0.026807962473540618,6.80495849427059,1266,319,5.706
port5,0.3,0.04,22,-0.002054120275006126,0.0032633071367948047,0.02770046454184704,11.004517544083365,1276,309,6.363
port5,0.3,0.04,27,-0.00210434266853304,0.00330703,0.02649391952045849,8.204814516287433,1269,316,5.142
port5,0.3,0.04,26,-0.0021456591441135157,0.0033552411625021035,0.026013436889292203,6.026672408865451,1261,324,5.52
port5,0.3,0.04,25,-0.0020778521462254426,0.003279651560922629,0.026950816092801172,9.626077576386747,1292,293,6.1
port5,0.3,0.04,28,-0.002171872720380972,0.0033950018432630895,0.026116952980978377,5.1113489114563695,1269,316,5.749
port5,0.3,0.04,29,-0.0020761368144150538,0.003241139999999999,0.02534174326974799,7.175353256109661,1285,300,5.335
port5,0.3,0.04,30,-0.0021709242481816166,0.0033937,0.026119325656072064,5.152153761788162,1281,304,5.204
port5,0.3,0.06,1,-0.0021678529766940495,0.00341961,0.027439267683738097,6.420621716853047,1310,275,5.177
port5,0.3,0.06,2,-0.00213758316390688,0.0033723999999999994,0.02727005904486453,7.498149053558334,1308,277,5.839
port5,0.3,0.06,3,-0.002181818495729886,0.0034216399999999992,0.026666427349141566,5.295209049092783,1274,311,5.367
port5,0.3,0.06,7,-0.0021669236945580637,0.003404659999999998,0.02685382067428115,6.043125723005994,1311,274,5.178
port5,0.3,0.06,4,-0.0021363896258478807,0.003358128691766659,0.02672704363179612,7.14343974541884,1279,306,6.019
port5,0.3,0.06,6,-0.0021077781146886447,0.0033277199999999997,0.027180010136823907,8.60781072203612,1276,309,5.833
port5,0.3,0.06,5,-0.0022032766842716555,0.0034557288338181993,0.02681625746949564,4.57845534101114,1274,311,6.086
port5,0.3,0.06,9,-0.0021808400097162745,0.0034399979994232787,0.027517181897862814,5.960837479178876,1257,328,5.9
port5,0.3,0.06,8,-0.002187416065710692,0.0034299399999999994,0.02667970104088548,5.0858204126082525,1270,315,6.594
port5,0.3,0.06,10,-0.002161356575857477,0.00339257,0.026673483970822885,6.1105106090770525,1285,300,5.978
port5,0.3,0.06,12,-0.0021746315751124067,0.0034416100000000003,0.027958029549522572,6.445760213339166,1289,296,5.199
port5,0.3,0.06,11,-0.002148781045344746,0.0033665599999999993,0.026319254970157878,6.264955313433538,1300,285,6.195
port5,0.3,0.06,13,-0.002220462937488789,0.0034761000000000006,0.026633754429996707,3.7367339980762395,1264,321,4.861
port5,0.3,0.06,15,-0.0020050182969962075,0.003163719999999999,0.026431401968352652,12.088053183883455,1285,300,5.156
port5,0.3,0.06,14,-0.0021670883142960876,0.0034152599999999985,0.027300408159580753,6.362070471308318,1312,273,6.037
port5,0.3,0.06,16,-0.0021369649552874202,0.0033543499999999994,0.02652546227762922,6.941165043186544,1292,293,5.32
port5,0.3,0.06,18,-0.00218865236614784,0.0034269133341285974,0.026469288350978747,4.836966357416978,1288,297,5.38
port5,0.3,0.06,19,-0.0021327153873167337,0.0033725899999999987,0.027573998179641675,7.8728062568034325,1271,314,5.744
port5,0.3,0.06,17,-0.002108380229348843,0.0032985899999999997,0.02586070188858999,7.3118388395922524,1307,278,6.18
port5,0.3,0.06,20,-0.002113168524793096,0.0033296955479520615,0.026933149263398275,8.222752837125334,1283,302,5.166
port5,0.3,0.06,21,-0.0021625555559037033,0.003409459999999999,0.027329254416973297,6.558337516151785,1287,298,5.168
port5,0.3,0.06,23,-0.0020640381931040057,0.003236991694225349,0.025939416136691675,9.197331337897117,1285,300,5.196
port5,0.3,0.06,22,-0.0021695630367680823,0.003390223990966508,0.026050832162554414,5.119598977952597,1272,313,5.638
port5,0.3,0.06,25,-0.002215378177581241,0.0034671299999999997,0.026558917047372187,3.866397957126422,1302,283,5.114
port5,0.3,0.06,24,-0.0021634774113715796,0.0034082699999999997,0.027222024699889606,6.451269950865909,1296,289,5.907
port5,0.3,0.06,26,-0.0021996496380336447,0.0034432377238878967,0.02649633740021964,4.4279574040029095,1271,314,4.853
port5,0.3,0.06,27,-0.002207559722775905,0.0034596099999999997,0.026718737321967792,4.324681062926759,1282,303,5.136
port5,0.3,0.06,28,-0.0021535690810197882,0.00338692,0.026911888264000303,6.61543130736103,1291,294,5.159
port5,0.3,0.06,29,-0.00212552462930118,0.003349375860569458,0.02702088532335935,7.8008720826101,1287,298,5.172
port5,0.3,0.06,30,-0.002123700420360912,0.00331278,0.02551114655982677,6.151979963541219,1276,309,5.632
port5,0.3,0.08,2,-0.002047753394623461,0.0032616600000000004,0.02801241423467693,11.396543343817944,1286,299,5.829
port5,0.3,0.08,3,-0.0021485717345006063,0.003401619999999999,0.027842549302544876,7.399831394320081,1315,270,5.925
port5,0.3,0.08,1,-0.002213199793631958,0.0034643899999999995,0.02657525204446438,3.9684631296232307,1306,279,6.263
port5,0.3,0.08,4,-0.002211507526247004,0.00346196,0.026574704372955612,4.034947932068826,1271,314,5.814
port5,0.3,0.08,6,-0.0020420272443227787,0.0032405299999999993,0.027467784504592568,11.35526285808761,1280,305,5.244
port5,0.3,0.08,5,-0.0021153153264318403,0.003310649999999999,0.025957636870367517,7.167115318927144,1302,283,5.874
port5,0.3,0.08,7,-0.002194336696398502,0.0034559399999999994,0.027375250598639704,5.344245262564437,1308,277,5.924
port5,0.3,0.08,8,-0.002022122401340903,0.003186579999999999,0.026361815735333086,11.344054526499033,1287,298,5.501
port5,0.3,0.08,9,-0.002116238008829065,0.0033238049987668484,0.026484302917497433,7.723971289917689,1259,326,4.954
port5,0.3,0.08,10,-0.0021783122545260846,0.0034098899999999996,0.026369853082255063,5.144840654137511,1252,333,5.097
port5,0.3,0.08,11,-0.0021204900396795475,0.0033190699999999995,0.026003779233055867,7.021209054370609,1287,298,5.894
port5,0.3,0.08,12,-0.002189187421825508,0.0034326799999999996,0.026688860233843602,5.024039902396895,1286,299,5.47
port5,0.3,0.08,13,-0.002203072455398415,0.00344842,0.026509215039402463,4.305031152412101,1302,283,5.412
port5,0.3,0.08,14,-0.0020739379693305747,0.003249859999999999,0.02588204208001012,8.723618702485197,1291,294,5.459
port5,0.3,0.08,15,-0.0021460012328358823,0.003352509999999998,0.025868627535048188,5.8130596247765425,1288,297,5.637
port5,0.3,0.08,16,-0.0021984679707278054,0.0034442899999999987,0.02661672589883998,4.591045796780423,1313,272,5.623
port5,0.3,0.08,17,-0.0020673299358997792,0.0032511399999999996,0.026360833579398328,9.546298581242047,1290,295,5.341
port5,0.3,0.08,18,-0.0021437153811502178,0.00335462,0.026109935455670398,6.227080204019641,1284,301,5.991
port5,0.3,0.08,21,-0.0021158621127832095,0.003329871855594911,0.026773630443232003,7.992486325215324,1296,289,5.169
port5,0.3,0.08,19,-0.002182547082920017,0.0034164699999999996,0.026393301996275632,5.001255766129964,1290,295,5.872
port5,0.3,0.08,22,-0.002133357724429843,0.0033411802019587145,0.02617049336824821,6.712901319858861,1281,304,5.172
port5,0.3,0.08,20,-0.0020556513415912565,0.0032367700000000004,0.026463034495231505,10.107468821144307,1292,293,5.963
port5,0.3,0.08,23,-0.0021623082905087606,0.0033767299999999997,0.025910275277788854,5.218237418549194,1275,310,5.594
port5,0.3,0.08,24,-0.00218768384238306,0.0034274599999999985,0.02655423115167268,4.958855432478451,1285,300,5.411
port5,0.3,0.08,25,-0.002128767425662618,0.003334919999999999,0.026183746506651808,6.911337249777539,1295,290,5.379
port5,0.3,0.08,26,-0.0021429812012717458,0.0033555665668977153,0.026198943716408008,6.362186394117198,1265,320,5.604
port5,0.3,0.08,27,-0.0021654233381904306,0.003388679999999997,0.026245803588990993,5.521549095357522,1271,314,5.522
port5,0.3,0.08,29,-0.0020783681879446934,0.0032802199999999995,0.02694350954963036,9.60050993020123,1309,276,5.405
port5,0.3,0.08,28,-0.002205733386759813,0.003452029999999999,0.026500793273673037,4.191160717852264,1311,274,5.647
port5,0.3,0.08,30,-0.002217978932751649,0.0034750899999999997,0.026744723295655356,3.936213887924334,1294,291,6.092
port5,0.3,0.1,2,-0.0021788606549487067,0.00343472,0.027413095717879886,5.973873581157099,1320,265,5.988
port5,0.3,0.1,3,-0.002228205629409012,0.0034895600000000005,0.026738634382417997,3.5269091587294836,1287,298,5.415
port5,0.3,0.1,1,-0.002195145414981146,0.0034350399999999994,0.02641859099314049,4.527330022839941,1318,267,6.523
port5,0.3,0.1,4,-0.0022251811904788394,0.0034870400000000003,0.026817084698699124,3.7151116465680465,1321,264,6.119
port5,0.3,0.1,5,-0.00217889249336399,0.00343033,0.027223672703244262,5.847969092151373,1288,297,5.926
port5,0.3,0.1,6,-0.0021254855495784685,0.0033403599999999997,0.026631212916521544,7.491934415911097,1306,279,5.761
port5,0.3,0.1,7,-0.0021374699596616044,0.0033653399999999997,0.026973322644074045,7.296089621248054,1305,280,6.517
port5,0.3,0.1,11,-0.002130129781701052,0.0033460700000000005,0.02659067620419783,7.272027453542715,1295,290,6.383
port5,0.3,0.1,8,-0.0020605005856994024,0.0032206599999999998,0.025427112452432645,7.9393838905606025,1301,284,7.086
port5,0.3,0.1,10,-0.0021412646769055615,0.003349,0.026015080440290654,6.204657670657525,1297,288,6.872
port5,0.3,0.1,9,-0.0020773875616449545,0.0032476199999999992,0.025556893287659487,7.95606785811533,1285,300,7.556
port5,0.3,0.1,13,-0.0022060216991231616,0.0034569300000000004,0.026697646642656142,4.36655525122113,1297,288,5.436
port5,0.3,0.1,12,-0.0021126167697349827,0.0033347299999999993,0.02718420069728105,8.420756397203752,1315,270,6.795
port5,0.3,0.1,16,-0.002146910400169843,0.0033772599999999987,0.026905488896639386,6.872761437863834,1301,284,5.563
port5,0.3,0.1,14,-0.0021318573004838904,0.003354728676110505,0.026860924083971432,7.431184720271606,1293,292,6.92
port5,0.3,0.1,15,-0.00204664392128689,0.003230959999999999,0.026772378720932324,10.723761310114872,1321,264,6.55
port5,0.3,0.1,18,-0.002119194356361599,0.0033510000000000002,0.027477605647654234,8.345400416152538,1306,279,5.365
port5,0.3,0.1,17,-0.002089231662338268,0.0032664900000000004,0.02564574933341665,7.764705680733306,1300,285,6.462
port5,0.3,0.1,19,-0.0021102301439852623,0.0033265400000000002,0.0269782539597319,8.371618251198894,1283,302,5.377
port5,0.3,0.1,22,-0.002040156760982472,0.00321500740206252,0.026479452440291127,10.737006042643998,1297,288,5.291
port5,0.3,0.1,20,-0.00217133797631521,0.00341293,0.026939006643699786,5.936807206915751,1274,311,5.961
port5,0.3,0.1,23,-0.002219477974601111,0.0034759999999999995,0.026690948865291924,3.8286967408089123,1299,286,5.248
port5,0.3,0.1,24,-0.002195090051347206,0.003439709999999999,0.02662748884472544,4.734747503761271,1294,291,5.335
port5,0.3,0.1,21,-0.0020873019209648935,0.00326746,0.025814729583134376,8.093450719010773,1292,293,6.216
port5,0.3,0.1,25,-0.002131262276730754,0.0033352199999999986,0.02603790335064407,6.634363507815261,1296,289,5.433
port5,0.3,0.1,26,-0.002152916208993178,0.0033849399999999995,0.02686644691846577,6.60544402612279,1296,289,5.641
port5,0.3,0.1,29,-0.002046678748364679,0.003234779999999999,0.02693617466254384,10.842982991435969,1311,274,5.381
port5,0.3,0.1,27,-0.0020880942054915972,0.0033060634850317675,0.02745603965315218,9.548331732671741,1306,279,6.392
port5,0.3,0.1,28,-0.002206019381505855,0.0034599302787413277,0.026828580134691842,4.480726707161991,1311,274,6.568
port5,0.5,0.0,3,-0.0012952335268817917,0.0032841899999999993,0.02633862081120452,8.590414854924239,1275,310,5.634
port5,0.3,0.1,30,-0.0021980561755749373,0.0034398899999999997,0.026449122507502497,4.443333729925581,1293,292,6.171
port5,0.5,0.0,4,-0.0013541153783791359,0.00340687,0.026431784715408985,5.332150940431701,1260,325,6.027
port5,0.5,0.0,7,-0.0013135818202684936,0.003315350038689611,0.02623330703805038,7.544408001963757,1282,303,5.667
port5,0.5,0.0,6,-0.0013154562545460483,0.0033145799999999984,0.026147035987046426,7.413585658785427,1284,301,6.414
port5,0.5,0.0,9,-0.0013733144929171902,0.003461799999999999,0.026742681506640633,4.300502064865741,1272,313,5.457
port5,0.5,0.0,5,-0.001351739990061015,0.00340915,0.026564450302574864,5.482719426518025,1270,315,7.411
port5,0.5,0.0,8,-0.0013128262274617786,0.00332817,0.026505047539599758,7.63548278727528,1257,328,7.021
port5,0.5,0.0,10,-0.0013595175077186462,0.00339456,0.025990863482437586,4.8808241351013635,1273,312,6.413
port5,0.5,0.0,11,-0.0013646930332823519,0.00341373,0.02615996814667967,4.667937175755549,1256,329,5.389
port5,0.5,0.0,12,-0.0013927008600847935,0.0035010700000000002,0.026751977120026357,3.229151434015053,1244,341,5.662
port5,0.5,0.0,13,-0.0013740358288117508,0.0034518200000000004,0.026528255547180236,4.241598620500669,1270,315,5.947
port5,0.5,0.0,15,-0.0013086018267263948,0.0033014299999999997,0.026157720591580804,7.8000159031886325,1263,322,5.68
port5,0.5,0.0,16,-0.0013514024424314,0.0034141199999999997,0.02667049146786014,5.509548976958796,1246,339,5.323
port5,0.5,0.0,17,-0.0013112786490795448,0.0032916100000000004,0.025866053078135276,7.518802390744328,1228,357,5.39
port5,0.5,0.0,14,-0.001375097650361936,0.003462569999999999,0.02669034842927546,4.1993393642590275,1280,305,7.352
port5,0.5,0.0,19,-0.0013323392918513524,0.0033469500000000004,0.026120325731071876,6.4605694610133275,1269,316,5.906
port5,0.5,0.0,23,-0.0013591150652156499,0.0033803399999999995,0.025731495672982174,4.739859745860038,1274,311,5.268
port5,0.5,0.0,22,-0.0012980210248886995,0.0033566599999999996,0.02757930293213737,8.314366895065872,1278,307,5.448
port5,0.5,0.0,20,-0.001308894472696941,0.003357359999999999,0.02719505570147112,7.813494641454522,1268,317,6.595
port5,0.5,0.0,18,-0.0013668867009651816,0.00340957,0.0259960881301329,4.470670928841915,1281,304,7.451
port5,0.5,0.0,24,-0.0012768334814589257,0.0031804199999999998,0.025035036190949458,7.039589656683583,1237,348,5.392
port5,0.5,0.0,25,-0.0013470414196826382,0.0033574300000000002,0.025755526797849104,5.437235081319478,1262,323,5.42
port5,0.5,0.0,21,-0.0013485921379524084,0.0033948,0.02641241609726728,5.635547740664636,1249,336,7.223
port5,0.5,0.0,26,-0.001352017688365684,0.003368679999999999,0.025780702536366825,5.174281594265994,1281,304,5.547
port5,0.5,0.0,27,-0.0013737332072535132,0.0034587199999999998,0.026669337927533447,4.273400166752312,1268,317,5.562
port5,0.5,0.0,28,-0.0013278208993541094,0.00334864,0.026324858998516613,6.773355507375056,1284,301,5.512
port5,0.5,0.0,29,-0.0013711214359050097,0.00344511,0.026511641371103005,4.4008208538677325,1250,335,6.259
port5,0.5,0.02,4,-0.0012637561569046262,0.0032247,0.026404311886333024,10.351053972759528,1287,298,5.409
port5,0.5,0.02,5,-0.0013409045961693573,0.0034349400000000005,0.027443228812610344,6.006127718645311,1310,275,5.698
port5,0.5,0.02,3,-0.0013519191726172285,0.00339202,0.026233216630172206,5.406142848353046,1265,320,6.337
port5,0.5,0.02,6,-0.0013137201919374954,0.0033267399999999995,0.026444273787060366,7.578762390723772,1311,274,5.843
port5,0.5,0.0,30,-0.0013835413400263095,0.00348026,0.026705379981333002,3.733052016754819,1259,326,7.43
port5,0.5,0.02,7,-0.0013123999478425572,0.00331585,0.026287831867898234,7.6239428774553355,1284,301,6.691
port5,0.5,0.02,9,-0.0013836906894826911,0.0034796099999999997,0.026687611752171048,3.723632971217248,1281,304,6.151
port5,0.5,0.02,10,-0.0013722922541399914,0.0034522799999999994,0.026602546714929707,4.347394356093358,1271,314,5.425
port5,0.5,0.02,8,-0.0013168632521991942,0.0033219600000000005,0.026234204687804265,7.361631948069867,1274,311,7.278
port5,0.5,0.02,12,-0.001373397983541269,0.00345366,0.026586914693462676,4.284454719766771,1255,330,5.442
port5,0.5,0.02,11,-0.001312359682475232,0.0032963399999999996,0.025915644600309207,7.485410313520766,1296,289,5.832
port5,0.5,0.02,13,-0.0013787558243755324,0.0034701800000000002,0.02669584895164295,3.9972440234498556,1264,321,6.901
port5,0.5,0.02,14,-0.0013268732654561615,0.00335385,0.026459468420353363,6.850134774271718,1298,287,6.305
port5,0.5,0.02,17,-0.0013618094167589532,0.00337528,0.02552765493503259,4.4205793213028635,1266,319,5.566
port5,0.5,0.02,16,-0.0013882790520405568,0.00348398,0.026597403931942036,3.4609061752041446,1275,310,5.758
port5,0.5,0.02,18,-0.0013350274832497962,0.0034062399999999996,0.02713272993084932,6.388080707129119,1277,308,5.723
port5,0.5,0.02,15,-0.001304130911801641,0.00328427,0.026000157237922962,7.9891590554443965,1285,300,6.537
port5,0.5,0.02,21,-0.0013682839612642452,0.00340408,0.025836255097662856,4.296244179007467,1279,306,5.559
port5,0.5,0.02,20,-0.001334682988539065,0.00337194,0.026506112934979162,6.422454542776304,1273,312,6.473
port5,0.5,0.02,19,-0.0013714903773291082,0.003438109999999999,0.02636530381660303,4.352041846250456,1272,313,6.726
port5,0.5,0.02,22,-0.0012043539072613002,0.0031531669467160244,0.027284778397366982,13.52921697406178,1269,316,5.762
port5,0.5,0.02,24,-0.0013685846129146628,0.003445369999999998,0.02661204190156541,4.55377061894154,1252,333,5.218
port5,0.5,0.02,23,-0.0013151993063069065,0.0033231299999999997,0.026319790792979098,7.475072839806046,1254,331,5.562
port5,0.5,0.02,25,-0.0013478464258435852,0.003392319999999998,0.026393695237931877,5.673429814022647,1246,339,5.82
port5,0.5,0.02,26,-0.001371633978819546,0.00346006,0.026772972236210682,4.3942772596199235,1295,290,6.004
port5,0.5,0.02,27,-0.0013490791032563796,0.0033882499999999985,0.026269598274188358,5.5752402924085285,1275,310,5.879
port5,0.5,0.02,28,-0.0013389315372465517,0.003375819999999999,0.0264188744178645,6.173742009200486,1301,284,6.873
port5,0.5,0.02,29,-0.0012633757724723805,0.0032200199999999997,0.026329991550610842,10.362480282402268,1251,334,6.702
port5,0.5,0.02,30,-0.001372227143298681,0.0034488099999999983,0.02653970070295888,4.34349332136331,1284,301,6.463
port5,0.5,0.04,5,-0.0013194594784419586,0.0033349,0.02638145263468414,7.249949880664295,1289,296,5.664
port5,0.5,0.04,4,-0.0012965159331469116,0.0033533499999999984,0.027573866861689448,8.398216276424398,1298,287,5.909
port5,0.5,0.04,6,-0.001269993262044415,0.0031791299999999996,0.02528128706990943,8.116869740335181,1275,310,5.997
port5,0.5,0.04,7,-0.0012805196797143893,0.0032771899999999997,0.026760991023712512,9.430175394771737,1297,288,6.222
port5,0.5,0.04,3,-0.0013454670478473417,0.00334258,0.025527355999110372,5.3458613017010315,1266,319,7.287
port5,0.5,0.04,8,-0.0012805551033044699,0.0032039399999999993,0.025354088297374452,7.953655161032604,1304,281,6.277
port5,0.5,0.04,10,-0.001334021836389533,0.003374479999999999,0.02657886993874898,6.46635953577064,1275,310,5.317
port5,0.5,0.04,9,-0.0013657872503449065,0.0033927799999999998,0.02571391645218958,4.350716362648914,1283,302,6.265
port5,0.5,0.04,11,-0.00134401066426854,0.00340575,0.026790458590007758,5.920740544075361,1258,327,6.883
port5,0.5,0.04,16,-0.0013236837140022802,0.0033531100000000003,0.026565815854128014,7.038516377964746,1288,297,5.332
port5,0.5,0.04,13,-0.0013220534649764381,0.0033542899999999985,0.02664926021575687,7.133480488752084,1240,345,6.272
port5,0.5,0.04,12,-0.0013381534148859697,0.0034144899999999996,0.027169526499886975,6.210758924191901,1254,331,6.397
port5,0.5,0.04,17,-0.0013487539963672386,0.0033821999999999984,0.026166620096327333,5.560600361549614,1252,333,5.517
port5,0.5,0.04,14,-0.0012885584235628794,0.0033256599999999994,0.027359516678374288,8.892901992518807,1284,301,6.645
port5,0.5,0.04,20,-0.0013031571936709398,0.0033378699999999993,0.02704728475574064,8.153267734228505,1285,300,5.572
port5,0.5,0.04,15,-0.0012753100478652029,0.0031874999999999994,0.025236479633054875,7.7667893763956615,1296,289,6.922
port5,0.5,0.04,18,-0.0013222410073472986,0.00333898,0.02635332968156781,7.089926291735133,1272,313,6.535
port5,0.5,0.04,19,-0.0013010252324683266,0.0032696599999999998,0.02583814109148231,8.079210311901845,1291,294,6.474
port5,0.5,0.04,21,-0.0012858200453730554,0.0033662970170204,0.02818965991767709,8.749417331742732,1283,302,5.504
port5,0.5,0.04,22,-0.0013861222069886856,0.0034902400000000004,0.02679543964973572,3.594319551210276,1302,283,5.605
port5,0.5,0.04,27,-0.0013368382050382441,0.00338205,0.026615288650013016,6.312915839320067,1271,314,5.676
port5,0.5,0.04,28,-0.0013532851304406,0.0034327900000000002,0.02694846450391562,5.402866526203056,1293,292,5.532
port5,0.5,0.04,23,-0.001303782286606017,0.00328126,0.025955643447773846,7.987344469425987,1289,296,6.648
port5,0.5,0.04,24,-0.0013113284207813946,0.0033018699999999984,0.026061718255656303,7.6126586991176275,1279,306,6.283
port5,0.5,0.04,25,-0.0012764463312792786,0.00326349,0.026657031669738526,9.65880257094028,1276,309,6.292
port5,0.5,0.04,30,-0.0013866954104099908,0.0034867400000000003,0.02670859747684289,3.558770862325913,1275,310,5.38
port5,0.5,0.04,26,-0.0013856758530843183,0.00348458,0.02670633433909199,3.6150278406946086,1307,278,6.833
port5,0.5,0.04,29,-0.0012892333668742594,0.00326184,0.02614140903339912,8.876829346066105,1274,311,6.481
port5,0.5,0.06,4,-0.0012258406210559783,0.0031618099999999997,0.026648241178134878,12.461007576866022,1308,277,6.884
port5,0.5,0.06,3,-0.0013725963061463702,0.0034493599999999994,0.026536152466159438,4.3225361006492395,1306,279,7.064
port5,0.5,0.06,5,-0.0013389684086040836,0.00337061,0.026318685050583986,6.15122338625519,1277,308,6.507
port5,0.5,0.06,6,-0.001329488450885886,0.00339202,0.02707476866435296,6.700718965105892,1355,230,7.157
port5,0.5,0.06,9,-0.0013405181022722139,0.003406629999999999,0.02693684828363503,6.10740128576346,1304,281,6.29
port5,0.5,0.06,11,-0.0013439533999167886,0.0034019799999999998,0.026722148120359324,5.923564609723577,1258,327,6.26
port5,0.5,0.06,12,-0.0013250193759043172,0.0033056099999999996,0.025604125608803076,6.567635558655866,1275,310,5.741
port5,0.5,0.06,13,-0.0013303587344033723,0.003340539999999999,0.026073406589727684,6.552648404165889,1280,305,5.793
port5,0.5,0.06,8,-0.0012907604213104056,0.0033044299999999997,0.02688697002972237,8.855368147351493,1258,327,6.994
port5,0.5,0.06,7,-0.0013248157791849412,0.0033795199999999996,0.02701644761307669,6.965002858092034,1274,311,7.277
port5,0.5,0.06,10,-0.0013296080192824427,0.00333511,0.02599796071685459,6.560551749322105,1268,317,7.241
port5,0.5,0.06,14,-0.0013152190289391502,0.0033395899999999995,0.026629906911622852,7.511289547725001,1268,317,5.898
port5,0.5,0.06,16,-0.001350219046479957,0.00341076,0.026651864982400134,5.574066742897652,1272,313,5.861
port5,0.5,0.06,17,-0.0013602479979037694,0.00340703,0.026201793911724076,4.931221005264545,1323,262,5.911
port5,0.5,0.06,15,-0.0012440246746984647,0.003178099999999998,0.026268815173187163,11.430479568154002,1305,280,7.123
port5,0.5,0.06,22,-0.0013484329836148505,0.0034366200000000005,0.027198419674133632,5.641657878495128,1272,313,5.394
port5,0.5,0.06,21,-0.0013767102392162431,0.0034649900000000003,0.02667526047796935,4.109034644777887,1310,275,5.707
port5,0.5,0.06,18,-0.0013730691622357107,0.00345391,0.026603978565781814,4.304487636898841,1290,295,8.302
port5,0.5,0.06,19,-0.0012247791716071417,0.0032224852339423917,0.027801562738956027,12.230988149058216,1288,297,7.294
port5,0.5,0.06,26,-0.001385084509032763,0.003481169999999999,0.02666460166465033,3.6446864742860337,1285,300,6.478
port5,0.5,0.06,20,-0.001364722264259191,0.0034429399999999994,0.026711336010795436,4.774422932076407,1285,300,7.828
port5,0.5,0.06,27,-0.0013493894658120817,0.003400829999999999,0.026496246307275973,5.60489917041712,1294,291,5.663
port5,0.5,0.06,24,-0.001343827924777643,0.00337546,0.026226020484334152,5.855271309948955,1277,308,7.553
port5,0.5,0.06,25,-0.0013231765709387966,0.0032990299999999997,0.025547541136524403,6.6255472161480435,1277,308,7.556
port5,0.5,0.06,23,-0.0013736506522122292,0.00346184,0.02673085661881305,4.281470798157191,1269,316,8.163
port5,0.5,0.06,28,-0.0013329571173557888,0.0033494199999999997,0.026143943185533862,6.4347836574249015,1253,332,5.702
port5,0.5,0.06,29,-0.001355141871968862,0.00337331,0.02574929622460147,4.976562507267664,1289,296,8.006
port5,0.5,0.08,3,-0.0013483932798916479,0.0034406099999999993,0.027273126704078214,5.631238120513356,1280,305,5.692
port5,0.5,0.08,4,-0.0012910556064368228,0.00329015,0.02660899823605456,8.849224996092742,1283,302,5.598
port5,0.5,0.08,6,-0.0013566106971845899,0.0034015399999999998,0.026235826757142994,5.145291963674724,1289,296,5.964
port5,0.5,0.08,8,-0.0012911490722546,0.00332792,0.02730607726296107,8.76389614111794,1302,283,5.69
port5,0.5,0.08,5,-0.0013451478748017567,0.0034017499999999994,0.026673099752306365,5.8558698741213275,1285,300,6.954
port5,0.5,0.06,30,-0.0013399466811094209,0.0033805199999999997,0.02646935280246114,6.12538118340002,1304,281,8.732
port5,0.5,0.08,11,-0.0013634064622868826,0.003439869999999999,0.02670312857000531,4.846848576038929,1294,291,5.754
port5,0.5,0.08,7,-0.0013478146650017957,0.0033880499999999992,0.02631388739803392,5.657446216408644,1316,269,6.857
port5,0.5,0.08,9,-0.001372043152846452,0.0034536699999999994,0.0266380122063771,4.364523904874947,1285,300,7.209
port5,0.5,0.08,12,-0.0013341494292696378,0.003349579999999999,0.026101362827651797,6.352023100805404,1307,278,7.155
port5,0.5,0.08,13,-0.001311819495547093,0.0033852899999999996,0.02759802545302497,7.555026103005055,1294,291,5.605
port5,0.5,0.08,14,-0.0013260670439070644,0.00330423,0.02553616870608963,6.452227664536895,1292,293,5.707
port5,0.5,0.08,10,-0.0013629279690496325,0.0034269499999999994,0.026478180864642764,4.850456720636974,1283,302,8.689
port5,0.5,0.08,15,-0.0012260985473002046,0.0030678199999999997,0.024811749341785448,8.104417060359342,1298,287,6.271
port5,0.5,0.08,17,-0.0012797118203656983,0.0032817000000000002,0.026875199706580852,9.4660568514068,1287,298,5.703
port5,0.5,0.08,16,-0.0013635124589435714,0.0033930899999999996,0.025808236710648337,4.545966080612432,1312,273,6.028
port5,0.5,0.08,20,-0.00134738889574824,0.0034043999999999993,0.02663873511455675,5.729968969266089,1304,281,5.773
port5,0.5,0.08,21,-0.001344643696483432,0.00339098,0.026489481063870158,5.867403642259306,1312,273,5.696
port5,0.5,0.08,19,-0.0013228878125187509,0.0033361099999999998,0.026274215020862145,7.0362355073928375,1319,266,6.243
port5,0.5,0.08,18,-0.0013048740125157351,0.0032827399999999993,0.02594208887056954,7.919277660997374,1301,284,6.595
port5,0.5,0.08,22,-0.0012698977140342582,0.0032690899999999997,0.02700545448481628,9.990454949497963,1277,308,5.816
port5,0.5,0.08,23,-0.0013892776538411917,0.00349569,0.026779370648273588,3.419472029245276,1259,326,6.258
port5,0.5,0.08,25,-0.0012851259083364389,0.0032797,0.02663546852088624,9.178156151754528,1308,277,5.731
port5,0.5,0.08,26,-0.0013095820368009335,0.0032824,0.025753367282709504,7.545954685399554,1290,295,6.896
port5,0.5,0.08,27,-0.0013237118113101068,0.00333715,0.026262642239115744,6.987337569206644,1293,292,5.755
port5,0.5,0.08,24,-0.0012769931357716371,0.00329222,0.02717045690555692,9.570471240245785,1296,289,7.428
port5,0.5,0.08,28,-0.0013478045269383569,0.0034095899999999997,0.026720421892688848,5.710520327292573,1288,297,5.721
port5,0.5,0.1,4,-0.0013250224709477191,0.0033695999999999995,0.02682452344599174,6.968645956169828,1281,304,5.88
port5,0.5,0.1,3,-0.0013587451770809974,0.0034255999999999996,0.026610329683001,5.098779293767975,1301,284,6.211
port5,0.5,0.08,29,-0.0012349568491201572,0.0032078799999999993,0.027165535182647978,11.880912526818097,1295,290,7.175
port5,0.5,0.08,30,-0.0013333907724597544,0.0033755100000000004,0.02662195438130889,6.504340187426158,1299,286,6.442
port5,0.5,0.1,5,-0.0013882884633187424,0.00349038,0.02671709328056694,3.471201697306583,1318,267,6.794
port5,0.5,0.1,6,-0.0013246132398647566,0.0033567399999999982,0.02659912630652528,6.989291452111534,1326,259,6.234
port5,0.5,0.1,7,-0.0013239510998669134,0.00330699,0.025672705355419274,6.680204750859582,1336,249,5.789
port5,0.5,0.1,8,-0.0013124581874818697,0.0033369099999999976,0.02668320867205177,7.665398252656366,1308,277,5.996
port5,0.5,0.1,9,-0.0013264741601516313,0.0033485899999999994,0.026375019994243354,6.858598616056822,1294,291,5.561
port5,0.5,0.1,12,-0.0012939098233944995,0.0033311099999999982,0.027263351833752943,8.622141745272232,1311,274,5.708
port5,0.5,0.1,10,-0.0013719689336692585,0.00344626,0.026501360958665558,4.352224786933358,1302,283,6.682
port5,0.5,0.1,11,-0.0013530689617180015,0.00335383,0.02544979521654342,4.841839159101417,1298,287,6.685
port5,0.5,0.1,15,-0.001285708987774178,0.0032247499999999993,0.02556036041317969,8.424533904829032,1284,301,5.885
port5,0.5,0.1,14,-0.001276976769196658,0.0032615397254839983,0.02660049223399226,9.629194161848162,1317,268,6.007
port5,0.5,0.1,16,-0.0012991113696514517,0.0033535246973573933,0.027482757468174298,8.282668622029483,1319,266,6.115
port5,0.5,0.1,17,-0.0013920544932741633,0.0035006199999999994,0.02676772335204608,3.2655880967835023,1298,287,5.817
port5,0.5,0.1,18,-0.0013651449673107434,0.00339444,0.025771109122009347,4.428532922985569,1329,256,5.757
port5,0.5,0.1,13,-0.0013099526985585858,0.0032684000000000003,0.025465557187755162,7.154175480243389,1299,286,7.355
port5,0.5,0.1,19,-0.0012908335824959442,0.0032908300000000002,0.026630111434391555,8.861983617390527,1290,295,6.815
port5,0.5,0.1,22,-0.001297562717752337,0.0033400199999999995,0.027292756630566385,8.41521996133472,1311,274,5.711
port5,0.5,0.1,23,-0.0013198774196165348,0.003347880000000001,0.02661062120219916,7.252342906744246,1294,291,5.491
port5,0.5,0.1,20,-0.001292680537589333,0.003331409999999998,0.027313896185299752,8.678071117581124,1304,281,7.859
port5,0.5,0.1,21,-0.0013676669793859322,0.003448399999999999,0.026703296448718366,4.61114907816298,1333,252,7.287
port5,0.5,0.1,24,-0.001358044894119689,0.003386599999999999,0.02589421193550059,4.908229490931361,1301,284,5.89
port5,0.5,0.1,26,-0.001350577979409767,0.00340486,0.026527420552712365,5.543010823968248,1296,289,5.656
port5,0.5,0.1,25,-0.001314597131006076,0.003310539999999999,0.026102600215071433,7.445784586656932,1295,290,6.024
port5,0.5,0.1,27,-0.0012886062985188124,0.0032071099999999996,0.02509775693089673,6.801647397297361,1325,260,5.925
port5,0.5,0.1,29,-0.0012419854258762125,0.0032632581260686267,0.027915717334795493,11.247507368236706,1281,304,5.651
port5,0.5,0.1,28,-0.0013532579386249966,0.0034192899999999993,0.026697829925857387,5.408115597173044,1324,261,5.776
port5,0.5,0.1,30,-0.0013250139911209677,0.00333707,0.026211486370636528,6.900457156104436,1294,291,6.501
port5,0.7,0.0,1,-0.0005398464520773179,0.00328038,0.02519261648983352,5.766245961983253,1267,318,7.216
port5,0.7,0.0,3,-0.0005611630860022686,0.0033722221753392954,0.025368810057107533,4.117762474774403,1268,317,5.832
port5,0.7,0.0,2,-0.0004967014705863199,0.00321283914215814,0.025833264050752258,9.666909817085566,1300,285,6.251
port5,0.7,0.0,6,-0.00044668232405830276,0.0028942343595259015,0.024541160288074286,9.915108211687402,1263,322,6.049
port5,0.7,0.0,4,-0.0005304705402220252,0.0032338010860999606,0.025061917199720816,6.134816842833092,1263,322,6.857
port5,0.7,0.0,7,-0.0005054013219547856,0.0031826599999999995,0.025337625270539982,8.29081380685991,1270,315,6.23
port5,0.7,0.0,9,-0.0005526130677617773,0.0034257290321633585,0.026052300196972748,4.128806796342155,1261,324,5.925
port5,0.7,0.0,5,-0.0005427250686625108,0.003400530125393414,0.026116058796826623,4.955167290711831,1293,292,7.909
port5,0.7,0.0,11,-0.0005524490083654668,0.0033445644527791947,0.025380541688137272,4.933676490560384,1259,326,5.918
port5,0.7,0.0,10,-0.0005227479548526329,0.0032863622696546746,0.025722717198276863,7.369602980649089,1261,324,6.117
port5,0.7,0.0,8,-0.0005085254708606912,0.0031896399999999997,0.025308567977192144,8.033853272897487,1281,304,6.916
port5,0.7,0.0,12,-0.0005364010562030445,0.003330952862034462,0.02571505402364522,6.096205416142637,1270,315,6.948
port5,0.7,0.0,15,-0.0005104050302089968,0.00330506,0.026216487990548546,7.8022242473373105,1279,306,6.147
port5,0.7,0.0,13,-0.0005265918130009732,0.0032604247545607074,0.0253978518036253,7.029117943642745,1266,319,6.612
port5,0.7,0.0,17,-0.0005519517779175754,0.003335427137383856,0.025317310940979876,5.0323557545687265,1247,338,6.108
port5,0.7,0.0,14,-0.000535681046605937,0.0033519510946025347,0.025909300089097167,5.911782846255591,1281,304,7.938
port5,0.7,0.0,20,-0.0005189890500786957,0.0031673331795456193,0.0248196610942958,6.36075382202515,1268,317,6.183
port5,0.7,0.0,23,-0.0005312908586262137,0.003236507952158082,0.02506168182194857,6.0811836222723645,1270,315,6.498
port5,0.7,0.0,22,-0.0005210056558168027,0.0033714058999167783,0.02646874475296236,6.377497075462276,1238,347,6.785
port5,0.7,0.0,18,-0.0005558422021697593,0.0033634468565874407,0.025444389075743576,4.555728448208987,1295,290,8.483
port5,0.7,0.0,16,-0.0005277948873831895,0.00337468,0.02631157031250187,6.0258022597580405,1256,329,10.192
port5,0.7,0.0,24,-0.0005291281238391486,0.003309268651734705,0.025736368699379022,6.7530632860951485,1271,314,6.09
port5,0.7,0.0,21,-0.0005219001811616345,0.003165244024240832,0.02471763471435541,5.961794243636501,1250,335,8.576
port5,0.7,0.0,26,-0.000533055076515116,0.0031741499999999997,0.024471263715540908,4.74373234928223,1244,341,5.741
port5,0.7,0.0,25,-0.0005490037007929466,0.0033181758846300338,0.02525439324146151,5.258572722406549,1285,300,6.428
port5,0.7,0.0,27,-0.0005460204753887357,0.0033328474145550915,0.025462402225853144,5.467553330016997,1274,311,6.104
port5,0.7,0.0,19,-0.0005252441439894015,0.0032694367297451416,0.0255115345042798,7.326718293338968,1301,284,11.068
port5,0.7,0.0,28,-0.0005515345693261186,0.00333067290495524,0.025288825938980967,5.093507189698741,1273,312,5.94
port5,0.7,0.0,29,-0.00041901462971625315,0.0027367352259055275,0.023964436092301596,9.95979605976327,1270,315,6.06
port5,0.7,0.02,1,-0.0005369615493390854,0.0033181883924015922,0.02559282735403453,6.186624502013918,1283,302,5.825
port5,0.7,0.0,30,-0.000546570446894064,0.0033778038791623293,0.025822767276036385,5.0067005405344975,1276,309,5.903
port5,0.7,0.02,4,-0.0005106054171749201,0.0031629999999999996,0.025022692067832007,7.311082589921791,1256,329,5.771
port5,0.7,0.02,3,-0.0005179725876364124,0.00319961,0.02512569579316839,7.0638417915362295,1265,320,6.346
port5,0.7,0.02,6,-0.0005060569489822966,0.0031834299999999992,0.025325651902981784,8.225018072736617,1264,321,6.014
port5,0.7,0.02,2,-0.0005179361560488639,0.00336226828526136,0.02647760049361251,6.645420852012638,1280,305,7.883
port5,0.7,0.02,5,-0.0005386785136840945,0.0032989242298774625,0.02538274878954333,6.188039661671466,1271,314,7.608
port5,0.7,0.02,8,-0.0005007449723237111,0.0032409666748890306,0.02595449397208777,9.115030804568597,1284,301,5.971
port5,0.7,0.02,10,-0.00045205851061062033,0.00295009,0.024870191262099283,10.417864961205144,1252,333,5.692
port5,0.7,0.02,7,-0.0005458499834417904,0.0033728428400394248,0.025801519018683407,5.101374811636371,1302,283,7.056
port5,0.7,0.02,9,-0.0005061054411933364,0.0032674261170605027,0.02602532815560407,8.508654833361833,1267,318,6.779
port5,0.7,0.02,11,-0.0005444943382897433,0.0033420758814445353,0.025582595259378352,5.487950575514553,1284,301,5.851
port5,0.7,0.02,13,-0.00054887903394704,0.0033737937920758523,0.025725448869489853,4.9112070641957315,1303,282,6.072
port5,0.7,0.02,12,-0.0005410522558532357,0.003244663607289857,0.02485233034010871,5.037269751375683,1273,312,6.16
port5,0.7,0.02,14,-0.0005161760131102736,0.0032123599999999987,0.025285003655179997,7.497095566844942,1286,299,6.037
port5,0.7,0.02,15,-0.000560811256123383,0.0033781526246591835,0.02542873883941925,4.0998336287096055,1314,271,6.181
port5,0.7,0.02,16,-0.0005470888025825194,0.003419165922770508,0.02614959639810454,4.496922720744735,1285,300,6.082
port5,0.7,0.02,19,-0.0005308823999026094,0.00324157,0.025116545488621377,6.214541041004146,1235,350,5.701
port5,0.7,0.02,17,-0.00047770083410373276,0.0029274611634338725,0.023920628125007483,6.580444523647991,1257,328,6.631
port5,0.7,0.02,20,-0.0005206193437838232,0.0033116637057374445,0.025991200926945873,7.204321504792231,1260,325,5.824
port5,0.7,0.02,18,-0.0005403126727977189,0.0033046136040764994,0.02538479321014372,6.079811378881548,1289,296,6.675
port5,0.7,0.02,21,-0.0005483029484937013,0.003387472917812903,0.025855061036758907,4.802536806391355,1254,331,5.905
port5,0.7,0.02,23,-0.0005452148428925123,0.003363419977022367,0.02574077227763096,5.236734076825204,1284,301,5.785
port5,0.7,0.02,22,-0.00045111845705806514,0.0030468099999999996,0.02571615787071108,12.427850750272926,1278,307,6.909
port5,0.7,0.02,24,-0.0005183710441933132,0.0032949215730749062,0.025914844828210475,7.52362700018794,1271,314,6.229
port5,0.7,0.02,25,-0.0005538128563452622,0.0033306162162206002,0.025223911799291843,4.876309434212547,1308,277,6.488
port5,0.7,0.02,26,-0.0005362280904157576,0.00333013,0.025713001424633477,6.114969101966715,1300,285,6.111
port5,0.7,0.02,27,-0.0005197537331670335,0.00322393,0.025281988699833797,7.259693163583685,1259,326,6.059
port5,0.7,0.02,28,-0.0005470805605031899,0.0033367047797748586,0.025465126670164547,5.364702161712295,1275,310,6.019
port5,0.7,0.04,1,-0.0005012894542902038,0.00313681,0.025064304319370102,7.969789540577205,1280,305,6.201
port5,0.7,0.02,30,-0.0005432032397955182,0.003364651913598716,0.0258067636285002,5.342881191153303,1250,335,6.466
port5,0.7,0.04,3,-0.0005456838614862729,0.003276962960791493,0.024997286331325055,5.014121199382722,1291,294,5.991
port5,0.7,0.04,4,-0.0004955792970335038,0.003170997165897414,0.02551525741690703,9.272199950218031,1257,328,5.793
port5,0.7,0.04,6,-0.00045384141673499576,0.00299895,0.025237262226008035,11.184805614719394,1292,293,6.448
port5,0.7,0.02,29,-0.0004434759553278971,0.0028248679387571163,0.02402333467691177,8.758627849019403,1268,317,9.395
port5,0.7,0.04,2,-0.0004810322038776136,0.0031987499999999993,0.0261477340215276,10.650283723635816,1298,287,9.608
port5,0.7,0.04,5,-0.0005447518340866798,0.0033020470605369836,0.025237791506118518,5.518236739699815,1284,301,8.115
port5,0.7,0.04,8,-0.0005022171673524571,0.003130739878231917,0.024985847311660196,7.74116611462992,1283,302,6.769
port5,0.7,0.04,9,-0.0005468506729362911,0.0033798619216662508,0.025832092541852557,4.968393812090903,1294,291,6.306
port5,0.7,0.04,7,-0.0005352035536242282,0.003286729999999999,0.02537758984322786,6.414351161307914,1288,297,8.52
port5,0.7,0.04,11,-0.0005475192284864977,0.0034235259107634006,0.026173556577543857,4.419388155455531,1272,313,6.414
port5,0.7,0.04,12,-0.0005304336793479309,0.00322902,0.02502205657449527,6.058620102414439,1274,311,6.321
port5,0.7,0.04,13,-0.0005520162712157402,0.003358013014880786,0.025505955417971793,4.858246700879165,1291,294,6.193
port5,0.7,0.04,10,-0.0005057445548594985,0.0033019100000000003,0.026317523904927514,8.062123658727488,1274,311,7.955
port5,0.7,0.04,14,-0.00047560115551380927,0.0032222099999999997,0.026486164703379732,10.547323575608708,1292,293,6.699
port5,0.7,0.04,15,-0.000498819328295972,0.003085,0.024688941182643698,7.267758146969133,1257,328,6.032
port5,0.7,0.04,19,-0.0005484502563119955,0.0033830817151278255,0.025814565606769712,4.840916049275526,1275,310,5.802
port5,0.7,0.04,20,-0.0004820340141537873,0.00326976,0.026696548354909446,9.542888060573473,1259,326,5.831
port5,0.7,0.04,18,-0.0004978381904529848,0.0033182600000000004,0.026662970832947205,8.151454384843717,1296,289,6.841
port5,0.7,0.04,16,-0.0005447715213173498,0.0034177956025796844,0.026201612803592175,4.630493577156022,1297,288,7.741
port5,0.7,0.04,21,-0.0005418822215472034,0.0033605734972109317,0.025809461930962903,5.463293528152669,1284,301,6.09
port5,0.7,0.04,17,-0.0004323062256378166,0.00308345,0.026531080812677674,14.46476684581312,1318,267,7.63
port5,0.7,0.04,23,-0.0005535289305260663,0.003328797592063587,0.025216501034413672,4.8828854566800315,1266,319,5.866
port5,0.7,0.04,22,-0.0005190820549083373,0.0030985050857817945,0.024215386809281914,4.977184791832891,1290,295,6.088
port5,0.7,0.04,26,-0.0005463638225689717,0.003306502794613537,0.025229999598411455,5.3950930865685285,1290,295,5.931
port5,0.7,0.04,25,-0.0005378786670823957,0.0032277879441913668,0.02479797561366118,5.132440229381373,1310,275,6.598
port5,0.7,0.04,24,-0.0005475552054597206,0.003420589563504036,0.026148522591192967,4.455167862208692,1286,299,7.04
port5,0.7,0.04,27,-0.0005278873006240947,0.0031624499999999994,0.024519604383195826,5.163532375478897,1282,303,6.136
port5,0.7,0.04,30,-0.0005506275057106999,0.0033725762262047728,0.025666692205789984,4.816032294863858,1267,318,6.06
port5,0.7,0.04,28,-0.0005431118793440735,0.0033870492393563226,0.025994584393754662,5.0986720231813685,1284,301,6.797
port5,0.7,0.06,1,-0.0005557551060484053,0.003345535224690956,0.02529555187771958,4.687695894178256,1294,291,7.333
port5,0.7,0.06,4,-0.0005584982110390315,0.0033689602832184334,0.025416245477660793,4.329793013849101,1271,314,5.761
port5,0.7,0.04,29,-0.00047619563920550277,0.00309833,0.02544751912675232,10.321833986753742,1261,324,8.272
port5,0.7,0.06,5,-0.00047487191447842764,0.0031901200000000003,0.026245110715319705,11.056368713369368,1281,304,6.257
port5,0.7,0.06,7,-0.0005136369597860218,0.003159199999999999,0.02490332852721207,6.8690344894264195,1271,314,5.862
port5,0.7,0.06,2,-0.000514750260217874,0.0032280307733572123,0.02545749880513149,7.92375574269027,1304,281,8.591
port5,0.7,0.06,8,-0.0004714303690930269,0.00300745265240641,0.02480798911148515,9.145637770509367,1298,287,6.303
port5,0.7,0.06,3,-0.0005408460916875258,0.0032267383156257302,0.024703250306681544,4.750862750145524,1294,291,9.258
port5,0.7,0.06,9,-0.000544952216372304,0.0034099117105001373,0.026132117534278375,4.7229962258861145,1267,318,5.859
port5,0.7,0.06,6,-0.0005475337139814376,0.0033639033117370135,0.025680378266563945,5.091181845799168,1315,270,8.34
port5,0.7,0.06,10,-0.0005595963697951998,0.003352996099683244,0.025250246395113897,4.354262383266313,1330,255,6.381
port5,0.7,0.06,11,-0.0005487385010032978,0.003323181534645874,0.025304318078441662,5.347426183070711,1289,296,6.358
port5,0.7,0.06,13,-0.0005577661069004326,0.0033618549291290238,0.025376884077507413,4.432959623911202,1275,310,6.033
port5,0.7,0.06,12,-0.0005215743446970217,0.003218716243329486,0.02518617898490656,6.954236660868332,1303,282,6.404
port5,0.7,0.06,15,-0.0005153877760574784,0.00319955968616211,0.025198643098138518,7.375641368169151,1294,291,6.382
port5,0.7,0.06,14,-0.000481472320358809,0.0032149699999999997,0.026268359012349852,10.40220421183647,1312,273,7.186
port5,0.7,0.06,16,-0.0004919396682921771,0.0031960999999999995,0.025826075740499815,10.116935445821504,1275,310,6.562
port5,0.7,0.06,18,-0.0005290045194523741,0.00321382,0.02493252266612042,5.970686907573734,1293,292,6.737
port5,0.7,0.06,19,-0.0005459448344900412,0.0033934153528578097,0.025969206252441757,4.869639033672349,1294,291,6.347
port5,0.7,0.06,20,-0.0005509878548374991,0.00333127124536391,0.025309329696256672,5.130018334887879,1284,301,6.169
port5,0.7,0.06,17,-0.0005062210146657883,0.0032432999999999997,0.025822719380261473,8.789228940214192,1295,290,7.153
port5,0.7,0.06,21,-0.0005504067251028903,0.0034076975301107395,0.02596433086068908,4.459387787606127,1288,297,6.048
port5,0.7,0.06,22,-0.0005556477491220393,0.0033579457133200846,0.025403485837127218,4.610873261204343,1281,304,5.966
port5,0.7,0.06,23,-0.00047945227202278017,0.003290336174234145,0.026929765269982885,9.302983236553281,1269,316,5.935
port5,0.7,0.06,24,-0.0005312473213759495,0.0032252296254901237,0.024966307761549594,5.8953851860928514,1277,308,6.134
port5,0.7,0.06,25,-0.0005426212644287572,0.0033055513142371843,0.025327684735493867,5.822590278829468,1306,279,6.229
port5,0.7,0.06,26,-0.0005450026472029511,0.0033567408432254573,0.02569101026108678,5.316632687321519,1304,281,5.988
port5,0.7,0.06,28,-0.0005550102275678986,0.0033448931435887583,0.02531114140646732,4.7467965788702235,1305,280,6.08
port5,0.7,0.06,27,-0.0005321714888429051,0.003263619999999999,0.025267554326705088,6.4164096976653955,1281,304,6.753
port5,0.7,0.06,29,-0.0005101980212604796,0.00317348,0.025123863975440915,7.549587795497741,1302,283,7.117
port5,0.7,0.08,1,-0.0005033700166687638,0.003232445515533625,0.02581150457759165,9.071809366673191,1275,310,7.324
port5,0.7,0.06,30,-0.0005277475541043005,0.003263285794625958,0.025389485570760168,6.936628401304072,1280,305,7.369
port5,0.7,0.08,2,-0.0005012169484278027,0.0032450099999999996,0.025974879391228233,9.04093785989264,1285,300,7.42
port5,0.7,0.08,3,-0.0005623235442057536,0.003366831985505768,0.0252904852646766,4.067556986059094,1263,322,7.231
port5,0.7,0.08,4,-0.0005036907010104724,0.00320525,0.02557577813338036,8.872076091795678,1286,299,6.198
port5,0.7,0.08,5,-0.0005509133792220019,0.0033191832499077575,0.025208887201323197,5.048303028551508,1287,298,6.386
port5,0.7,0.08,6,-0.0005140411885766146,0.0032562,0.02571322093019147,8.19971184385504,1283,302,6.524
port5,0.7,0.08,7,-0.0005461293157564454,0.0033049508097057487,0.025223456406269357,5.399316301522197,1293,292,6.797
port5,0.7,0.08,10,-0.0004949034538976706,0.0032090857960773997,0.025851838423865372,9.80935237287849,1310,275,6.38
port5,0.7,0.08,8,-0.0005111297002410016,0.0031898,0.025236320191314925,7.722408148605341,1295,290,8.227
port5,0.7,0.08,11,-0.0005580622707899755,0.0033751421009994855,0.02548053485393648,4.311901371161305,1307,278,6.109
port5,0.7,0.08,9,-0.0005462940266869258,0.0034125516479916215,0.026117084384160737,4.621086501645737,1290,295,7.959
port5,0.7,0.08,12,-0.00047743039460914824,0.0031405799999999996,0.025766634166546582,10.924844543846724,1305,280,6.314
port5,0.7,0.08,14,-0.00044852547964051797,0.0030381983190359814,0.02571642099266194,12.585548348431923,1276,309,6.403
port5,0.7,0.08,16,-0.0005399755118711985,0.0033584582158182525,0.025844644454185352,5.596348416790835,1290,295,5.904
port5,0.7,0.08,13,-0.0005364577650897593,0.0032376860076313617,0.024924114461978078,5.476087151797611,1273,312,7.073
port5,0.7,0.08,17,-0.0005597561545828827,0.003364184590758929,0.025340515910995634,4.273809735891069,1299,286,6.087
port5,0.7,0.08,15,-0.0005336100209946155,0.003304802296790063,0.02557428027314059,6.523167360574384,1293,292,7.583
port5,0.7,0.08,19,-0.000555941228849908,0.0033612488399137916,0.02542308914365133,4.565721814109225,1297,288,6.285
port5,0.7,0.08,18,-0.0005398521635540014,0.0033243683236515087,0.025563878912622334,5.945997221021985,1308,277,8.14
port5,0.7,0.08,20,-0.000542462996193065,0.0033302030358495697,0.025539826449846804,5.725415463030294,1287,298,7.237
port5,0.7,0.08,22,-0.0004938519040856332,0.0030689099999999998,0.024693003517895707,7.56793223400218,1306,279,6.594
port5,0.7,0.08,25,-0.0005360750693746858,0.0033329021647255526,0.02574034021428455,6.095638014209186,1304,281,6.339
port5,0.7,0.08,23,-0.000545118564715303,0.0033681317258376746,0.025782634051292285,5.1938231734549225,1282,303,7.472
port5,0.7,0.08,26,-0.0005609141344000068,0.003382859280227941,0.02546548503558649,4.056547257400343,1279,306,6.178
port5,0.7,0.08,24,-0.0005493774785952608,0.0033219244785575126,0.025275619675093827,5.2701347664266365,1308,277,6.828
port5,0.7,0.08,27,-0.0005385818820765314,0.0033241777192118405,0.025597751957294468,6.028421632224272,1296,289,6.143
port5,0.7,0.08,21,-0.0005541377127338757,0.003367914565457087,0.025529720968293583,4.634021253137323,1296,289,8.996
port5,0.7,0.08,30,-0.0005310865625141949,0.0032641457984260236,0.025302658725732258,6.553759227466364,1244,341,5.819
port5,0.7,0.08,28,-0.0005483727027582718,0.0034182341141875735,0.026106855462502573,4.443014764801934,1276,309,8.521
port5,0.7,0.08,29,-0.0004737868717844253,0.00305937,0.025185713870468453,9.884779841972955,1282,303,7.658
port5,0.7,0.1,1,-0.0004484409857511337,0.0028459,0.02406328009492787,8.586650057160854,1303,282,7.324
port5,0.7,0.1,3,-0.0004885412134599731,0.0031586638807937434,0.025608535150223148,9.905441786115604,1287,298,6.64
port5,0.7,0.1,5,-0.0005603407360307693,0.0033696220039226843,0.02537000098952744,4.194713369167375,1292,293,5.875
port5,0.7,0.1,4,-0.0005242406515562667,0.0032443999999999997,0.025328677943157456,7.055741458044408,1313,272,6.149
port5,0.7,0.1,7,-0.0005084561561658787,0.0031579499999999996,0.025040790831707287,7.481997942900675,1310,275,6.094
port5,0.7,0.1,6,-0.0005169469860860222,0.00326323747916774,0.025691139597264715,7.954352203032346,1284,301,6.322
port5,0.7,0.1,8,-0.0005495223303949804,0.003328266622674374,0.025325245913552407,5.256751272387318,1302,283,7.377
port5,0.7,0.1,2,-0.00047362399680710756,0.0030701411206663248,0.02528179297983856,10.110725440664583,1311,274,9.279
port5,0.7,0.1,9,-0.0005305238082110723,0.0031495597628163493,0.024329409617457772,4.578388940014402,1269,316,7.187
port5,0.7,0.1,11,-0.0005312255627520329,0.0032599700000000005,0.025263339821283877,6.4713158662834065,1279,306,6.229
port5,0.7,0.1,10,-0.0005088488661087556,0.0031118400000000003,0.024631661793345933,6.547211733313845,1296,289,7.186
port5,0.7,0.1,12,-0.0005455667953550887,0.0033205791667913157,0.0253717208910772,5.59340018632988,1303,282,7.154
port5,0.7,0.1,13,-0.0005461967829578897,0.0033144629314478384,0.025302233003558685,5.534086466561955,1291,294,5.948
port5,0.7,0.1,18,-0.0004975414246086814,0.0032443142976441596,0.026070039308550744,9.238288793504838,1251,334,5.839
port5,0.7,0.1,16,-0.0005375705482612955,0.0033869140679009878,0.02614529928001265,5.389885216157657,1326,259,6.234
port5,0.7,0.1,17,-0.0005327821158026748,0.0033086999999999995,0.025630001510432068,6.538034752166498,1308,277,6.112
port5,0.7,0.1,14,-0.000519434099260698,0.00328715,0.025821112644481517,7.552739497442568,1317,268,6.788
port5,0.7,0.1,15,-0.0005360228307983751,0.0032399276437912973,0.02495583133512412,5.566807337951489,1309,276,7.556
port5,0.7,0.1,19,-0.000544509232723474,0.0033721998680123167,0.025833276648546073,5.186305122016707,1294,291,6.287
port5,0.7,0.1,21,-0.000548246767945,0.0033544842670601874,0.025581760024703328,5.135125770499448,1279,306,6.679
port5,0.7,0.1,20,-0.0004761034041891974,0.0033022333634004745,0.027112638192519974,9.220207843429085,1303,282,7.081
port5,0.7,0.1,24,-0.0005110490392468731,0.00316361,0.02501525136943253,7.267897485126033,1312,273,6.31
port5,0.7,0.1,22,-0.0004723507972501841,0.00307657,0.025372093858912228,10.388090909800955,1300,285,7.543
port5,0.7,0.1,23,-0.0005326781374396934,0.003237175476297471,0.025027827525420814,5.924910372112795,1310,275,7.077
port5,0.7,0.1,25,-0.0004882937294199228,0.0030354199999999996,0.02456281366444805,7.58328898275951,1292,293,6.403
port5,0.7,0.1,28,-0.0004895293716671141,0.0033223000000000003,0.026916819710595348,8.403975827296787,1324,261,6.074
port5,0.7,0.1,27,-0.0005354184135283398,0.0033548740869108027,0.025940696447994637,5.8931202522816895,1320,265,6.246
port5,0.7,0.1,26,-0.0005550939206744534,0.0033557973698816234,0.025400936155133953,4.665533391278914,1306,279,7.086
port5,0.7,0.1,29,-0.0005423092738548873,0.0032577217804992684,0.024928677126522764,5.1049847954019905,1332,253,6.946
port5,0.9,0.0,1,0.00016533119653963963,0.0021545163937092566,0.020569201246052993,2.2794023506594154,1276,309,6.799
port5,0.7,0.1,30,-0.0005275159696031859,0.0032655099999999997,0.025414760345594853,6.998479298485236,1291,294,7.327
port5,0.9,0.0,2,0.00017819369068061643,0.002497618855236211,0.0218061045531403,3.619862375123362,1233,352,6.456
port5,0.9,0.0,3,0.0001685260722627614,0.002153742237308673,0.02065322939487588,2.706977384649499,1263,322,6.425
port5,0.9,0.0,4,0.0001733787881060106,0.0024151437625690624,0.02147073368210051,3.2048763216621734,1257,328,6.772
port5,0.9,0.0,6,0.00018030257578216633,0.002088527356491836,0.020794104704922437,4.22802888328535,1273,312,6.718
port5,0.9,0.0,5,0.00016385271484851803,0.0021965460089797993,0.020642655830060506,2.1125493688407717,1266,319,7.115
port5,0.9,0.0,7,0.00017251923302401723,0.002140914296411896,0.02072600788770816,3.2308121002314447,1263,322,6.69
port5,0.9,0.0,8,0.0001773792875325825,0.0021395003335527175,0.020852106765074367,3.8767953183919817,1289,296,6.617
port5,0.9,0.0,9,0.0001734284573678251,0.0021807307519855694,0.020856694437315217,3.374420140894369,1260,325,6.847
port5,0.9,0.0,10,0.00017256558648915288,0.0018893580517081012,0.020041661930975545,2.7805773630942117,1274,311,6.501
port5,0.9,0.0,11,0.00017565805900387864,0.0018995296958325416,0.020155259269181464,3.247366497186012,1263,322,6.706
port5,0.9,0.0,12,0.00017896653676023036,0.002044940769356338,0.020641398900049387,3.9991964185878617,1257,328,6.448
port5,0.9,0.0,14,0.00018991438515293297,0.0018505999999999996,0.020411717363452812,5.121951988678371,1266,319,6.638
port5,0.9,0.0,13,0.00017584432873438027,0.002429990071152289,0.02157270229427328,3.4833894376075865,1284,301,7.545
port5,0.9,0.0,15,0.00016907621700543233,0.0021865083764421845,0.020755910929169362,2.8012012077100423,1276,309,7.139
port5,0.9,0.0,16,0.00019475734580434224,0.001974686428717928,0.02087598270943417,6.041178959071741,1270,315,6.614
port5,0.9,0.0,18,0.00016790812156170987,0.002205117970509283,0.020774447943263757,2.6543426584824408,1258,327,6.772
port5,0.9,0.0,19,0.00016583284338797158,0.0021555977933247344,0.0205856644488463,2.347680306507667,1254,331,6.524
port5,0.9,0.0,17,0.00017937109255342697,0.0019408359883001122,0.020370313131925808,3.870162225016719,1306,279,7.988
port5,0.9,0.0,20,0.00018505691438348628,0.0020375700000000003,0.020784981607547694,4.813331330917681,1265,320,6.708
port5,0.9,0.0,22,0.00017031052839631278,0.0020937047379951173,0.020539420152905552,2.8876027082100224,1265,320,6.525
port5,0.9,0.0,23,0.0001763877235215035,0.0020630606411739367,0.02062074973415794,3.673103226914738,1257,328,6.603
port5,0.9,0.0,21,0.0001803081933870738,0.001853854324993129,0.020157535836130225,3.776307569105737,1290,295,8.46
port5,0.9,0.0,25,0.0001802036788537206,0.0020808739125224487,0.020771001958017375,4.207511785562246,1263,322,6.505
port5,0.9,0.0,27,0.00018240569648539652,0.0022189297934941832,0.02119482840052195,4.549783580538514,1267,318,6.661
port5,0.9,0.0,24,0.00016600642785961773,0.002181938759294794,0.020661297791579554,2.3906313975027773,1252,333,8.095
port5,0.9,0.0,26,0.00016715282465631012,0.0022234699748501607,0.02080330695243016,2.5596287207611694,1296,289,7.818
port5,0.9,0.0,28,0.00016184911436673685,0.002176372802923991,0.020534155683184594,1.8306734876510284,1263,322,6.775
port5,0.9,0.0,30,0.00017011693150645302,0.002041517756606658,0.020392501540384307,2.786511572990204,1254,331,6.648
port5,0.9,0.0,29,0.00018782176068830297,0.001790783785887121,0.020190760793464557,4.651124654519184,1296,289,6.839
port5,0.9,0.02,1,0.0001751831121268692,0.0017923553792639076,0.019844356881974726,2.8386051480746235,1304,281,6.937
port5,0.9,0.02,2,0.00016088001680203447,0.0021992515946871244,0.020569804630162437,1.7177950933318984,1273,312,6.647
port5,0.9,0.02,3,0.0001632500337602343,0.0021578105240850336,0.020521833526724587,2.0026102907158383,1292,293,6.635
port5,0.9,0.02,4,0.0001919347436062961,0.001996987260865485,0.020860208523855082,5.690307066428058,1312,273,6.877
port5,0.9,0.02,5,0.0001677170881902178,0.0021190038848323085,0.02053770182624706,2.565785170405826,1256,329,6.719
port5,0.9,0.02,6,0.0001778459211491542,0.0019518103347797725,0.020358644209036755,3.6823490034479933,1273,312,6.549
port5,0.9,0.02,7,0.0001756567381209908,0.0020830790671201027,0.0206549602552941,3.5980576344977306,1278,307,6.76
port5,0.9,0.02,8,0.000157654466037468,0.002177070800762541,0.020422252191440643,1.266992459598751,1285,300,7.165
port5,0.9,0.02,9,0.0001699620763183262,0.0021505048356422604,0.020683126775292843,2.896484153654655,1290,295,7.006
port5,0.9,0.02,10,0.00018846361412996635,0.001702877790877058,0.019965286352335312,4.427905051002687,1280,305,6.892
port5,0.9,0.02,11,0.00016829806485472814,0.002010612017219018,0.0202583115062718,2.479159526321684,1265,320,6.536
port5,0.9,0.02,12,0.00021274595354099377,0.0019162085302616622,0.02119661415748489,8.38144448119808,1259,326,6.508
port5,0.9,0.02,13,0.00017792926548491285,0.001973761577648531,0.02042072539928671,3.739620039824785,1265,320,6.67
port5,0.9,0.02,14,0.00017908283270286703,0.0020543903991236414,0.020669942552606055,4.0270762667912745,1293,292,6.723
port5,0.9,0.02,15,0.0001943039162667998,0.0020094484961341954,0.020956271028560063,6.024171653124928,1232,353,6.412
port5,0.9,0.02,16,0.00016612279457410597,0.0020377704468068276,0.020273130527725846,2.229793880726356,1272,313,6.729
port5,0.9,0.02,18,0.000164506609261245,0.0021770593022794084,0.02060778007045952,2.187107322404702,1255,330,6.452
port5,0.9,0.02,17,0.00020562393357378405,0.0016663576350817249,0.02033769617352512,6.7666418671093025,1256,329,7.346
port5,0.9,0.02,19,0.00016968725779683882,0.00212760205910472,0.020614112310295012,2.84007441470663,1287,298,6.756
port5,0.9,0.02,20,0.00017408381447815588,0.002449819526912934,0.021578429743340382,3.2270347092644442,1245,340,6.907
port5,0.9,0.02,21,0.00018608088304713683,0.0016893834842807132,0.019861163428919044,4.024974565153103,1264,321,6.794
port5,0.9,0.02,22,0.0001976338858485609,0.0021435468909995416,0.021395445386252838,6.530845810193317,1280,305,6.943
port5,0.9,0.02,24,0.00016444766601348334,0.0021299167987319807,0.020478697492399302,2.135776058226655,1253,332,6.679
port5,0.9,0.02,23,0.00017415883712408383,0.00202510772468237,0.020457805073758818,3.3139691837194327,1268,317,7.227
port5,0.9,0.02,26,0.00019914294853661874,0.0015899614946643201,0.0199482413037967,5.505378414169045,1301,284,6.672
port5,0.9,0.02,25,0.00019884721122326085,0.0016700100000000002,0.020161795864215317,5.8047199439536845,1287,298,7.029
port5,0.9,0.02,27,0.0001721256783999961,0.002221837163733772,0.020931353270827773,3.2121964247398744,1255,330,8.042
port5,0.9,0.02,29,0.00018644434011892455,0.0018128364309306206,0.020213526362644358,4.524381233320589,1277,308,6.58
port5,0.9,0.02,28,0.0001716649661000814,0.00239843291635409,0.021382969800378016,3.018259538454094,1260,325,7.846
port5,0.9,0.04,1,0.00018533930652371122,0.001928057371936702,0.02049783304854392,4.670191615038311,1305,280,6.822
port5,0.9,0.02,30,0.0001686943513606743,0.0020826078947649936,0.020465557538817198,2.6538566041097584,1255,330,8.05
port5,0.9,0.04,2,0.00016328157691575284,0.0021802487551010807,0.020583338796918597,2.025648025586595,1307,278,7.023
port5,0.9,0.04,3,0.00017631171567899064,0.0023518821371641056,0.02138275341888102,3.667380616334582,1295,290,6.993
port5,0.9,0.04,4,0.00020160291550799501,0.0016166293544817858,0.020090513265833634,5.985471828726368,1237,348,6.657
port5,0.9,0.04,5,0.0001680710657393177,0.0024029825751947253,0.021301260350264882,2.5608924634658856,1328,257,7.735
port5,0.9,0.04,7,0.00017721194985224805,0.0019109251646379373,0.02022936441897278,3.496427018806835,1289,296,6.925
port5,0.9,0.04,8,0.00017608108432356698,0.0023269400665045805,0.021311840500686335,3.6674932670404714,1280,305,6.944
port5,0.9,0.04,6,0.00019232855294387723,0.0017632070131860917,0.020238831056013925,5.2041720251999,1316,269,8.109
port5,0.9,0.04,11,0.00018513239866546104,0.0021730029483717057,0.021145860995124936,4.907845373665501,1272,313,7.252
port5,0.9,0.04,9,0.0001758496180318511,0.0021246920311061247,0.020771744193133122,3.663093774635437,1291,294,9.024
port5,0.9,0.04,12,0.0001742294089176806,0.0023152330268357123,0.021232907154311514,3.443514888487319,1280,305,7.152
port5,0.9,0.04,10,0.00016338365895666212,0.0022084980854776394,0.0206621895017183,2.0563341952526235,1312,273,9.145
port5,0.9,0.04,13,0.00018386843566493166,0.0023149362217747987,0.021482862881903788,4.665359301755055,1286,299,8.205
port5,0.9,0.04,15,0.00016393023893761653,0.0021496188547863006,0.020518071287316093,2.0864260566669657,1326,259,7.606
port5,0.9,0.04,14,0.00018829238966044075,0.0017905527065803523,0.020203070732453737,4.717482500684349,1288,297,8.795
port5,0.9,0.04,16,0.00017972900754937877,0.002084167543789375,0.020767115081523485,4.147047745778031,1306,279,9.016
port5,0.9,0.04,19,0.00016595025319944678,0.002118763771583651,0.02048920123050763,2.3265477885963404,1276,309,7.539
port5,0.9,0.04,20,0.00017804941227371457,0.002487699189844205,0.02177713712584663,3.627070308904327,1265,320,7.595
port5,0.9,0.04,18,0.00019924494307165848,0.0018154699032481274,0.020569446959466393,6.334987104499785,1285,300,8.429
port5,0.9,0.04,17,0.00017629729584951943,0.002099821263388748,0.020717127165393964,3.701598306960396,1317,268,9.478
port5,0.9,0.04,21,0.0001738445192312984,0.002165516572683812,0.020827230479448972,3.4225017168186955,1332,253,8.771
port5,0.9,0.04,23,0.00016863867287834932,0.0022680188094277532,0.020961354754275373,2.751906952726296,1287,298,7.9
port5,0.9,0.04,22,0.0001807114005982626,0.0020577550828330504,0.020722690432405183,4.25107726887542,1267,318,8.23
port5,0.9,0.04,24,0.00017064427690413294,0.0020800723151590617,0.02051155523709716,2.915720278491628,1294,291,7.834
port5,0.9,0.04,25,0.00017157000105108726,0.0022027360638061863,0.02086580422689786,3.136540652724944,1326,259,7.708
port5,0.9,0.04,26,0.0001764203545063438,0.001802603713510061,0.019907584424517143,3.054404465407739,1278,307,8.891
port5,0.9,0.04,29,0.0001922555612992202,0.0018245093806377453,0.02040442488402385,5.380031392733381,1323,262,7.396
port5,0.9,0.04,27,0.00018037969210769997,0.0020934566993437253,0.02080932915897932,4.24275183576594,1289,296,9.161
port5,0.9,0.06,1,0.00017840142856138675,0.002219905890803997,0.021092179109849812,4.03060993906527,1302,283,7.758
port5,0.9,0.04,28,0.0001928237743349241,0.002593997369680093,0.02241585528402542,5.055113170795827,1257,328,8.94
port5,0.9,0.04,30,0.00016504417734466571,0.002244799831613489,0.02080395690210064,2.2850459842524704,1292,293,8.799
port5,0.9,0.06,2,0.0001792693832727486,0.0022376962034882583,0.021161784308868725,4.138676055734674,1290,295,7.81
port5,0.9,0.06,3,0.00017958356098994976,0.0022272370744087903,0.02114256550265966,4.182448123434266,1292,293,7.505
port5,0.9,0.06,4,0.00018462468335214807,0.002148739147247345,0.021068633823685293,4.83700941673839,1293,292,7.708
port5,0.9,0.06,6,0.00017791746593775952,0.0018856950923280948,0.02017938924223231,3.528546713695923,1267,318,7.756
port5,0.9,0.06,8,0.00016166041400326634,0.0023097455233358306,0.02088686366373876,1.8312307534063166,1282,303,7.443
port5,0.9,0.06,5,0.00017038140211826663,0.0022127209727292457,0.020860741954185167,2.982350485414382,1302,283,10.294
port5,0.9,0.06,7,0.0001759107797491921,0.002222875264295436,0.021034318682116075,3.706309761294321,1275,310,9.574
port5,0.9,0.06,9,0.00016881014934753627,0.0023579139023006306,0.02120276553181996,2.711675274310896,1300,285,8.058
port5,0.9,0.06,10,0.00017677683408740458,0.0021110568677048893,0.02076007174195197,3.7759797614636805,1270,315,7.768
port5,0.9,0.06,13,0.0001796212816736021,0.0021986313097810987,0.021068259767076474,4.1907324521905975,1291,294,8.28
port5,0.9,0.06,12,0.00018092492078281084,0.0017840439693147699,0.019981361251434293,3.6393696229312296,1279,306,8.811
port5,0.9,0.06,11,0.000177400897865325,0.001965611247993885,0.020384144782559514,3.6499662796655916,1294,291,9.285
port5,0.9,0.06,14,0.0001925225466943472,0.0018746488076113068,0.0205477067510783,5.545811004642322,1301,284,8.723
port5,0.9,0.06,17,0.00017563847986253235,0.001970991362721426,0.0203507470825104,3.4167900740439943,1276,309,8.023
port5,0.9,0.06,16,0.0001731679522096088,0.0020848940471354127,0.02059280772295539,3.2639310499215353,1291,294,8.564
port5,0.9,0.06,15,0.00016959331160459713,0.002013282386484479,0.020301109719340876,2.663846957330463,1311,274,9.945
port5,0.9,0.06,19,0.00016707954743572627,0.0021692863356722047,0.020656131212546575,2.5252261972594825,1307,278,7.883
port5,0.9,0.06,20,0.00017682371339953739,0.0022457338606044113,0.021118635779276886,3.8197980048476143,1244,341,8.113
port5,0.9,0.06,18,0.00017894853708855143,0.0019967919369050092,0.02051091120948534,3.9228993481074466,1269,316,8.775
port5,0.9,0.06,22,0.00017779891708953187,0.0019429629289899556,0.020333202458281747,3.6561284816260935,1294,291,8.85
port5,0.9,0.06,24,0.0001756759424839043,0.001922930824183902,0.02022015015062105,3.311318290485201,1293,292,7.431
port5,0.9,0.06,25,0.0001994361811843635,0.0019099531269674234,0.02082817253094967,6.571498771032245,1302,283,7.74
port5,0.9,0.06,21,0.00017310820801973688,0.0022904098457878523,0.02113841139302053,3.3190520248550017,1290,295,11.461
port5,0.9,0.06,23,0.00016313858043884194,0.0021669768373708846,0.0205436192899112,1.9958139808293256,1287,298,10.198
port5,0.9,0.06,26,0.00017131580152450796,0.002029435639744209,0.020392247042522176,2.9308546398257556,1292,293,9.982
port5,0.9,0.06,28,0.00017139341068796326,0.0022823417247033397,0.02107203473691289,3.1028992417000114,1291,294,8.216
port5,0.9,0.06,29,0.00021064710608060858,0.0018719804009784808,0.02102498899929575,8.028929409630368,1306,279,8.823
port5,0.9,0.06,27,0.00018432097040745472,0.002451024415377478,0.02184346868937162,4.47743073096374,1255,330,10.005
port5,0.9,0.06,30,0.0001823929059497965,0.0022031977486019127,0.02115321569486114,4.551129199918751,1270,315,8.297
port5,0.9,0.08,2,0.000167423682534212,0.002167083210095064,0.020659461204755515,2.5696057503189973,1254,331,7.862
port5,0.9,0.08,1,0.00016031807225238526,0.0021859941577369057,0.020518758031130544,1.633109692218507,1322,263,8.535
port5,0.9,0.08,3,0.00017230764774776012,0.0023750862249773876,0.0213389646277388,3.1326298268831727,1302,283,9.115
port5,0.9,0.08,4,0.0001850982142517978,0.0017890847186268159,0.020110988873263604,4.256342293513894,1315,270,9.054
port5,0.9,0.08,7,0.00018598007475203044,0.0017610767608629715,0.020057909241835183,4.28686182762195,1297,288,8.454
port5,0.9,0.08,6,0.00016296064270937243,0.002193577346195894,0.020610633106049405,1.9919160047224975,1289,296,9.126
port5,0.9,0.08,5,0.00017016614007144419,0.0020894191481066232,0.02052391707475036,2.862762338599654,1297,288,10.551
port5,0.9,0.08,8,0.00017297674998340582,0.0023846743766766233,0.02138130511688159,3.2031971679163003,1302,283,8.348
port5,0.9,0.08,9,0.00018245778631148827,0.002195950218445524,0.02113587808432857,4.5601403064725305,1282,303,8.744
port5,0.9,0.08,10,0.00018364932528881048,0.002032492733485071,0.020733724504276643,4.6170675526683125,1312,273,7.533
port5,0.9,0.08,11,0.0001777458294307611,0.002150587303963612,0.02089137407924679,3.931443991076174,1302,283,8.274
port5,0.9,0.08,12,0.00021398720608545307,0.0024255500000000003,0.022522635677751517,8.106340668264423,1279,306,8.115
port5,0.9,0.08,13,0.0001942214572902084,0.0015259718667934206,0.01963043679735772,4.449648403446178,1325,260,8.496
port5,0.9,0.08,14,0.00017814068485007023,0.0018835029264375803,0.020179499429256533,3.5540127828654553,1280,305,8.067
port5,0.9,0.08,15,0.0001945184691878841,0.0015314079612268933,0.01965421259087486,4.52374946234613,1290,295,8.384
port5,0.9,0.08,16,0.0001762960016129533,0.0025002618548512863,0.021764450808551748,3.3833081082953806,1307,278,8.897
port5,0.9,0.08,17,0.00017701658476193424,0.001887637565581198,0.020159925631478073,3.406622418016282,1281,304,7.306
port5,0.9,0.08,20,0.0001805592646105041,0.0023191045090220986,0.02140793506863788,4.2429468211148125,1282,303,7.189
port5,0.9,0.08,18,0.000183438258956616,0.0022364041752604463,0.021267572511602956,4.676490732711109,1281,304,8.358
port5,0.9,0.08,22,0.00016177923582991983,0.002149622338149139,0.02045975642422715,1.7962405433737023,1287,298,7.553
port5,0.9,0.08,21,0.00018808137709209783,0.0024368199999999997,0.02190290130685628,4.968252971564832,1282,303,8.015
port5,0.9,0.08,19,0.00017893374322962876,0.002043841311829701,0.020637556767876666,3.9932841055053605,1296,289,9.43
port5,0.9,0.08,23,0.00016495229651882545,0.002198452599592857,0.020677350907000503,2.259819486540471,1302,283,7.232
port5,0.9,0.08,25,0.00018553080927495618,0.0019005542692700867,0.020428363620819102,4.634534520171161,1302,283,6.842
port5,0.9,0.08,24,0.0001766795408191271,0.0020384272587232995,0.020562162302298445,3.679278442687479,1316,269,8.755
port5,0.9,0.08,26,0.00017074996050810132,0.001981108313060514,0.02024463692531796,2.7587433704854782,1289,296,8.21
port5,0.9,0.08,27,0.00017431582198575,0.0021166836408352415,0.020709208527965258,3.4513468717793248,1312,273,8.325
port5,0.9,0.08,28,0.0001646321917829616,0.0023996366348534516,0.021202616590838934,2.132586449339422,1305,280,8.669
port5,0.9,0.08,29,0.00018957993889971012,0.0018895580434403836,0.02050841949714389,5.171957936713512,1311,274,8.383
port5,0.9,0.1,1,0.00017722766402685975,0.0023777622623709443,0.021473598525319774,3.745777773068945,1300,285,8.193
port5,0.9,0.08,30,0.0001921322171516322,0.0017739858347618287,0.020263015039113753,5.2113055490681495,1284,301,9.342
port5,0.9,0.1,4,0.00017693661057140316,0.002116172399764013,0.02077802927634552,3.8015556672251702,1278,307,8.568
port5,0.9,0.1,2,0.00019012390948018284,0.0024294689225345233,0.021936038377611374,5.233862414176466,1288,297,9.366
port5,0.9,0.1,7,0.00017196093012142563,0.0022763413317302326,0.021071177346593847,3.1790596199716137,1294,291,8.324
port5,0.9,0.1,3,0.00016628911407720858,0.002352787948496704,0.021123128685739477,2.3962465616804804,1304,281,10.498
port5,0.9,0.1,8,0.00017721956548601652,0.002061368212896763,0.020638593480706985,3.7836246687290713,1279,306,8.423
port5,0.9,0.1,6,0.000208876083468384,0.0023693280179843783,0.022256307102752337,7.649854340356982,1332,253,10.398
port5,0.9,0.1,5,0.00017225896911764432,0.002324379942428908,0.021205265681495642,3.1840599234367155,1316,269,11.239
port5,0.9,0.1,9,0.0001812429186542704,0.002291208584964098,0.021353214099747247,4.358074599394042,1316,269,8.258
port5,0.9,0.1,11,0.00019276647174150193,0.0016602968179255163,0.019966531817409226,4.881276342507821,1272,313,7.223
port5,0.9,0.1,13,0.00020438278946886183,0.002164518713765157,0.021623923501667662,7.391865242918126,1281,304,7.166
port5,0.9,0.1,15,0.00018432820748259,0.0016516410215450588,0.019705958197602624,3.601249129290427,1304,281,7.779
port5,0.9,0.1,12,0.00017501785700716643,0.001866771045386523,0.02004702697674808,3.062588488250306,1293,292,9.766
port5,0.9,0.1,14,0.0001878108830023959,0.0020180539391524022,0.020806416662965514,5.160887143850315,1284,301,8.736
port5,0.9,0.1,10,0.00017325418685134905,0.0018364323244354386,0.019913630711285085,2.7137316531786353,1301,284,11.893
port5,0.9,0.1,19,0.00017704826662847737,0.0022367015740939866,0.021100774710313783,3.851600842795337,1294,291,6.935
port5,0.9,0.1,18,0.00018133540963562801,0.0023542450748138977,0.021518981727174365,4.294813557453851,1285,300,7.586
port5,0.9,0.1,16,0.00017177538358561253,0.0020701890297736324,0.020515422019191525,3.056337000770057,1299,286,8.372
port5,0.9,0.1,20,0.00016623271823065726,0.0020901258981596764,0.020419089871072032,2.328726690872173,1306,279,7.458
port5,0.9,0.1,17,0.00016233099400051157,0.002151984341834068,0.020481141140731778,1.8731502998212184,1293,292,8.816
port5,0.9,0.1,22,0.00018850131023612047,0.0021653933834862946,0.021214267960364946,5.346025405050128,1302,283,6.856
port5,0.9,0.1,21,0.0001660487505514237,0.002054538876748855,0.02031700541763829,2.249031452517033,1290,295,7.639
port5,0.9,0.1,23,0.0001741128493834506,0.0021897142019768343,0.020898810959827197,3.4677212936755377,1305,280,7.901
port5,0.9,0.1,25,0.00017402515006863543,0.002328156249936266,0.02126135709743702,3.4052543175704924,1298,287,7.243
port5,0.9,0.1,26,0.00017363101144949981,0.002394786918412578,0.021424536901276887,3.26982337026746,1292,293,7.063
port5,0.9,0.1,24,0.00016879517439951025,0.0020447469353948957,0.020365271854556714,2.6103026015193334,1316,269,7.597
port5,0.9,0.1,27,0.00018699271244588202,0.0019909129606192825,0.020711886241367407,5.0122388797425375,1307,278,6.889
port5,0.9,0.1,29,0.00018605715595101612,0.0020480032407470586,0.020839531878558807,4.95961450783273,1311,274,6.652
port5,0.9,0.1,28,0.00017162121012579358,0.002216082442474008,0.020902670067965385,3.145661834699676,1310,275,6.906
port5,0.9,0.1,30,0.00017989432130807853,0.002355981019782292,0.02148623392071997,4.11186068946403,1316,269,6.719
