dataset,lambda,n_generations,seed,best_fitness,return,std,pe_percent,n_evaluations,n_cache_hits,elapsed_seconds
port1,0.5,10,2,-0.0025659980144477584,0.006247278952952589,0.03339585189895703,10.176383958302067,421,119,2.635
port1,0.5,10,1,-0.0025683659534088254,0.006274964743731386,0.0337377064560372,10.948876885840379,450,90,2.934
port1,0.5,15,1,-0.0025696906485641567,0.006278034366990082,0.0337439338231595,10.929876951246253,615,170,4.212
port1,0.5,15,2,-0.0025703023665247875,0.006272233728740134,0.03363969375143832,10.661565029574518,578,207,4.048
port1,0.5,25,2,-0.0025703023665247875,0.006272233728740134,0.03363969375143832,10.661565029574518,696,579,4.948
port1,0.5,25,1,-0.0025703023665247875,0.006272233728740134,0.03363969375143832,10.661565029574518,826,449,5.837
port1,0.5,50,2,-0.0025703023665247875,0.006272233728740134,0.03363969375143832,10.661565029574518,766,1734,6.101
port1,0.5,50,1,-0.0025703023665247875,0.006272233728740134,0.03363969375143832,10.661565029574518,949,1551,7.44
port1,0.5,100,2,-0.0025703023665247875,0.006272233728740134,0.03363969375143832,10.661565029574518,830,4120,6.569
port1,0.5,100,1,-0.0025703023665247875,0.006272233728740134,0.03363969375143832,10.661565029574518,1023,3927,7.877
port1,0.1,10,10,-0.005574161252423612,0.006340309999999997,0.036348005113951684,16.25146536688199,451,89,3.009
port1,0.1,10,6,-0.005566411683368202,0.006323540000000001,0.03532340819227377,14.558944045960038,450,90,3.081
port1,0.1,10,11,-0.005579945133105704,0.006345989999999998,0.036255463987417885,16.012915668256063,439,101,3.064
port1,0.1,10,3,-0.005588133593975169,0.006354460000000003,0.0361773970905638,15.761291741296061,424,116,3.143
port1,0.1,10,12,-0.0055815187649773815,0.006348160000000001,0.036307745044634736,16.076824731850472,425,115,3.137
port1,0.1,10,5,-0.00558698805908787,0.006354950000000001,0.03639600814816524,16.14232919036748,434,106,3.275
port1,0.1,10,4,-0.005574874675625102,0.00634033,0.03625221708735857,16.082061109050883,444,96,3.285
port1,0.1,10,8,-0.0055567885391706266,0.006310679999999999,0.03504617822664454,14.168209862172827,441,99,3.401
port1,0.1,10,2,-0.005565963212803986,0.006322279999999999,0.03522623840207939,14.380383425163192,447,93,3.491
port1,0.1,10,9,-0.005543415124044964,0.0063113699999999984,0.03698890049123312,17.714474744584066,441,99,3.501
port1,0.1,10,1,-0.005581624083636529,0.0063479899999999995,0.03627215410800261,16.016085856162714,443,97,3.606
port1,0.1,10,7,-0.0055731112924387845,0.00634898,0.03754606604708611,18.111544169526876,452,88,3.591
port1,0.1,10,13,-0.005573974149452916,0.006349040000000002,0.037438195809505276,17.94276247315586,428,112,3.01
port1,0.1,10,14,-0.005583787562756875,0.006349890000000001,0.0362095895092897,15.87952742755983,439,101,3.091
port1,0.1,10,15,-0.005589447986162119,0.006356889999999999,0.036297797982505695,15.943817314960556,443,97,3.089
port1,0.1,10,17,-0.00557247060849624,0.006337940000000001,0.036287103976999864,16.17549170187003,428,112,3.133
port1,0.1,10,19,-0.005584695286274465,0.006351830000000001,0.03632515846153138,16.05905486131331,443,97,3.061
port1,0.1,10,16,-0.005574292097841485,0.006348779999999998,0.03736440848702321,17.83018435500811,430,110,3.246
port1,0.1,10,20,-0.005585577870805978,0.0063516,0.03617487100101697,15.794673173412106,441,99,3.228
port1,0.1,10,22,-0.005567190671059134,0.006330250000000006,0.03606027300796128,15.87122411379706,445,95,3.195
port1,0.1,10,18,-0.00555558657179713,0.0063106099999999995,0.03520829848244156,14.502073464044399,428,112,3.809
port1,0.1,10,21,-0.00558217599125545,0.006359119999999999,0.037554228622692955,17.99341926112972,451,89,3.852
port1,0.1,10,24,-0.005580249081564471,0.006346979999999999,0.03633633421735461,16.142827004677155,435,105,4.104
port1,0.1,10,23,-0.005553709796819423,0.006307519999999999,0.03507965267510149,14.280554049677407,445,95,4.214
port1,0.1,10,25,-0.0055830233446917945,0.006349829999999999,0.036307527498881664,16.054362872863425,436,104,3.06
port1,0.1,10,29,-0.005579788391775668,0.006346270000000001,0.03631178985182826,16.108951796832383,431,109,3.022
port1,0.1,10,28,-0.0055637296017079976,0.0063384999999999995,0.037539365776741836,18.23635145327723,440,100,3.038
port1,0.1,10,27,-0.005583787562756875,0.006349890000000001,0.0362095895092897,15.87952742755983,444,96,3.198
port1,0.1,10,26,-0.005575582337945554,0.0063417599999999975,0.03633203298116483,16.204228079400348,432,108,3.317
port1,0.1,10,30,-0.005593506627071575,0.006361420000000001,0.03630032684817389,15.88839521226009,424,116,3.141
port1,0.1,15,1,-0.005593506627071575,0.006361420000000001,0.03630032684817389,15.88839521226009,625,160,4.93
port1,0.1,15,2,-0.00558138624415213,0.00634839,0.03635447095583559,16.156093301153923,627,158,4.946
port1,0.1,15,3,-0.005593506627071575,0.006361420000000001,0.03630032684817389,15.88839521226009,565,220,4.897
port1,0.1,15,4,-0.005589013941688748,0.00635613,0.03626335041212426,15.892744988174199,603,182,4.988
port1,0.1,15,6,-0.005589447986162119,0.006356889999999999,0.036297797982505695,15.943817314960556,613,172,4.589
port1,0.1,15,5,-0.005593506627071575,0.006361420000000001,0.03630032684817389,15.88839521226009,610,175,5.508
port1,0.1,15,8,-0.00559323977237196,0.006361679999999999,0.036369249047518176,16.006568076811515,613,172,4.565
port1,0.1,15,11,-0.005589013941688748,0.00635613,0.03626335041212426,15.892744988174199,594,191,4.656
port1,0.1,15,12,-0.005593506627071575,0.006361420000000001,0.03630032684817389,15.88839521226009,590,195,4.797
port1,0.1,15,7,-0.005593506627071575,0.006361420000000001,0.03630032684817389,15.88839521226009,621,164,5.653
port1,0.1,15,9,-0.005574764598045829,0.00634106,0.03635786049180714,16.258846334382348,633,152,5.407
port1,0.1,15,10,-0.005593506627071575,0.006361420000000001,0.03630032684817389,15.88839521226009,628,157,5.925
port1,0.1,15,13,-0.00559323977237196,0.006361679999999999,0.036369249047518176,16.006568076811515,586,199,4.591
port1,0.1,15,14,-0.00559323977237196,0.006361679999999999,0.036369249047518176,16.006568076811515,611,174,4.933
port1,0.1,15,17,-0.005581889609023689,0.0063484200000000005,0.036288895130096206,16.040057448304815,578,207,4.267
port1,0.1,15,16,-0.005590584215137122,0.0063583,0.03631608250663593,15.957519511620529,590,195,4.677
port1,0.1,15,18,-0.005574874675625102,0.00634033,0.03625221708735857,16.082061109050883,629,156,4.331
port1,0.1,15,15,-0.005590584215137122,0.0063583,0.03631608250663593,15.957519511620529,590,195,5.788
port1,0.1,15,19,-0.005593506627071575,0.006361420000000001,0.03630032684817389,15.88839521226009,603,182,4.325
port1,0.1,15,20,-0.005587878650853569,0.006354719999999999,0.03624490986972247,15.878599270008925,609,176,4.362
port1,0.1,15,21,-0.005593506627071575,0.006361420000000001,0.03630032684817389,15.88839521226009,638,147,4.778
port1,0.1,15,22,-0.005581624083636529,0.0063479899999999995,0.03627215410800261,16.016085856162714,627,158,5.087
port1,0.1,15,23,-0.005589447986162119,0.006356889999999999,0.036297797982505695,15.943817314960556,634,151,5.746
port1,0.1,15,25,-0.005593506627071575,0.006361420000000001,0.03630032684817389,15.88839521226009,613,172,4.597
port1,0.1,15,24,-0.005592369358436853,0.00636001,0.03628217765834175,15.874855164941154,607,178,5.533
port1,0.1,15,27,-0.005590584215137122,0.0063583,0.03631608250663593,15.957519511620529,621,164,4.66
port1,0.1,15,26,-0.005592369358436853,0.00636001,0.03628217765834175,15.874855164941154,618,167,5.125
port1,0.1,15,28,-0.005579608590472149,0.006355739999999997,0.037490986853888984,17.93869691322798,627,158,4.909
port1,0.1,15,30,-0.005593506627071575,0.006361420000000001,0.03630032684817389,15.88839521226009,566,219,4.469
port1,0.1,15,29,-0.005584695286274465,0.006351830000000001,0.03632515846153138,16.05905486131331,598,187,5.121
port1,0.1,25,1,-0.005593506627071575,0.006361420000000001,0.03630032684817389,15.88839521226009,879,396,6.618
port1,0.1,25,3,-0.005593506627071575,0.006361420000000001,0.03630032684817389,15.88839521226009,743,532,6.094
port1,0.1,25,2,-0.005593506627071575,0.006361420000000001,0.03630032684817389,15.88839521226009,950,325,8.053
port1,0.1,25,4,-0.00559323977237196,0.006361679999999999,0.036369249047518176,16.006568076811515,915,360,7.092
port1,0.1,25,8,-0.005593506627071575,0.006361420000000001,0.03630032684817389,15.88839521226009,830,445,6.599
port1,0.1,25,7,-0.005593506627071575,0.006361420000000001,0.03630032684817389,15.88839521226009,804,471,7.406
port1,0.1,25,9,-0.005589699294298065,0.006356629999999993,0.03623088540208887,15.828295783436447,938,337,6.687
port1,0.1,25,5,-0.005593506627071575,0.006361420000000001,0.03630032684817389,15.88839521226009,869,406,8.042
port1,0.1,25,6,-0.005593506627071575,0.006361420000000001,0.03630032684817389,15.88839521226009,891,384,7.902
port1,0.1,25,12,-0.005593506627071575,0.006361420000000001,0.03630032684817389,15.88839521226009,865,410,6.351
port1,0.1,25,10,-0.005593506627071575,0.006361420000000001,0.03630032684817389,15.88839521226009,840,435,7.235
port1,0.1,25,11,-0.005593506627071575,0.006361420000000001,0.03630032684817389,15.88839521226009,780,495,7.063
port1,0.1,25,13,-0.00559323977237196,0.006361679999999999,0.036369249047518176,16.006568076811515,758,517,6.424
port1,0.1,25,14,-0.005593506627071575,0.006361420000000001,0.03630032684817389,15.88839521226009,827,448,6.782
port1,0.1,25,16,-0.005593506627071575,0.006361420000000001,0.03630032684817389,15.88839521226009,783,492,5.926
port1,0.1,25,15,-0.005593506627071575,0.006361420000000001,0.03630032684817389,15.88839521226009,740,535,6.489
port1,0.1,25,19,-0.005593506627071575,0.006361420000000001,0.03630032684817389,15.88839521226009,772,503,6.358
port1,0.1,25,20,-0.005593506627071575,0.006361420000000001,0.03630032684817389,15.88839521226009,828,447,6.403
port1,0.1,25,17,-0.005593506627071575,0.006361420000000001,0.03630032684817389,15.88839521226009,811,464,7.51
port1,0.1,25,22,-0.00559323977237196,0.006361679999999999,0.036369249047518176,16.006568076811515,950,325,6.844
port1,0.1,25,21,-0.005593506627071575,0.006361420000000001,0.03630032684817389,15.88839521226009,900,375,7.327
port1,0.1,25,24,-0.005593506627071575,0.006361420000000001,0.03630032684817389,15.88839521226009,900,375,6.811
port1,0.1,25,18,-0.005588133593975169,0.006354460000000003,0.0361773970905638,15.761291741296061,973,302,7.969
port1,0.1,25,23,-0.005593506627071575,0.006361420000000001,0.03630032684817389,15.88839521226009,906,369,8.087
port1,0.1,25,26,-0.005593506627071575,0.006361420000000001,0.03630032684817389,15.88839521226009,846,429,6.971
port1,0.1,25,25,-0.005593506627071575,0.006361420000000001,0.03630032684817389,15.88839521226009,830,445,7.692
port1,0.1,25,27,-0.005593506627071575,0.006361420000000001,0.03630032684817389,15.88839521226009,843,432,6.408
port1,0.1,25,28,-0.005593506627071575,0.006361420000000001,0.03630032684817389,15.88839521226009,976,299,7.895
port1,0.1,25,30,-0.005593506627071575,0.006361420000000001,0.03630032684817389,15.88839521226009,760,515,6.906
port1,0.1,25,29,-0.005593506627071575,0.006361420000000001,0.03630032684817389,15.88839521226009,897,378,7.608
port1,0.1,50,3,-0.005593506627071575,0.006361420000000001,0.03630032684817389,15.88839521226009,894,1606,7.719
port1,0.1,50,1,-0.005593506627071575,0.006361420000000001,0.03630032684817389,15.88839521226009,982,1518,9.361
port1,0.1,50,2,-0.005593506627071575,0.006361420000000001,0.03630032684817389,15.88839521226009,1083,1417,10.731
port1,0.1,50,4,-0.00559323977237196,0.006361679999999999,0.036369249047518176,16.006568076811515,1069,1431,10.744
port1,0.1,50,5,-0.005593506627071575,0.006361420000000001,0.03630032684817389,15.88839521226009,1022,1478,11.006
port1,0.1,50,7,-0.005593506627071575,0.006361420000000001,0.03630032684817389,15.88839521226009,893,1607,8.302
port1,0.1,50,8,-0.005593506627071575,0.006361420000000001,0.03630032684817389,15.88839521226009,1059,1441,10.73
port1,0.1,50,6,-0.005593506627071575,0.006361420000000001,0.03630032684817389,15.88839521226009,1290,1210,12.533
port1,0.1,50,10,-0.005593506627071575,0.006361420000000001,0.03630032684817389,15.88839521226009,965,1535,8.89
port1,0.1,50,9,-0.005593506627071575,0.006361420000000001,0.03630032684817389,15.88839521226009,1177,1323,10.581
port1,0.1,50,11,-0.005593506627071575,0.006361420000000001,0.03630032684817389,15.88839521226009,867,1633,8.682
port1,0.1,50,12,-0.005593506627071575,0.006361420000000001,0.03630032684817389,15.88839521226009,1135,1365,10.758
port1,0.1,50,13,-0.005593506627071575,0.006361420000000001,0.03630032684817389,15.88839521226009,889,1611,9.528
port1,0.1,50,14,-0.005593506627071575,0.006361420000000001,0.03630032684817389,15.88839521226009,989,1511,9.08
port1,0.1,50,15,-0.005593506627071575,0.006361420000000001,0.03630032684817389,15.88839521226009,872,1628,8.571
port1,0.1,50,16,-0.005593506627071575,0.006361420000000001,0.03630032684817389,15.88839521226009,906,1594,8.589
port1,0.1,50,17,-0.005593506627071575,0.006361420000000001,0.03630032684817389,15.88839521226009,1006,1494,10.301
port1,0.1,50,20,-0.005593506627071575,0.006361420000000001,0.03630032684817389,15.88839521226009,1140,1360,9.847
port1,0.1,50,19,-0.005593506627071575,0.006361420000000001,0.03630032684817389,15.88839521226009,876,1624,10.507
port1,0.1,50,23,-0.005593506627071575,0.006361420000000001,0.03630032684817389,15.88839521226009,1143,1357,10.851
port1,0.1,50,21,-0.005593506627071575,0.006361420000000001,0.03630032684817389,15.88839521226009,1063,1437,11.914
port1,0.1,50,18,-0.005593506627071575,0.006361420000000001,0.03630032684817389,15.88839521226009,1340,1160,15.235
port1,0.1,50,22,-0.005593506627071575,0.006361420000000001,0.03630032684817389,15.88839521226009,1367,1133,13.15
port1,0.1,50,24,-0.005593506627071575,0.006361420000000001,0.03630032684817389,15.88839521226009,1146,1354,12.302
port1,0.1,50,25,-0.005593506627071575,0.006361420000000001,0.03630032684817389,15.88839521226009,949,1551,12.765
port1,0.1,50,26,-0.005593506627071575,0.006361420000000001,0.03630032684817389,15.88839521226009,1028,1472,12.558
port1,0.1,50,27,-0.005593506627071575,0.006361420000000001,0.03630032684817389,15.88839521226009,995,1505,11.915
port1,0.1,50,28,-0.005593506627071575,0.006361420000000001,0.03630032684817389,15.88839521226009,1336,1164,11.896
port1,0.1,50,29,-0.005593506627071575,0.006361420000000001,0.03630032684817389,15.88839521226009,1102,1398,10.124
port1,0.1,50,30,-0.005593506627071575,0.006361420000000001,0.03630032684817389,15.88839521226009,863,1637,10.52
port1,0.1,100,1,-0.005593506627071575,0.006361420000000001,0.03630032684817389,15.88839521226009,1041,3909,10.151
port1,0.1,100,3,-0.005593506627071575,0.006361420000000001,0.03630032684817389,15.88839521226009,955,3995,10.466
port1,0.1,100,2,-0.005593506627071575,0.006361420000000001,0.03630032684817389,15.88839521226009,1167,3783,10.839
port1,0.1,100,5,-0.005593506627071575,0.006361420000000001,0.03630032684817389,15.88839521226009,1089,3861,9.648
port1,0.1,100,7,-0.005593506627071575,0.006361420000000001,0.03630032684817389,15.88839521226009,955,3995,8.511
port1,0.1,100,4,-0.005593506627071575,0.006361420000000001,0.03630032684817389,15.88839521226009,1243,3707,13.711
port1,0.1,100,11,-0.005593506627071575,0.006361420000000001,0.03630032684817389,15.88839521226009,940,4010,9.887
port1,0.1,100,10,-0.005593506627071575,0.006361420000000001,0.03630032684817389,15.88839521226009,1034,3916,10.308
port1,0.1,100,8,-0.005593506627071575,0.006361420000000001,0.03630032684817389,15.88839521226009,1133,3817,11.226
port1,0.1,100,6,-0.005593506627071575,0.006361420000000001,0.03630032684817389,15.88839521226009,1372,3578,13.856
port1,0.1,100,13,-0.005593506627071575,0.006361420000000001,0.03630032684817389,15.88839521226009,1009,3941,11.507
port1,0.1,100,15,-0.005593506627071575,0.006361420000000001,0.03630032684817389,15.88839521226009,937,4013,9.924
port1,0.1,100,14,-0.005593506627071575,0.006361420000000001,0.03630032684817389,15.88839521226009,1063,3887,10.296
port1,0.1,100,9,-0.005593506627071575,0.006361420000000001,0.03630032684817389,15.88839521226009,1393,3557,15.617
port1,0.1,100,16,-0.005593506627071575,0.006361420000000001,0.03630032684817389,15.88839521226009,962,3988,10.101
port1,0.1,100,12,-0.005593506627071575,0.006361420000000001,0.03630032684817389,15.88839521226009,1210,3740,15.31
port1,0.1,100,19,-0.005593506627071575,0.006361420000000001,0.03630032684817389,15.88839521226009,940,4010,9.168
port1,0.1,100,17,-0.005593506627071575,0.006361420000000001,0.03630032684817389,15.88839521226009,1062,3888,12.852
port1,0.1,100,18,-0.005593506627071575,0.006361420000000001,0.03630032684817389,15.88839521226009,1420,3530,12.665
port1,0.1,100,20,-0.005593506627071575,0.006361420000000001,0.03630032684817389,15.88839521226009,1222,3728,11.317
port1,0.1,100,21,-0.005593506627071575,0.006361420000000001,0.03630032684817389,15.88839521226009,1128,3822,11.365
port1,0.1,100,25,-0.005593506627071575,0.006361420000000001,0.03630032684817389,15.88839521226009,1010,3940,9.507
port1,0.3,10,1,-0.004061564886378705,0.006329441391681986,0.03507345091845041,13.969773444253862,438,102,3.297
port1,0.3,10,3,-0.004036929233383259,0.006294400013230161,0.03507852029746284,14.456518910956603,441,99,3.298
port1,0.3,10,2,-0.004060913523124278,0.006329021342441118,0.035090426832423714,14.010693297908542,436,104,3.575
port1,0.1,100,27,-0.005593506627071575,0.006361420000000001,0.03630032684817389,15.88839521226009,1084,3866,10.5
port1,0.1,100,22,-0.005593506627071575,0.006361420000000001,0.03630032684817389,15.88839521226009,1438,3512,14.704
port1,0.1,100,26,-0.005593506627071575,0.006361420000000001,0.03630032684817389,15.88839521226009,1098,3852,11.312
port1,0.1,100,24,-0.005593506627071575,0.006361420000000001,0.03630032684817389,15.88839521226009,1231,3719,12.094
port1,0.1,100,23,-0.005593506627071575,0.006361420000000001,0.03630032684817389,15.88839521226009,1232,3718,12.619
port1,0.3,10,5,-0.004068380286874369,0.006339376591203311,0.035080066845619935,13.848482290980236,429,111,3.335
port1,0.3,10,4,-0.004067363126098297,0.0063333519729746515,0.03492769936998231,13.61037321477523,444,96,3.501
port1,0.3,10,6,-0.004047383152353926,0.00631662,0.03532000602331366,14.645652085099677,449,91,3.421
port1,0.3,10,7,-0.004055682252077044,0.006321584831981274,0.03509164811888283,14.114252656902472,449,91,3.486
port1,0.1,100,30,-0.005593506627071575,0.006361420000000001,0.03630032684817389,15.88839521226009,905,4045,9.683
port1,0.3,10,8,-0.004057027440507957,0.006319143296013016,0.034946285768359564,13.84353506684062,439,101,3.848
port1,0.1,100,29,-0.005593506627071575,0.006361420000000001,0.03630032684817389,15.88839521226009,1170,3780,10.534
port1,0.3,10,10,-0.00406961984973842,0.006340514086014038,0.03505899839182546,13.789176398875071,433,107,3.359
port1,0.3,10,11,-0.004065716903749829,0.00633905949142567,0.035195868140457415,14.091271425845424,421,119,3.383
port1,0.1,100,28,-0.005593506627071575,0.006361420000000001,0.03630032684817389,15.88839521226009,1408,3542,13.226
port1,0.3,10,9,-0.004062383377210847,0.0063338479475478025,0.03518096957507069,14.131486073110459,447,93,4.746
port1,0.3,10,13,-0.0040127061580712865,0.006251069999999998,0.03478710689938217,14.434492280913208,412,128,3.766
port1,0.3,10,12,-0.004049388581472664,0.006309009999999999,0.03497229467866121,14.036484871598079,447,93,4.823
port1,0.3,10,15,-0.0040601095746124905,0.006325650310541858,0.035016455311125315,13.902511122858964,458,82,3.731
port1,0.3,10,14,-0.004063427019247064,0.006334555756661514,0.035154990656424884,14.068662646245624,446,94,4.588
port1,0.3,10,16,-0.004068380286874369,0.006339376591203311,0.035080066845619935,13.848482290980236,443,97,4.628
port1,0.3,10,19,-0.004056406594064472,0.006325833776017779,0.03519834509121003,14.275557310975243,433,107,3.827
port1,0.3,10,17,-0.004058280644283233,0.006324839078217881,0.035076426579175375,14.038498612628757,439,101,4.581
port1,0.3,10,20,-0.004050977364290147,0.00631632,0.035140035842793925,14.285396806789056,428,112,4.553
port1,0.3,10,22,-0.004049262274821633,0.00631022413568064,0.035018786394106334,14.117344806615526,444,96,3.583
port1,0.3,10,18,-0.004062383377210847,0.0063338479475478025,0.03518096957507069,14.131486073110459,451,89,5.325
port1,0.3,10,23,-0.004073222661955088,0.006347389003800575,0.0351164558151547,13.815086591896806,436,104,3.729
port1,0.3,10,21,-0.004064262215618132,0.006333991757341398,0.03509662920760559,13.956000242133515,423,117,5.191
port1,0.3,10,24,-0.004070327285313346,0.006342210788199051,0.03508182180873688,13.813613773327603,440,100,3.823
port1,0.3,10,26,-0.004068841514201244,0.006337143054114779,0.034983740207849945,13.677301277423213,446,94,4.899
port1,0.3,10,27,-0.004066195893771058,0.006336825954337135,0.03509901585823249,13.922440166347496,442,98,4.278
port1,0.3,10,25,-0.004062314470815207,0.0063355700000000004,0.03524128871956834,14.230933075561685,437,103,5.149
port1,0.3,10,28,-0.004068669896622408,0.006341300560568225,0.03513025741320197,13.926247361292294,443,97,3.886
port1,0.3,10,30,-0.004063427019247064,0.006334555756661514,0.035154990656424884,14.068662646245624,443,97,4.443
port1,0.3,10,29,-0.004064964044106959,0.006335688459526413,0.035119694264117665,13.980637886630989,436,104,6.135
port1,0.3,15,1,-0.004065313999733405,0.006336113300713106,0.03511719952605227,13.969722735613129,618,167,8.18
port1,0.3,15,2,-0.004070626057497964,0.006344134757563965,0.03513157519937542,13.890497987933077,606,179,8.335
port1,0.3,15,3,-0.004057984444807477,0.006321487314618796,0.034978882935550334,13.880349242218294,624,161,8.586
port1,0.3,15,9,-0.0040725097664,0.006345692301615558,0.03509391422696576,13.791425091880285,610,175,7.235
port1,0.3,15,8,-0.004073222661955088,0.006347389003800575,0.0351164558151547,13.815086591896806,593,192,7.507
port1,0.3,15,4,-0.004070784363974726,0.006339977251110518,0.034985697639780204,13.642820520513109,615,170,9.455
port1,0.3,15,10,-0.0040725097664,0.006345692301615558,0.03509391422696576,13.791425091880285,590,195,7.63
port1,0.3,15,7,-0.004069916849468712,0.0063424380553789485,0.03510886826698495,13.866616308052349,629,156,7.971
port1,0.3,15,5,-0.004070327285313346,0.006342210788199051,0.03508182180873688,13.813613773327603,606,179,9.557
port1,0.3,15,6,-0.00406961984973842,0.006340514086014038,0.03505899839182546,13.789176398875071,624,161,9.924
port1,0.3,15,11,-0.004070784363974726,0.006339977251110518,0.034985697639780204,13.642820520513109,576,209,8.713
port1,0.3,15,12,-0.004066024466147712,0.006337810002898122,0.035139841390316166,13.993370245641652,622,163,7.995
port1,0.3,15,13,-0.004072024260357729,0.0063479258387040905,0.03519108915313339,13.961338410968802,580,205,7.098
port1,0.3,15,21,-0.0040725097664,0.006345692301615558,0.03509391422696576,13.791425091880285,584,201,5.593
port1,0.3,15,17,-0.0040725097664,0.006345692301615558,0.03509391422696576,13.791425091880285,600,185,6.603
port1,0.3,15,18,-0.0040681908888397815,0.00633672300487391,0.035000724495927914,13.718783591743454,640,145,6.615
port1,0.3,15,19,-0.0040725097664,0.006345692301615558,0.03509391422696576,13.791425091880285,605,180,6.528
port1,0.3,15,22,-0.004072024260357729,0.0063479258387040905,0.03519108915313339,13.961338410968802,620,165,5.733
port1,0.3,15,15,-0.004073222661955088,0.006347389003800575,0.0351164558151547,13.815086591896806,642,143,7.791
port1,0.3,15,20,-0.004068841514201244,0.006337143054114779,0.034983740207849945,13.677301277423213,583,202,6.533
port1,0.3,15,14,-0.004066024466147712,0.006337810002898122,0.035139841390316166,13.993370245641652,633,152,8.501
port1,0.3,15,24,-0.004073222661955088,0.006347389003800575,0.0351164558151547,13.815086591896806,577,208,4.889
port1,0.3,15,16,-0.004069543018130013,0.006338839756299793,0.035006895096054154,13.70292110361639,621,164,8.385
port1,0.3,15,23,-0.004073222661955088,0.006347389003800575,0.0351164558151547,13.815086591896806,624,161,6.078
port1,0.3,15,25,-0.004072024260357729,0.0063479258387040905,0.03519108915313339,13.961338410968802,604,181,5.79
port1,0.3,15,26,-0.004073222661955088,0.006347389003800575,0.0351164558151547,13.815086591896806,622,163,6.049
port1,0.3,15,27,-0.0040725097664,0.006345692301615558,0.03509391422696576,13.791425091880285,611,174,5.832
port1,0.3,15,30,-0.004070626057497964,0.006344134757563965,0.03513157519937542,13.890497987933077,573,212,5.657
port1,0.3,15,28,-0.004071270359089538,0.006344554806804832,0.035114954348721805,13.850467012901584,613,172,6.046
port1,0.3,15,29,-0.004064964044106959,0.006335688459526413,0.035119694264117665,13.980637886630989,609,176,5.97
port1,0.3,25,2,-0.004073222661955088,0.006347389003800575,0.0351164558151547,13.815086591896806,802,473,7.776
port1,0.3,25,1,-0.004073222661955088,0.006347389003800575,0.0351164558151547,13.815086591896806,894,381,8.235
port1,0.3,25,3,-0.0040725097664,0.006345692301615558,0.03509391422696576,13.791425091880285,956,319,8.752
port1,0.3,25,4,-0.004073222661955088,0.006347389003800575,0.0351164558151547,13.815086591896806,837,438,7.907
port1,0.3,25,5,-0.0040725097664,0.006345692301615558,0.03509391422696576,13.791425091880285,845,430,8.442
port1,0.3,25,6,-0.004072024260357729,0.0063479258387040905,0.03519108915313339,13.961338410968802,895,380,8.109
port1,0.3,25,8,-0.004073222661955088,0.006347389003800575,0.0351164558151547,13.815086591896806,763,512,6.53
port1,0.3,25,10,-0.0040725097664,0.006345692301615558,0.03509391422696576,13.791425091880285,761,514,6.319
port1,0.3,25,7,-0.0040725097664,0.006345692301615558,0.03509391422696576,13.791425091880285,863,412,7.94
port1,0.3,25,9,-0.0040725097664,0.006345692301615558,0.03509391422696576,13.791425091880285,814,461,6.747
port1,0.3,25,11,-0.004073222661955088,0.006347389003800575,0.0351164558151547,13.815086591896806,755,520,6.487
port1,0.3,25,12,-0.004073222661955088,0.006347389003800575,0.0351164558151547,13.815086591896806,901,374,8.493
port1,0.3,25,13,-0.004073222661955088,0.006347389003800575,0.0351164558151547,13.815086591896806,834,441,7.454
port1,0.3,25,14,-0.004073222661955088,0.006347389003800575,0.0351164558151547,13.815086591896806,849,426,7.502
port1,0.3,25,17,-0.004073222661955088,0.006347389003800575,0.0351164558151547,13.815086591896806,802,473,6.662
port1,0.3,25,16,-0.004071270359089538,0.006344554806804832,0.035114954348721805,13.850467012901584,839,436,7.459
port1,0.3,25,15,-0.004073222661955088,0.006347389003800575,0.0351164558151547,13.815086591896806,933,342,8.178
port1,0.3,25,18,-0.004073222661955088,0.006347389003800575,0.0351164558151547,13.815086591896806,907,368,8.15
port1,0.3,25,19,-0.0040725097664,0.006345692301615558,0.03509391422696576,13.791425091880285,819,456,6.797
port1,0.3,25,20,-0.0040725097664,0.006345692301615558,0.03509391422696576,13.791425091880285,800,475,6.664
port1,0.3,25,21,-0.004073222661955088,0.006347389003800575,0.0351164558151547,13.815086591896806,764,511,7.267
port1,0.3,25,22,-0.004073222661955088,0.006347389003800575,0.0351164558151547,13.815086591896806,849,426,7.145
port1,0.3,25,23,-0.004073222661955088,0.006347389003800575,0.0351164558151547,13.815086591896806,871,404,7.635
port1,0.3,25,24,-0.004073222661955088,0.006347389003800575,0.0351164558151547,13.815086591896806,770,505,6.8
port1,0.3,25,25,-0.004073222661955088,0.006347389003800575,0.0351164558151547,13.815086591896806,873,402,7.435
port1,0.3,25,26,-0.004073222661955088,0.006347389003800575,0.0351164558151547,13.815086591896806,796,479,7.011
port1,0.3,25,28,-0.004073222661955088,0.006347389003800575,0.0351164558151547,13.815086591896806,832,443,6.963
port1,0.3,25,27,-0.0040725097664,0.006345692301615558,0.03509391422696576,13.791425091880285,852,423,7.441
port1,0.3,25,29,-0.004073222661955088,0.006347389003800575,0.0351164558151547,13.815086591896806,830,445,7.36
port1,0.3,25,30,-0.004073222661955088,0.006347389003800575,0.0351164558151547,13.815086591896806,728,547,6.304
port1,0.3,50,2,-0.004073222661955088,0.006347389003800575,0.0351164558151547,13.815086591896806,964,1536,8.191
port1,0.3,50,1,-0.004073222661955088,0.006347389003800575,0.0351164558151547,13.815086591896806,1058,1442,9.183
port1,0.3,50,4,-0.004073222661955088,0.006347389003800575,0.0351164558151547,13.815086591896806,1032,1468,8.792
port1,0.3,50,3,-0.004073222661955088,0.006347389003800575,0.0351164558151547,13.815086591896806,1185,1315,9.891
port1,0.3,50,5,-0.004073222661955088,0.006347389003800575,0.0351164558151547,13.815086591896806,1033,1467,9.961
port1,0.3,50,10,-0.004073222661955088,0.006347389003800575,0.0351164558151547,13.815086591896806,889,1611,8.24
port1,0.3,50,8,-0.004073222661955088,0.006347389003800575,0.0351164558151547,13.815086591896806,888,1612,9.385
port1,0.3,50,9,-0.004073222661955088,0.006347389003800575,0.0351164558151547,13.815086591896806,929,1571,8.605
port1,0.3,50,6,-0.004073222661955088,0.006347389003800575,0.0351164558151547,13.815086591896806,1199,1301,11.11
port1,0.3,50,7,-0.0040725097664,0.006345692301615558,0.03509391422696576,13.791425091880285,1018,1482,10.932
port1,0.3,50,11,-0.004073222661955088,0.006347389003800575,0.0351164558151547,13.815086591896806,893,1607,9.123
port1,0.3,50,12,-0.004073222661955088,0.006347389003800575,0.0351164558151547,13.815086591896806,1077,1423,9.936
port1,0.3,50,13,-0.004073222661955088,0.006347389003800575,0.0351164558151547,13.815086591896806,1009,1491,10.882
port1,0.3,50,14,-0.004073222661955088,0.006347389003800575,0.0351164558151547,13.815086591896806,963,1537,10.129
port1,0.3,50,17,-0.004073222661955088,0.006347389003800575,0.0351164558151547,13.815086591896806,945,1555,9.71
port1,0.3,50,15,-0.004073222661955088,0.006347389003800575,0.0351164558151547,13.815086591896806,1087,1413,11.834
port1,0.3,50,16,-0.004073222661955088,0.006347389003800575,0.0351164558151547,13.815086591896806,1031,1469,11.354
port1,0.3,50,21,-0.004073222661955088,0.006347389003800575,0.0351164558151547,13.815086591896806,886,1614,8.534
port1,0.3,50,19,-0.0040725097664,0.006345692301615558,0.03509391422696576,13.791425091880285,914,1586,8.773
port1,0.3,50,20,-0.0040725097664,0.006345692301615558,0.03509391422696576,13.791425091880285,987,1513,10.067
port1,0.3,50,18,-0.004073222661955088,0.006347389003800575,0.0351164558151547,13.815086591896806,1118,1382,10.282
port1,0.3,50,23,-0.004073222661955088,0.006347389003800575,0.0351164558151547,13.815086591896806,974,1526,9.303
port1,0.3,50,22,-0.004073222661955088,0.006347389003800575,0.0351164558151547,13.815086591896806,971,1529,9.863
port1,0.3,50,24,-0.004073222661955088,0.006347389003800575,0.0351164558151547,13.815086591896806,897,1603,9.262
port1,0.3,50,26,-0.004073222661955088,0.006347389003800575,0.0351164558151547,13.815086591896806,887,1613,8.417
port1,0.3,50,25,-0.004073222661955088,0.006347389003800575,0.0351164558151547,13.815086591896806,1009,1491,9.699
port1,0.3,50,30,-0.004073222661955088,0.006347389003800575,0.0351164558151547,13.815086591896806,877,1623,7.71
port1,0.3,50,28,-0.004073222661955088,0.006347389003800575,0.0351164558151547,13.815086591896806,954,1546,8.855
port1,0.3,50,27,-0.004073222661955088,0.006347389003800575,0.0351164558151547,13.815086591896806,1006,1494,9.673
port1,0.3,50,29,-0.004073222661955088,0.006347389003800575,0.0351164558151547,13.815086591896806,972,1528,8.66
port1,0.3,100,1,-0.004073222661955088,0.006347389003800575,0.0351164558151547,13.815086591896806,1123,3827,10.494
port1,0.3,100,2,-0.004073222661955088,0.006347389003800575,0.0351164558151547,13.815086591896806,1056,3894,9.822
port1,0.3,100,4,-0.004073222661955088,0.006347389003800575,0.0351164558151547,13.815086591896806,1099,3851,10.605
port1,0.3,100,3,-0.004073222661955088,0.006347389003800575,0.0351164558151547,13.815086591896806,1320,3630,11.604
port1,0.3,100,5,-0.004073222661955088,0.006347389003800575,0.0351164558151547,13.815086591896806,1179,3771,11.128
port1,0.3,100,6,-0.004073222661955088,0.006347389003800575,0.0351164558151547,13.815086591896806,1299,3651,12.67
port1,0.3,100,8,-0.004073222661955088,0.006347389003800575,0.0351164558151547,13.815086591896806,955,3995,9.253
port1,0.3,100,7,-0.004073222661955088,0.006347389003800575,0.0351164558151547,13.815086591896806,1093,3857,10.402
port1,0.3,100,11,-0.004073222661955088,0.006347389003800575,0.0351164558151547,13.815086591896806,967,3983,9.084
port1,0.3,100,9,-0.004073222661955088,0.006347389003800575,0.0351164558151547,13.815086591896806,1083,3867,10.724
port1,0.3,100,10,-0.004073222661955088,0.006347389003800575,0.0351164558151547,13.815086591896806,1069,3881,10.402
port1,0.3,100,12,-0.004073222661955088,0.006347389003800575,0.0351164558151547,13.815086591896806,1153,3797,11.05
port1,0.3,100,14,-0.004073222661955088,0.006347389003800575,0.0351164558151547,13.815086591896806,1032,3918,9.412
port1,0.3,100,13,-0.004073222661955088,0.006347389003800575,0.0351164558151547,13.815086591896806,1066,3884,10.819
port1,0.3,100,15,-0.004073222661955088,0.006347389003800575,0.0351164558151547,13.815086591896806,1147,3803,10.789
port1,0.3,100,16,-0.004073222661955088,0.006347389003800575,0.0351164558151547,13.815086591896806,1124,3826,10.886
port1,0.3,100,17,-0.004073222661955088,0.006347389003800575,0.0351164558151547,13.815086591896806,1048,3902,11.225
port1,0.3,100,19,-0.0040725097664,0.006345692301615558,0.03509391422696576,13.791425091880285,980,3970,9.859
port1,0.3,100,21,-0.004073222661955088,0.006347389003800575,0.0351164558151547,13.815086591896806,942,4008,8.957
port1,0.3,100,20,-0.004073222661955088,0.006347389003800575,0.0351164558151547,13.815086591896806,1172,3778,11.314
port1,0.3,100,22,-0.004073222661955088,0.006347389003800575,0.0351164558151547,13.815086591896806,1038,3912,9.878
port1,0.3,100,23,-0.004073222661955088,0.006347389003800575,0.0351164558151547,13.815086591896806,1036,3914,9.904
port1,0.3,100,18,-0.004073222661955088,0.006347389003800575,0.0351164558151547,13.815086591896806,1194,3756,12.82
port1,0.3,100,24,-0.004073222661955088,0.006347389003800575,0.0351164558151547,13.815086591896806,964,3986,9.235
port1,0.5,10,3,-0.0025615124164215398,0.006240117912049061,0.03342294240796255,10.356600859365965,441,99,3.651
port1,0.3,100,26,-0.004073222661955088,0.006347389003800575,0.0351164558151547,13.815086591896806,952,3998,9.249
port1,0.3,100,25,-0.004073222661955088,0.006347389003800575,0.0351164558151547,13.815086591896806,1052,3898,10.077
port1,0.5,10,4,-0.0025523712864522685,0.00621900530297164,0.03338057414226278,10.48367100537066,428,112,3.645
port1,0.5,10,5,-0.0025608090189512783,0.006225363571029678,0.03322266595454258,9.881086294944224,422,118,3.832
port1,0.5,10,6,-0.002550458364753621,0.006251389739140072,0.03391862334518943,11.848099885250264,444,96,3.873
port1,0.5,10,8,-0.0025616074297312,0.006240396811839561,0.03342427190496693,10.357456159422318,435,105,3.903
port1,0.5,10,7,-0.002560978901324556,0.00623223704203529,0.03332085292104899,10.11908841803769,450,90,4.219
port1,0.3,100,28,-0.004073222661955088,0.006347389003800575,0.0351164558151547,13.815086591896806,1006,3944,10.025
port1,0.5,10,9,-0.0025635183011864893,0.006309809999999998,0.03439147274582785,12.641208869051857,437,103,4.141
port1,0.5,10,11,-0.0025547014135880878,0.006237246072482451,0.03358337751486998,10.922909940750598,445,95,4.163
port1,0.5,10,12,-0.0025576317685255786,0.006241339139999873,0.033557049973868616,10.783849341139659,435,105,4.482
port1,0.3,100,29,-0.004073222661955088,0.006347389003800575,0.0351164558151547,13.815086591896806,1042,3908,10.589
port1,0.3,100,27,-0.004073222661955088,0.006347389003800575,0.0351164558151547,13.815086591896806,1126,3824,12.541
port1,0.5,10,14,-0.0025597898187148262,0.006233492147880992,0.03337532787031972,10.283236845971675,430,110,4.067
port1,0.3,100,30,-0.004073222661955088,0.006347389003800575,0.0351164558151547,13.815086591896806,941,4009,10.824
port1,0.5,10,10,-0.0025687780517189298,0.006267115379127354,0.033608916609874445,10.625824684481408,429,111,6.01
port1,0.5,10,16,-0.0025549664829469824,0.006286851447653124,0.03430624552117528,12.663045831615053,439,101,4.094
port1,0.5,10,15,-0.0025693613830639348,0.00627501312888271,0.033708906282388346,10.85354389282485,422,118,4.164
port1,0.5,10,13,-0.0025622396791665104,0.0062348305011016,0.03332193185829086,10.089893474481748,442,98,5.31
port1,0.5,10,17,-0.002561377706793355,0.006259453217860973,0.03371494926993459,11.073136021248073,428,112,3.685
port1,0.5,10,18,-0.0025530178805370984,0.006221267892534968,0.033395091427645046,10.50313592943621,431,109,3.7
port1,0.5,10,19,-0.0025680348637769105,0.006271943505624015,0.03370272656730008,10.87264280626177,418,122,3.593
port1,0.5,10,20,-0.0025465761661623435,0.0062088124987359035,0.03340149946351535,10.681619120893954,417,123,3.431
port1,0.5,10,22,-0.0025648542924905874,0.006309108700039891,0.034342395301707136,12.48968638871875,433,107,3.392
port1,0.5,10,21,-0.0025693613830639348,0.00627501312888271,0.033708906282388346,10.85354389282485,435,105,3.962
port1,0.5,10,23,-0.0025617572419718796,0.006242769341748776,0.033455266518218285,10.429667633489698,430,110,3.674
port1,0.5,10,24,-0.002564760456402406,0.006315048183349263,0.03443148661537068,12.703227040181481,446,94,3.659
port1,0.5,10,25,-0.0025445882302358425,0.006188270000000001,0.0331525796813508,10.113621708114977,445,95,3.73
port1,0.5,10,27,-0.0025696906485641567,0.006278034366990082,0.0337439338231595,10.929876951246253,444,96,3.865
port1,0.5,10,26,-0.0025519848729406193,0.0061829699999999994,0.032848139279398475,9.167976729123714,442,98,3.942
port1,0.5,10,28,-0.0025619841433482476,0.0062276781303054855,0.033222128824158606,9.850196159934368,419,121,3.522
port1,0.5,10,29,-0.0025580304925250357,0.0062528533317217075,0.033716351325011974,11.162354113271189,433,107,3.558
port1,0.5,10,30,-0.0025575285264438407,0.006264622483826928,0.03390524193895756,11.633379271025241,433,107,3.693
port1,0.5,15,3,-0.0025696906485641567,0.006278034366990082,0.0337439338231595,10.929876951246253,615,170,5.5
port1,0.5,15,4,-0.0025696906485641567,0.006278034366990082,0.0337439338231595,10.929876951246253,604,181,5.334
port1,0.5,15,5,-0.0025687780517189298,0.006267115379127354,0.033608916609874445,10.625824684481408,596,189,5.059
port1,0.5,15,6,-0.002564760456402406,0.006315048183349263,0.03443148661537068,12.703227040181481,610,175,5.076
port1,0.5,15,8,-0.0025638176600899527,0.006265795736403383,0.033736633148900304,11.063161239336296,599,186,5.395
port1,0.5,15,10,-0.0025703023665247875,0.006272233728740134,0.03363969375143832,10.661565029574518,583,202,5.233
port1,0.5,15,9,-0.0025635183011864893,0.006309809999999998,0.03439147274582785,12.641208869051857,620,165,5.852
port1,0.5,15,12,-0.0025695129518246546,0.006277061855236794,0.0337347884473504,10.912323829350433,589,196,5.393
port1,0.5,15,7,-0.0025691487536037673,0.006270136617234725,0.03364281661851738,10.698706546727486,630,155,6.403
port1,0.5,15,11,-0.0025647034306682153,0.00631377504068402,0.034414650649797235,12.664898793145664,627,158,5.741
port1,0.5,15,13,-0.0025691487536037673,0.006270136617234725,0.03364281661851738,10.698706546727486,607,178,5.681
port1,0.5,15,14,-0.0025659980144477584,0.006247278952952589,0.03339585189895703,10.176383958302067,593,192,5.722
port1,0.5,15,16,-0.0025639763094513542,0.006316774231694484,0.034479292521624856,12.836923856320384,620,165,5.816
port1,0.5,15,15,-0.0025703023665247875,0.006272233728740134,0.03363969375143832,10.661565029574518,570,215,6.469
port1,0.5,15,17,-0.0025703023665247875,0.006272233728740134,0.03363969375143832,10.661565029574518,587,198,6.077
port1,0.5,15,19,-0.0025687780517189298,0.006267115379127354,0.033608916609874445,10.625824684481408,534,251,5.261
port1,0.5,15,24,-0.0025695129518246546,0.006277061855236794,0.0337347884473504,10.912323829350433,613,172,5.923
port1,0.5,15,22,-0.0025693613830639348,0.00627501312888271,0.033708906282388346,10.85354389282485,595,190,6.221
port1,0.5,15,20,-0.002566776575664542,0.006243646867857942,0.03331806891956463,9.965711090456226,594,191,6.926
port1,0.5,15,21,-0.0025703023665247875,0.006272233728740134,0.03363969375143832,10.661565029574518,593,192,7.033
port1,0.5,15,18,-0.0025619841433482476,0.0062276781303054855,0.033222128824158606,9.850196159934368,602,183,8.845
port1,0.5,15,23,-0.0025703023665247875,0.006272233728740134,0.03363969375143832,10.661565029574518,604,181,7.19
port1,0.5,15,26,-0.0025696906485641567,0.006278034366990082,0.0337439338231595,10.929876951246253,626,159,6.533
port1,0.5,15,25,-0.0025636568592824773,0.006264823224650096,0.033726984835367985,11.043889190187238,642,143,7.238
port1,0.5,15,27,-0.0025696906485641567,0.006278034366990082,0.0337439338231595,10.929876951246253,614,171,5.251
port1,0.5,15,30,-0.0025687780517189298,0.006267115379127354,0.033608916609874445,10.625824684481408,606,179,5.688
port1,0.5,15,29,-0.002568192190037709,0.006272916017377302,0.03371248488767749,10.892260760590071,602,183,6.083
port1,0.5,15,28,-0.0025695129518246546,0.006277061855236794,0.0337347884473504,10.912323829350433,559,226,6.786
port1,0.5,25,3,-0.0025703023665247875,0.006272233728740134,0.03363969375143832,10.661565029574518,846,429,7.385
port1,0.5,25,4,-0.0025696906485641567,0.006278034366990082,0.0337439338231595,10.929876951246253,866,409,8.107
port1,0.5,25,10,-0.0025703023665247875,0.006272233728740134,0.03363969375143832,10.661565029574518,677,598,6.939
port1,0.5,25,9,-0.0025703023665247875,0.006272233728740134,0.03363969375143832,10.661565029574518,822,453,7.262
port1,0.5,25,8,-0.0025696906485641567,0.006278034366990082,0.0337439338231595,10.929876951246253,922,353,8.038
port1,0.5,25,6,-0.0025703023665247875,0.006272233728740134,0.03363969375143832,10.661565029574518,928,347,8.55
port1,0.5,25,5,-0.0025691487536037673,0.006270136617234725,0.03364281661851738,10.698706546727486,890,385,9.782
port1,0.5,25,11,-0.0025703023665247875,0.006272233728740134,0.03363969375143832,10.661565029574518,890,385,7.524
port1,0.5,25,7,-0.0025696906485641567,0.006278034366990082,0.0337439338231595,10.929876951246253,902,373,9.762
port1,0.5,25,12,-0.0025703023665247875,0.006272233728740134,0.03363969375143832,10.661565029574518,798,477,7.61
port1,0.5,25,14,-0.0025696906485641567,0.006278034366990082,0.0337439338231595,10.929876951246253,818,457,9.177
port1,0.5,25,13,-0.0025703023665247875,0.006272233728740134,0.03363969375143832,10.661565029574518,867,408,9.952
port1,0.5,25,15,-0.0025703023665247875,0.006272233728740134,0.03363969375143832,10.661565029574518,804,471,7.797
port1,0.5,25,19,-0.0025691487536037673,0.006270136617234725,0.03364281661851738,10.698706546727486,686,589,6.615
port1,0.5,25,17,-0.0025703023665247875,0.006272233728740134,0.03363969375143832,10.661565029574518,775,500,8.06
port1,0.5,25,22,-0.0025695129518246546,0.006277061855236794,0.0337347884473504,10.912323829350433,737,538,7.047
port1,0.5,25,20,-0.0025691487536037673,0.006270136617234725,0.03364281661851738,10.698706546727486,885,390,8.509
port1,0.5,25,16,-0.0025696906485641567,0.006278034366990082,0.0337439338231595,10.929876951246253,919,356,9.81
port1,0.5,25,21,-0.0025703023665247875,0.006272233728740134,0.03363969375143832,10.661565029574518,735,540,9.063
port1,0.5,25,24,-0.0025703023665247875,0.006272233728740134,0.03363969375143832,10.661565029574518,849,426,8.257
port1,0.5,25,23,-0.0025703023665247875,0.006272233728740134,0.03363969375143832,10.661565029574518,837,438,9.684
port1,0.5,25,18,-0.0025696906485641567,0.006278034366990082,0.0337439338231595,10.929876951246253,907,368,11.924
port1,0.5,25,27,-0.0025703023665247875,0.006272233728740134,0.03363969375143832,10.661565029574518,812,463,8.216
port1,0.5,25,28,-0.0025703023665247875,0.006272233728740134,0.03363969375143832,10.661565029574518,723,552,7.618
port1,0.5,25,26,-0.0025703023665247875,0.006272233728740134,0.03363969375143832,10.661565029574518,863,412,11.412
port1,0.5,25,25,-0.0025695129518246546,0.006277061855236794,0.0337347884473504,10.912323829350433,958,317,12.507
port1,0.5,25,29,-0.0025703023665247875,0.006272233728740134,0.03363969375143832,10.661565029574518,921,354,10.096
port1,0.5,25,30,-0.0025696906485641567,0.006278034366990082,0.0337439338231595,10.929876951246253,874,401,10.757
port1,0.5,50,4,-0.0025696906485641567,0.006278034366990082,0.0337439338231595,10.929876951246253,1055,1445,12.652
port1,0.5,50,3,-0.0025703023665247875,0.006272233728740134,0.03363969375143832,10.661565029574518,1046,1454,13.621
port1,0.5,50,8,-0.0025703023665247875,0.006272233728740134,0.03363969375143832,10.661565029574518,1177,1323,12.281
port1,0.5,50,10,-0.0025703023665247875,0.006272233728740134,0.03363969375143832,10.661565029574518,765,1735,10.405
port1,0.5,50,7,-0.0025703023665247875,0.006272233728740134,0.03363969375143832,10.661565029574518,1102,1398,15.062
port1,0.5,50,6,-0.0025703023665247875,0.006272233728740134,0.03363969375143832,10.661565029574518,1271,1229,16.013
port1,0.5,50,9,-0.0025703023665247875,0.006272233728740134,0.03363969375143832,10.661565029574518,1043,1457,12.844
port1,0.5,50,5,-0.0025703023665247875,0.006272233728740134,0.03363969375143832,10.661565029574518,1286,1214,17.023
port1,0.5,50,12,-0.0025703023665247875,0.006272233728740134,0.03363969375143832,10.661565029574518,969,1531,10.406
port1,0.5,50,11,-0.0025703023665247875,0.006272233728740134,0.03363969375143832,10.661565029574518,1078,1422,12.889
port1,0.5,50,14,-0.0025696906485641567,0.006278034366990082,0.0337439338231595,10.929876951246253,988,1512,12.115
port1,0.5,50,13,-0.0025703023665247875,0.006272233728740134,0.03363969375143832,10.661565029574518,1076,1424,13.97
port1,0.5,50,15,-0.0025703023665247875,0.006272233728740134,0.03363969375143832,10.661565029574518,927,1573,11.401
port1,0.5,50,17,-0.0025703023665247875,0.006272233728740134,0.03363969375143832,10.661565029574518,883,1617,9.584
port1,0.5,50,21,-0.0025703023665247875,0.006272233728740134,0.03363969375143832,10.661565029574518,840,1660,9.421
port1,0.5,50,22,-0.0025703023665247875,0.006272233728740134,0.03363969375143832,10.661565029574518,914,1586,10.695
port1,0.5,50,16,-0.0025703023665247875,0.006272233728740134,0.03363969375143832,10.661565029574518,1336,1164,15.767
port1,0.5,50,19,-0.0025703023665247875,0.006272233728740134,0.03363969375143832,10.661565029574518,877,1623,11.845
port1,0.5,50,23,-0.0025703023665247875,0.006272233728740134,0.03363969375143832,10.661565029574518,934,1566,10.722
port1,0.5,50,18,-0.0025703023665247875,0.006272233728740134,0.03363969375143832,10.661565029574518,1344,1156,15.347
port1,0.5,50,24,-0.0025703023665247875,0.006272233728740134,0.03363969375143832,10.661565029574518,1035,1465,10.97
port1,0.5,50,20,-0.0025703023665247875,0.006272233728740134,0.03363969375143832,10.661565029574518,1248,1252,14.574
port1,0.5,50,27,-0.0025703023665247875,0.006272233728740134,0.03363969375143832,10.661565029574518,918,1582,10.136
port1,0.5,50,25,-0.0025703023665247875,0.006272233728740134,0.03363969375143832,10.661565029574518,1231,1269,12.935
port1,0.5,50,28,-0.0025703023665247875,0.006272233728740134,0.03363969375143832,10.661565029574518,913,1587,10.916
port1,0.5,50,26,-0.0025703023665247875,0.006272233728740134,0.03363969375143832,10.661565029574518,1054,1446,13.904
port1,0.5,50,29,-0.0025703023665247875,0.006272233728740134,0.03363969375143832,10.661565029574518,1213,1287,13.534
port1,0.5,50,30,-0.0025703023665247875,0.006272233728740134,0.03363969375143832,10.661565029574518,1115,1385,12.24
port1,0.5,100,4,-0.0025703023665247875,0.006272233728740134,0.03363969375143832,10.661565029574518,1192,3758,13.392
port1,0.5,100,3,-0.0025703023665247875,0.006272233728740134,0.03363969375143832,10.661565029574518,1163,3787,14.211
port1,0.5,100,5,-0.0025703023665247875,0.006272233728740134,0.03363969375143832,10.661565029574518,1396,3554,13.989
port1,0.5,100,10,-0.0025703023665247875,0.006272233728740134,0.03363969375143832,10.661565029574518,820,4130,11.653
port1,0.5,100,6,-0.0025703023665247875,0.006272233728740134,0.03363969375143832,10.661565029574518,1350,3600,15.634
port1,0.5,100,11,-0.0025703023665247875,0.006272233728740134,0.03363969375143832,10.661565029574518,1141,3809,11.677
port1,0.5,100,12,-0.0025703023665247875,0.006272233728740134,0.03363969375143832,10.661565029574518,1059,3891,10.546
port1,0.5,100,8,-0.0025703023665247875,0.006272233728740134,0.03363969375143832,10.661565029574518,1263,3687,15.538
port1,0.5,100,7,-0.0025703023665247875,0.006272233728740134,0.03363969375143832,10.661565029574518,1205,3745,16.717
port1,0.5,100,9,-0.0025703023665247875,0.006272233728740134,0.03363969375143832,10.661565029574518,1123,3827,14.216
port1,0.5,100,14,-0.0025703023665247875,0.006272233728740134,0.03363969375143832,10.661565029574518,1063,3887,12.209
port1,0.5,100,17,-0.0025703023665247875,0.006272233728740134,0.03363969375143832,10.661565029574518,952,3998,10.71
port1,0.5,100,15,-0.0025703023665247875,0.006272233728740134,0.03363969375143832,10.661565029574518,997,3953,11.671
port1,0.5,100,13,-0.0025703023665247875,0.006272233728740134,0.03363969375143832,10.661565029574518,1145,3805,13.596
port1,0.5,100,21,-0.0025703023665247875,0.006272233728740134,0.03363969375143832,10.661565029574518,898,4052,10.48
port1,0.5,100,16,-0.0025703023665247875,0.006272233728740134,0.03363969375143832,10.661565029574518,1411,3539,15.237
port1,0.5,100,19,-0.0025703023665247875,0.006272233728740134,0.03363969375143832,10.661565029574518,1072,3878,12.533
port1,0.5,100,23,-0.0025703023665247875,0.006272233728740134,0.03363969375143832,10.661565029574518,995,3955,11.32
port1,0.5,100,22,-0.0025703023665247875,0.006272233728740134,0.03363969375143832,10.661565029574518,1023,3927,12.301
port1,0.5,100,24,-0.0025703023665247875,0.006272233728740134,0.03363969375143832,10.661565029574518,1127,3823,12.484
port1,0.5,100,20,-0.0025703023665247875,0.006272233728740134,0.03363969375143832,10.661565029574518,1346,3604,14.087
port1,0.5,100,18,-0.0025703023665247875,0.006272233728740134,0.03363969375143832,10.661565029574518,1441,3509,14.794
port1,0.7,10,1,-0.0011028514719233704,0.006027778532226789,0.03174636284554424,7.335582125790825,427,113,3.881
port1,0.7,10,3,-0.0011116334557927507,0.005998789792472992,0.03135063184483225,6.329068295829903,437,103,4.319
port1,0.7,10,2,-0.0011052867018542301,0.005953890000000002,0.031187916573702765,6.283751737277124,445,95,5.561
port1,0.7,10,4,-0.0011162535331228824,0.006111968431096208,0.03201198427834668,7.2393782907876085,443,97,4.309
port1,0.5,100,27,-0.0025703023665247875,0.006272233728740134,0.03363969375143832,10.661565029574518,980,3970,11.195
port1,0.7,10,5,-0.0011121894293726082,0.006006091212905472,0.03138784875209408,6.37190835272159,445,95,4.653
port1,0.7,10,6,-0.001118978804811811,0.006028204604134182,0.031384313106765475,6.106586319624698,443,97,4.658
port1,0.5,100,28,-0.0025703023665247875,0.006272233728740134,0.03363969375143832,10.661565029574518,993,3957,11.628
port1,0.5,100,25,-0.0025703023665247875,0.006272233728740134,0.03363969375143832,10.661565029574518,1345,3605,13.735
port1,0.5,100,26,-0.0025703023665247875,0.006272233728740134,0.03363969375143832,10.661565029574518,1123,3827,13.243
port1,0.7,10,7,-0.001114629651305518,0.006016319963488316,0.031402145917140696,6.30325286567477,460,80,4.962
port1,0.7,10,8,-0.001117633090235724,0.0060276292831633275,0.03141100113730116,6.20342771297429,429,111,4.481
port1,0.7,10,10,-0.0011115190399535776,0.006084695867514133,0.031934972327722085,7.304455292707901,439,101,4.38
port1,0.7,10,12,-0.0011091031499396407,0.0059771016100954675,0.031259908899625044,6.267269889079552,438,102,4.124
port1,0.7,10,11,-0.0011187693326003578,0.006033195878434707,0.03142313594721604,6.180428522742361,448,92,4.581
port1,0.7,10,13,-0.001111544899159907,0.006089061443453565,0.031963674334562146,7.349246830675626,432,108,4.536
port1,0.7,10,9,-0.0011183791698790293,0.006025016401109558,0.03137619093821298,6.11571609615627,446,94,5.716
port1,0.7,10,15,-0.001116291701719615,0.006105821135057475,0.03196995551177984,7.171623941992135,446,94,4.425
port1,0.7,10,14,-0.0011120532003123002,0.006070615979250793,0.03182836994755596,7.111860504943733,448,92,5.58
port1,0.7,10,16,-0.0011166032702162976,0.006098714618443994,0.03191531462473107,7.072647950651414,433,107,4.838
port1,0.5,100,29,-0.0025703023665247875,0.006272233728740134,0.03363969375143832,10.661565029574518,1284,3666,14.922
port1,0.7,10,17,-0.0011144886886609346,0.006009397317398326,0.03135808181448065,6.233261460064551,460,80,5.257
port1,0.5,100,30,-0.0025703023665247875,0.006272233728740134,0.03363969375143832,10.661565029574518,1202,3748,15.016
port1,0.7,10,18,-0.001118461940679976,0.006019405162908014,0.031335958536763395,6.043901414630858,415,125,5.395
port1,0.7,10,21,-0.0011053425643593566,0.005945659918437915,0.031130036280370265,6.178603851862977,438,102,4.783
port1,0.7,10,20,-0.001108121923209187,0.006063228269908461,0.03186683358162643,7.32810929674147,429,111,5.866
port1,0.7,10,23,-0.0011144886886609346,0.006009397317398326,0.03135808181448065,6.233261460064551,433,107,5.611
port1,0.7,10,22,-0.001114629651305518,0.006016319963488316,0.031402145917140696,6.30325286567477,445,95,5.971
port1,0.7,10,19,-0.0011149684533363696,0.005996902503584847,0.03126162178726691,6.048625548897381,430,110,7.087
port1,0.7,10,26,-0.0011086284610526843,0.006062257530602564,0.03184894701394796,7.2792602018752905,438,102,5.435
port1,0.7,10,25,-0.0011101561621921507,0.006002489865517377,0.031409525340095314,6.486545092652974,443,97,6.259
port1,0.7,10,27,-0.0011164983266174209,0.006104835656567682,0.03195873165623987,7.1456946097339245,445,95,5.866
port1,0.7,10,24,-0.001114254517369026,0.006013572947487554,0.03139193178594143,6.300143540996988,436,104,7.131
port1,0.7,10,29,-0.0011018133359340062,0.006052491580039403,0.03193596579938887,7.687160405789307,450,90,5.014
port1,0.7,10,28,-0.0011188666883216684,0.006023272217836439,0.03135317202064395,6.057857898774279,431,109,5.628
port1,0.7,10,30,-0.0011195504859499894,0.006030567543427161,0.03138743554532061,6.0900078408628175,436,104,5.557
port1,0.7,15,1,-0.001118028015242114,0.006025898610530102,0.03139020702423237,6.152997675796215,603,182,8.128
port1,0.7,15,2,-0.0011118351438639952,0.006073201210850182,0.03185066089000487,7.156475038009346,630,155,7.577
port1,0.7,15,4,-0.0011171736917824208,0.006101374130608983,0.03192040429837662,7.058218007180948,607,178,7.772
port1,0.7,15,3,-0.0011187693326003578,0.006033195878434707,0.03142313594721604,6.180428522742361,623,162,8.058
port1,0.7,15,5,-0.001118028015242114,0.006025898610530102,0.03139020702423237,6.152997675796215,632,153,8.516
port1,0.7,15,6,-0.0011195871364148647,0.006024900181163911,0.03134788482120123,6.021315232018158,602,183,7.53
port1,0.7,15,11,-0.001118978804811811,0.006028204604134182,0.031384313106765475,6.106586319624698,617,168,7.1
port1,0.7,15,7,-0.0011195871364148647,0.006024900181163911,0.03134788482120123,6.021315232018158,620,165,8.168
port1,0.7,15,8,-0.0011187693326003578,0.006033195878434707,0.03142313594721604,6.180428522742361,567,218,7.934
port1,0.7,15,9,-0.0011195504859499894,0.006030567543427161,0.03138743554532061,6.0900078408628175,630,155,8.561
port1,0.7,15,10,-0.0011171736917824208,0.006101374130608983,0.03192040429837662,7.058218007180948,625,160,8.905
port1,0.7,15,12,-0.0011195504859499894,0.006030567543427161,0.03138743554532061,6.0900078408628175,639,146,8.735
port1,0.7,15,13,-0.0011161211515237361,0.006100189162450871,0.03193599843462648,7.124563751835315,597,188,7.925
port1,0.7,15,15,-0.0011195504859499894,0.006030567543427161,0.03138743554532061,6.0900078408628175,624,161,6.906
port1,0.7,15,14,-0.0011166032702162976,0.006098714618443994,0.03191531462473107,7.072647950651414,624,161,8.681
port1,0.7,15,16,-0.0011195871364148647,0.006024900181163911,0.03134788482120123,6.021315232018158,585,200,7.803
port1,0.7,15,18,-0.0011188666883216684,0.006023272217836439,0.03135317202064395,6.057857898774279,540,245,7.353
port1,0.7,15,17,-0.0011195871364148647,0.006024900181163911,0.03134788482120123,6.021315232018158,628,157,7.578
port1,0.7,15,20,-0.0011159935506794242,0.006096104408458331,0.031911434848388834,7.090517315331759,610,175,6.576
port1,0.7,15,22,-0.0011195504859499894,0.006030567543427161,0.03138743554532061,6.0900078408628175,602,183,6.765
port1,0.7,15,19,-0.0011195871364148647,0.006024900181163911,0.03134788482120123,6.021315232018158,613,172,8.376
port1,0.7,15,23,-0.0011191494357816062,0.00602672556124996,0.031370327941119824,6.076282984455233,620,165,7.097
port1,0.7,15,21,-0.0011171029736797135,0.006009608215841367,0.03129991992396642,6.033819786887724,619,166,8.274
port1,0.7,15,24,-0.0011156921952783381,0.006004208366233364,0.031295146008644664,6.079188919832135,619,166,6.968
port1,0.7,15,26,-0.0011188666883216684,0.006023272217836439,0.03135317202064395,6.057857898774279,583,202,5.292
port1,0.7,15,25,-0.0011191494357816062,0.00602672556124996,0.031370327941119824,6.076282984455233,606,179,5.856
port1,0.7,15,27,-0.0011164983266174209,0.006104835656567682,0.03195873165623987,7.1456946097339245,623,162,5.669
port1,0.7,15,28,-0.0011195871364148647,0.006024900181163911,0.03134788482120123,6.021315232018158,587,198,5.859
port1,0.7,15,29,-0.0011155355784131364,0.006017646729984793,0.031390590960220226,6.248941023110471,638,147,6.912
port1,0.7,15,30,-0.0011195504859499894,0.006030567543427161,0.03138743554532061,6.0900078408628175,586,199,7.251
port1,0.7,25,1,-0.001118978804811811,0.006028204604134182,0.031384313106765475,6.106586319624698,868,407,9.86
port1,0.7,25,5,-0.0011195871364148647,0.006024900181163911,0.03134788482120123,6.021315232018158,902,373,8.57
port1,0.7,25,4,-0.0011195871364148647,0.006024900181163911,0.03134788482120123,6.021315232018158,885,390,9.037
port1,0.7,25,6,-0.0011195871364148647,0.006024900181163911,0.03134788482120123,6.021315232018158,822,453,9.188
port1,0.7,25,2,-0.0011195871364148647,0.006024900181163911,0.03134788482120123,6.021315232018158,966,309,11.368
port1,0.7,25,8,-0.0011195871364148647,0.006024900181163911,0.03134788482120123,6.021315232018158,771,504,8.673
port1,0.7,25,7,-0.0011195871364148647,0.006024900181163911,0.03134788482120123,6.021315232018158,903,372,9.02
port1,0.7,25,3,-0.0011195871364148647,0.006024900181163911,0.03134788482120123,6.021315232018158,882,393,11.76
port1,0.7,25,9,-0.0011195504859499894,0.006030567543427161,0.03138743554532061,6.0900078408628175,934,341,9.294
port1,0.7,25,12,-0.0011195871364148647,0.006024900181163911,0.03134788482120123,6.021315232018158,861,414,8.484
port1,0.7,25,11,-0.0011195871364148647,0.006024900181163911,0.03134788482120123,6.021315232018158,856,419,10.706
port1,0.7,25,10,-0.0011195871364148647,0.006024900181163911,0.03134788482120123,6.021315232018158,902,373,12.972
port1,0.7,25,13,-0.0011195871364148647,0.006024900181163911,0.03134788482120123,6.021315232018158,874,401,8.918
port1,0.7,25,18,-0.0011195871364148647,0.006024900181163911,0.03134788482120123,6.021315232018158,716,559,7.732
port1,0.7,25,16,-0.0011195871364148647,0.006024900181163911,0.03134788482120123,6.021315232018158,787,488,8.623
port1,0.7,25,15,-0.0011195871364148647,0.006024900181163911,0.03134788482120123,6.021315232018158,880,395,10.653
port1,0.7,25,20,-0.0011195871364148647,0.006024900181163911,0.03134788482120123,6.021315232018158,929,346,8.997
port1,0.7,25,14,-0.0011195871364148647,0.006024900181163911,0.03134788482120123,6.021315232018158,846,429,12.466
port1,0.7,25,19,-0.0011195871364148647,0.006024900181163911,0.03134788482120123,6.021315232018158,815,460,10.123
port1,0.7,25,21,-0.0011195871364148647,0.006024900181163911,0.03134788482120123,6.021315232018158,875,400,9.106
port1,0.7,25,17,-0.0011195871364148647,0.006024900181163911,0.03134788482120123,6.021315232018158,873,402,13.329
port1,0.7,25,22,-0.0011195871364148647,0.006024900181163911,0.03134788482120123,6.021315232018158,825,450,10.542
port1,0.7,25,23,-0.0011195871364148647,0.006024900181163911,0.03134788482120123,6.021315232018158,869,406,9.554
port1,0.7,25,24,-0.0011195871364148647,0.006024900181163911,0.03134788482120123,6.021315232018158,907,368,8.921
port1,0.7,25,25,-0.0011195504859499894,0.006030567543427161,0.03138743554532061,6.0900078408628175,854,421,9.895
port1,0.7,25,26,-0.0011188666883216684,0.006023272217836439,0.03135317202064395,6.057857898774279,709,566,11.855
port1,0.7,25,27,-0.0011195504859499894,0.006030567543427161,0.03138743554532061,6.0900078408628175,870,405,11.703
port1,0.7,25,30,-0.0011195504859499894,0.006030567543427161,0.03138743554532061,6.0900078408628175,742,533,9.605
port1,0.7,25,28,-0.0011195871364148647,0.006024900181163911,0.03134788482120123,6.021315232018158,823,452,12.991
port1,0.7,50,1,-0.0011195871364148647,0.006024900181163911,0.03134788482120123,6.021315232018158,1082,1418,13.083
port1,0.7,25,29,-0.0011195871364148647,0.006024900181163911,0.03134788482120123,6.021315232018158,975,300,13.665
port1,0.7,50,4,-0.0011195871364148647,0.006024900181163911,0.03134788482120123,6.021315232018158,1148,1352,12.87
port1,0.7,50,2,-0.0011195871364148647,0.006024900181163911,0.03134788482120123,6.021315232018158,1281,1219,15.82
port1,0.7,50,3,-0.0011195871364148647,0.006024900181163911,0.03134788482120123,6.021315232018158,1032,1468,13.57
port1,0.7,50,6,-0.0011195871364148647,0.006024900181163911,0.03134788482120123,6.021315232018158,962,1538,13.095
port1,0.7,50,5,-0.0011195871364148647,0.006024900181163911,0.03134788482120123,6.021315232018158,1110,1390,13.38
port1,0.7,50,7,-0.0011195871364148647,0.006024900181163911,0.03134788482120123,6.021315232018158,1120,1380,12.478
port1,0.7,50,8,-0.0011195871364148647,0.006024900181163911,0.03134788482120123,6.021315232018158,941,1559,10.783
port1,0.7,50,9,-0.0011195504859499894,0.006030567543427161,0.03138743554532061,6.0900078408628175,1080,1420,14.149
port1,0.7,50,11,-0.0011195871364148647,0.006024900181163911,0.03134788482120123,6.021315232018158,1001,1499,12.481
port1,0.7,50,10,-0.0011195871364148647,0.006024900181163911,0.03134788482120123,6.021315232018158,1351,1149,14.689
port1,0.7,50,13,-0.0011195871364148647,0.006024900181163911,0.03134788482120123,6.021315232018158,1128,1372,12.087
port1,0.7,50,12,-0.0011195871364148647,0.006024900181163911,0.03134788482120123,6.021315232018158,985,1515,13.29
port1,0.7,50,18,-0.0011195871364148647,0.006024900181163911,0.03134788482120123,6.021315232018158,928,1572,9.285
port1,0.7,50,16,-0.0011195871364148647,0.006024900181163911,0.03134788482120123,6.021315232018158,878,1622,11.442
port1,0.7,50,17,-0.0011195871364148647,0.006024900181163911,0.03134788482120123,6.021315232018158,957,1543,11.087
port1,0.7,50,19,-0.0011195871364148647,0.006024900181163911,0.03134788482120123,6.021315232018158,934,1566,10.737
port1,0.7,50,15,-0.0011195871364148647,0.006024900181163911,0.03134788482120123,6.021315232018158,1089,1411,13.5
port1,0.7,50,14,-0.0011195871364148647,0.006024900181163911,0.03134788482120123,6.021315232018158,1017,1483,13.794
port1,0.7,50,20,-0.0011195871364148647,0.006024900181163911,0.03134788482120123,6.021315232018158,1150,1350,12.016
port1,0.7,50,22,-0.0011195871364148647,0.006024900181163911,0.03134788482120123,6.021315232018158,1006,1494,11.692
port1,0.7,50,23,-0.0011195871364148647,0.006024900181163911,0.03134788482120123,6.021315232018158,1042,1458,12.102
port1,0.7,50,21,-0.0011195871364148647,0.006024900181163911,0.03134788482120123,6.021315232018158,1055,1445,14.929
port1,0.7,50,26,-0.0011195871364148647,0.006024900181163911,0.03134788482120123,6.021315232018158,912,1588,12.323
port1,0.7,50,24,-0.0011195871364148647,0.006024900181163911,0.03134788482120123,6.021315232018158,1197,1303,14.825
port1,0.7,50,28,-0.0011195871364148647,0.006024900181163911,0.03134788482120123,6.021315232018158,980,1520,11.983
port1,0.7,50,25,-0.0011195871364148647,0.006024900181163911,0.03134788482120123,6.021315232018158,1105,1395,14.554
port1,0.7,50,27,-0.0011195871364148647,0.006024900181163911,0.03134788482120123,6.021315232018158,1150,1350,14.673
port1,0.7,50,30,-0.0011195871364148647,0.006024900181163911,0.03134788482120123,6.021315232018158,897,1603,13.19
port1,0.7,50,29,-0.0011195871364148647,0.006024900181163911,0.03134788482120123,6.021315232018158,1176,1324,15.798
port1,0.7,100,1,-0.0011195871364148647,0.006024900181163911,0.03134788482120123,6.021315232018158,1186,3764,15.476
port1,0.7,100,2,-0.0011195871364148647,0.006024900181163911,0.03134788482120123,6.021315232018158,1368,3582,17.788
port1,0.7,100,3,-0.0011195871364148647,0.006024900181163911,0.03134788482120123,6.021315232018158,1105,3845,14.836
port1,0.7,100,4,-0.0011195871364148647,0.006024900181163911,0.03134788482120123,6.021315232018158,1232,3718,15.708
port1,0.7,100,5,-0.0011195871364148647,0.006024900181163911,0.03134788482120123,6.021315232018158,1188,3762,13.582
port1,0.7,100,6,-0.0011195871364148647,0.006024900181163911,0.03134788482120123,6.021315232018158,1032,3918,13.468
port1,0.7,100,8,-0.0011195871364148647,0.006024900181163911,0.03134788482120123,6.021315232018158,1027,3923,12.837
port1,0.7,100,7,-0.0011195871364148647,0.006024900181163911,0.03134788482120123,6.021315232018158,1201,3749,14.052
port1,0.7,100,9,-0.0011195504859499894,0.006030567543427161,0.03138743554532061,6.0900078408628175,1133,3817,13.512
port1,0.7,100,11,-0.0011195871364148647,0.006024900181163911,0.03134788482120123,6.021315232018158,1067,3883,12.816
port1,0.7,100,12,-0.0011195871364148647,0.006024900181163911,0.03134788482120123,6.021315232018158,1074,3876,13.473
port1,0.7,100,13,-0.0011195871364148647,0.006024900181163911,0.03134788482120123,6.021315232018158,1198,3752,13.602
port1,0.7,100,10,-0.0011195871364148647,0.006024900181163911,0.03134788482120123,6.021315232018158,1441,3509,16.416
port1,0.7,100,14,-0.0011195871364148647,0.006024900181163911,0.03134788482120123,6.021315232018158,1081,3869,12.244
port1,0.7,100,16,-0.0011195871364148647,0.006024900181163911,0.03134788482120123,6.021315232018158,931,4019,10.659
port1,0.7,100,17,-0.0011195871364148647,0.006024900181163911,0.03134788482120123,6.021315232018158,1010,3940,10.898
port1,0.7,100,15,-0.0011195871364148647,0.006024900181163911,0.03134788482120123,6.021315232018158,1171,3779,12.95
port1,0.7,100,18,-0.0011195871364148647,0.006024900181163911,0.03134788482120123,6.021315232018158,997,3953,11.227
port1,0.7,100,19,-0.0011195871364148647,0.006024900181163911,0.03134788482120123,6.021315232018158,1005,3945,11.505
port1,0.7,100,21,-0.0011195871364148647,0.006024900181163911,0.03134788482120123,6.021315232018158,1126,3824,12.451
port1,0.7,100,20,-0.0011195871364148647,0.006024900181163911,0.03134788482120123,6.021315232018158,1222,3728,13.511
port1,0.7,100,22,-0.0011195871364148647,0.006024900181163911,0.03134788482120123,6.021315232018158,1082,3868,12.048
port1,0.9,10,1,0.00020165504125833856,0.005233778264536007,0.028382953955419937,3.206817555167988,424,116,4.508
port1,0.7,100,23,-0.0011195871364148647,0.006024900181163911,0.03134788482120123,6.021315232018158,1107,3843,12.507
port1,0.9,10,2,0.00021138907210224082,0.005079200402236623,0.028270697674956328,3.9086112372933197,422,118,4.674
port1,0.7,100,25,-0.0011195871364148647,0.006024900181163911,0.03134788482120123,6.021315232018158,1197,3753,13.06
port1,0.9,10,3,0.00019382422611608809,0.005024198677856495,0.0278137474781754,2.5949275067838866,428,112,5.03
port1,0.9,10,4,0.00020326220578825965,0.005098004524495383,0.02814767916696582,3.3270453594032174,443,97,5.029
port1,0.7,100,26,-0.0011195871364148647,0.006024900181163911,0.03134788482120123,6.021315232018158,1008,3942,11.615
port1,0.7,100,24,-0.0011195871364148647,0.006024900181163911,0.03134788482120123,6.021315232018158,1290,3660,15.214
port1,0.9,10,5,0.0001972164053428854,0.005082596887192635,0.027997541440914434,2.881483123130254,449,91,5.558
port1,0.7,100,28,-0.0011195871364148647,0.006024900181163911,0.03134788482120123,6.021315232018158,1041,3909,12.055
port1,0.9,10,6,0.00019664556285296515,0.005057085393391935,0.027935523028577363,2.8258854497503703,428,112,5.107
port1,0.7,100,30,-0.0011195871364148647,0.006024900181163911,0.03134788482120123,6.021315232018158,985,3965,12.814
port1,0.7,100,27,-0.0011195871364148647,0.006024900181163911,0.03134788482120123,6.021315232018158,1242,3708,14.321
port1,0.9,10,8,0.00019722001784197867,0.005061794312812467,0.02795630418117263,2.870747903807323,440,100,5.383
port1,0.9,10,7,0.00020118527684978766,0.005082723470668577,0.028076435827865908,3.1705276035063403,428,112,6.194
port1,0.7,100,29,-0.0011195871364148647,0.006024900181163911,0.03134788482120123,6.021315232018158,1270,3680,14.377
port1,0.9,10,9,0.00019479564755845195,0.005053742391564026,0.02789205157019259,2.6882135427247773,444,96,5.296
port1,0.9,10,10,0.00019493428485181793,0.005008289434183417,0.027804140943994488,2.6633070487684516,438,102,5.819
port1,0.9,10,12,0.00020946973386769437,0.005232256143619961,0.028532541815923684,3.762226993572422,447,93,4.954
port1,0.9,10,14,0.00019528276307487972,0.005073094872902333,0.027940258695316987,2.735489284166896,426,114,4.898
port1,0.9,10,11,0.00019687504852668365,0.005082752011342356,0.027991074959726386,2.8566633661635823,450,90,6.198
port1,0.9,10,13,0.00019530822797867646,0.005116353831215061,0.02802664627140438,2.755643816304582,422,118,6.045
port1,0.9,10,15,0.0001958855089391247,0.005059248163022252,0.02792470680720151,2.771576027495521,445,95,5.07
port1,0.9,10,17,0.00019508276140267123,0.005109499432580031,0.028008584094100588,2.7370260872007854,437,103,4.642
port1,0.9,10,16,0.00019781508735742365,0.005087668132683412,0.028019475382228234,2.927417805906258,452,88,5.272
port1,0.9,10,19,0.00019574444810917452,0.005063378374290851,0.027930116870071346,2.7637391387285386,449,91,5.046
port1,0.9,10,20,0.00019416445200029443,0.005072000995123353,0.027915836833688933,2.6530897141066245,428,112,5.334
port1,0.9,10,21,0.00019384369286869565,0.005094447265579659,0.027954097680675277,2.640851189973038,443,97,5.44
port1,0.9,10,18,0.00019719155610832637,0.0050390856888690196,0.02791057396191606,2.8538887571882894,458,82,6.328
port1,0.9,10,23,0.00019440052420956742,0.005005760751128349,0.02778841883715833,2.6216795235220416,428,112,5.112
port1,0.9,10,22,0.00020150528645495984,0.005061714592426381,0.02804117499712794,3.183584884405576,443,97,6.083
port1,0.9,10,24,0.00019384369286869565,0.005094447265579659,0.027954097680675277,2.640851189973038,439,101,5.848
port1,0.9,10,25,0.00019415670586110548,0.0050630536216841986,0.027897870648124247,2.6472752300552393,439,101,5.905
port1,0.9,10,26,0.00019651044046530822,0.005099898771127181,0.028017857749379652,2.8374349367954594,451,89,6.577
port1,0.9,10,28,0.00019560768788484185,0.005110054209987364,0.028020094156467584,2.7753948090562264,433,107,5.834
port1,0.9,10,30,0.00019446753068792842,0.005104857418873009,0.027987165164990842,2.6905775526050606,448,92,5.674
port1,0.9,10,29,0.00019913284850069243,0.005071230156285484,0.028013010154593856,3.0156384445119078,433,107,6.715
port1,0.9,10,27,0.00019467068683007044,0.005067067982783781,0.027916094225144836,2.687311471756374,440,100,7.71
port1,0.9,15,3,0.00019350206153037912,0.005014553655622453,0.02778803553675223,2.5630720351591854,558,227,5.68
port1,0.9,15,1,0.00019560768788484185,0.005110054209987364,0.028020094156467584,2.7753948090562264,597,188,6.771
port1,0.9,15,2,0.00019596816152929757,0.005062145498636132,0.02793211436069224,2.77937579870527,607,178,7.017
port1,0.9,15,4,0.0001952501840839679,0.0051075159173855226,0.028007970608035452,2.748517389489926,633,152,6.639
port1,0.9,15,6,0.00019440052420956742,0.005005760751128349,0.02778841883715833,2.6216795235220416,590,195,5.982
port1,0.9,15,5,0.00019465186491517497,0.005053493730476266,0.02788869221193424,2.6775058351399945,632,153,7.322
port1,0.9,15,7,0.0001919402455153971,0.005020383223310447,0.027768458682598095,2.4528049491613517,608,177,6.209
port1,0.9,15,8,0.00019415670586110548,0.0050630536216841986,0.027897870648124247,2.6472752300552393,608,177,7.094
port1,0.9,15,9,0.00019267872879960145,0.00497795011873806,0.02769824985793642,2.4675242930010146,632,153,7.753
port1,0.9,15,11,0.00019248721643885694,0.005005685158907354,0.027749989636226133,2.4802519052895073,627,158,6.706
port1,0.9,15,10,0.00019298291958493963,0.005015886683057618,0.027780320530322283,2.5259137758400327,618,167,7.336
port1,0.9,15,12,0.00019650298707826763,0.0050168792758151495,0.027852606394291247,2.7861980375641164,622,163,7.098
port1,0.9,15,13,0.0001938180737231835,0.005085576392630253,0.02793595280053224,2.6348714235331987,579,206,8.51
port1,0.9,15,14,0.00019415670586110548,0.0050630536216841986,0.027897870648124247,2.6472752300552393,531,254,8.187
port1,0.9,15,15,0.0001938180737231835,0.005085576392630253,0.02793595280053224,2.6348714235331987,612,173,8.157
port1,0.9,15,18,0.000191858295538136,0.005009205157497976,0.027744445115452758,2.436941879262567,627,158,6.825
port1,0.9,15,16,0.00019415670586110548,0.0050630536216841986,0.027897870648124247,2.6472752300552393,627,158,7.966
port1,0.9,15,19,0.00019446753068792842,0.005104857418873009,0.027987165164990842,2.6905775526050606,628,157,6.943
port1,0.9,15,17,0.0001932331585280247,0.004976336539817335,0.02770613274489078,2.506994060256274,611,174,7.829
port1,0.9,15,20,0.00019415670586110548,0.0050630536216841986,0.027897870648124247,2.6472752300552393,626,159,6.976
port1,0.9,15,21,0.00019384369286869565,0.005094447265579659,0.027954097680675277,2.640851189973038,606,179,6.885
port1,0.9,15,24,0.00019248721643885694,0.005005685158907354,0.027749989636226133,2.4802519052895073,576,209,6.77
port1,0.9,15,23,0.000191858295538136,0.005009205157497976,0.027744445115452758,2.436941879262567,572,213,6.971
port1,0.9,15,22,0.00019248721643885694,0.005005685158907354,0.027749989636226133,2.4802519052895073,633,152,7.892
port1,0.9,15,25,0.00019338080160007163,0.005103668159051858,0.02796322222541715,2.610927338238841,575,210,6.444
port1,0.9,15,28,0.00019298291958493963,0.005015886683057618,0.027780320530322283,2.5259137758400327,564,221,6.504
port1,0.9,15,26,0.0001919402455153971,0.005020383223310447,0.027768458682598095,2.4528049491613517,642,143,7.479
port1,0.9,15,29,0.0001946144422360017,0.00505818873273813,0.027897298067292277,2.6777971108104874,610,175,6.932
port1,0.9,15,30,0.000191858295538136,0.005009205157497976,0.027744445115452758,2.436941879262567,594,191,7.014
port1,0.9,15,27,0.00019338080160007163,0.005103668159051858,0.02796322222541715,2.610927338238841,609,176,7.567
port1,0.9,25,1,0.000191858295538136,0.005009205157497976,0.027744445115452758,2.436941879262567,870,405,10.067
port1,0.9,25,3,0.000191858295538136,0.005009205157497976,0.027744445115452758,2.436941879262567,710,565,9.136
port1,0.9,25,2,0.0001919402455153971,0.005020383223310447,0.027768458682598095,2.4528049491613517,925,350,9.836
port1,0.9,25,6,0.000191858295538136,0.005009205157497976,0.027744445115452758,2.436941879262567,839,436,9.707
port1,0.9,25,4,0.000191858295538136,0.005009205157497976,0.027744445115452758,2.436941879262567,934,341,10.346
port1,0.9,25,7,0.000191858295538136,0.005009205157497976,0.027744445115452758,2.436941879262567,832,443,9.1
port1,0.9,25,5,0.000191858295538136,0.005009205157497976,0.027744445115452758,2.436941879262567,925,350,11.53
port1,0.9,25,8,0.000191858295538136,0.005009205157497976,0.027744445115452758,2.436941879262567,828,447,9.125
port1,0.9,25,10,0.000191858295538136,0.005009205157497976,0.027744445115452758,2.436941879262567,842,433,8.994
port1,0.9,25,12,0.000191858295538136,0.005009205157497976,0.027744445115452758,2.436941879262567,887,388,9.089
port1,0.9,25,9,0.0001919402455153971,0.005020383223310447,0.027768458682598095,2.4528049491613517,868,407,10.311
port1,0.9,25,11,0.000191858295538136,0.005009205157497976,0.027744445115452758,2.436941879262567,927,348,11.654
port1,0.9,25,14,0.000191858295538136,0.005009205157497976,0.027744445115452758,2.436941879262567,732,543,7.707
port1,0.9,25,13,0.0001919402455153971,0.005020383223310447,0.027768458682598095,2.4528049491613517,863,412,10.886
port1,0.9,25,15,0.000191858295538136,0.005009205157497976,0.027744445115452758,2.436941879262567,863,412,9.481
port1,0.9,25,17,0.000191858295538136,0.005009205157497976,0.027744445115452758,2.436941879262567,929,346,8.871
port1,0.9,25,16,0.000191858295538136,0.005009205157497976,0.027744445115452758,2.436941879262567,949,326,9.209
port1,0.9,25,18,0.000191858295538136,0.005009205157497976,0.027744445115452758,2.436941879262567,827,448,8.65
port1,0.9,25,20,0.000191858295538136,0.005009205157497976,0.027744445115452758,2.436941879262567,820,455,8.187
port1,0.9,25,23,0.000191858295538136,0.005009205157497976,0.027744445115452758,2.436941879262567,678,597,6.89
port1,0.9,25,19,0.000191858295538136,0.005009205157497976,0.027744445115452758,2.436941879262567,867,408,9.36
port1,0.9,25,21,0.000191858295538136,0.005009205157497976,0.027744445115452758,2.436941879262567,800,475,8.901
port1,0.9,25,22,0.000191858295538136,0.005009205157497976,0.027744445115452758,2.436941879262567,941,334,10.198
port1,0.9,25,24,0.0001919402455153971,0.005020383223310447,0.027768458682598095,2.4528049491613517,766,509,8.801
port1,0.9,25,25,0.000191858295538136,0.005009205157497976,0.027744445115452758,2.436941879262567,732,543,8.186
port1,0.9,25,27,0.0001919402455153971,0.005020383223310447,0.027768458682598095,2.4528049491613517,764,511,8.187
port1,0.9,25,28,0.000191858295538136,0.005009205157497976,0.027744445115452758,2.436941879262567,728,547,7.799
port1,0.9,25,30,0.000191858295538136,0.005009205157497976,0.027744445115452758,2.436941879262567,745,530,8.126
port1,0.9,25,26,0.000191858295538136,0.005009205157497976,0.027744445115452758,2.436941879262567,908,367,10.235
port1,0.9,25,29,0.000191858295538136,0.005009205157497976,0.027744445115452758,2.436941879262567,856,419,8.784
port1,0.9,50,3,0.000191858295538136,0.005009205157497976,0.027744445115452758,2.436941879262567,836,1664,9.21
port1,0.9,50,2,0.000191858295538136,0.005009205157497976,0.027744445115452758,2.436941879262567,1146,1354,12.729
port1,0.9,50,1,0.000191858295538136,0.005009205157497976,0.027744445115452758,2.436941879262567,1075,1425,13.403
port1,0.9,50,5,0.000191858295538136,0.005009205157497976,0.027744445115452758,2.436941879262567,1021,1479,11.606
port1,0.9,50,4,0.000191858295538136,0.005009205157497976,0.027744445115452758,2.436941879262567,1148,1352,13.69
port1,0.9,50,7,0.000191858295538136,0.005009205157497976,0.027744445115452758,2.436941879262567,986,1514,11.194
port1,0.9,50,6,0.000191858295538136,0.005009205157497976,0.027744445115452758,2.436941879262567,1082,1418,13.473
port1,0.9,50,8,0.000191858295538136,0.005009205157497976,0.027744445115452758,2.436941879262567,1003,1497,11.63
port1,0.9,50,9,0.000191858295538136,0.005009205157497976,0.027744445115452758,2.436941879262567,1116,1384,13.182
port1,0.9,50,10,0.000191858295538136,0.005009205157497976,0.027744445115452758,2.436941879262567,1054,1446,13.077
port1,0.9,50,11,0.000191858295538136,0.005009205157497976,0.027744445115452758,2.436941879262567,1093,1407,13.918
port1,0.9,50,12,0.000191858295538136,0.005009205157497976,0.027744445115452758,2.436941879262567,1136,1364,14.532
port1,0.9,50,13,0.000191858295538136,0.005009205157497976,0.027744445115452758,2.436941879262567,1057,1443,13.381
port1,0.9,50,15,0.000191858295538136,0.005009205157497976,0.027744445115452758,2.436941879262567,998,1502,11.077
port1,0.9,50,14,0.000191858295538136,0.005009205157497976,0.027744445115452758,2.436941879262567,995,1505,12.067
port1,0.9,50,18,0.000191858295538136,0.005009205157497976,0.027744445115452758,2.436941879262567,913,1587,11.083
port1,0.9,50,16,0.000191858295538136,0.005009205157497976,0.027744445115452758,2.436941879262567,1095,1405,13.238
port1,0.9,50,17,0.000191858295538136,0.005009205157497976,0.027744445115452758,2.436941879262567,1164,1336,13.482
port1,0.9,50,20,0.000191858295538136,0.005009205157497976,0.027744445115452758,2.436941879262567,1008,1492,10.86
port1,0.9,50,19,0.000191858295538136,0.005009205157497976,0.027744445115452758,2.436941879262567,1045,1455,11.994
port1,0.9,50,23,0.000191858295538136,0.005009205157497976,0.027744445115452758,2.436941879262567,760,1740,9.689
port1,0.9,50,21,0.000191858295538136,0.005009205157497976,0.027744445115452758,2.436941879262567,924,1576,12.786
port1,0.9,50,25,0.000191858295538136,0.005009205157497976,0.027744445115452758,2.436941879262567,838,1662,10.096
port1,0.9,50,24,0.0001919402455153971,0.005020383223310447,0.027768458682598095,2.4528049491613517,932,1568,11.141
port1,0.9,50,22,0.000191858295538136,0.005009205157497976,0.027744445115452758,2.436941879262567,1217,1283,14.559
port1,0.9,50,26,0.000191858295538136,0.005009205157497976,0.027744445115452758,2.436941879262567,1024,1476,11.66
port1,0.9,50,27,0.000191858295538136,0.005009205157497976,0.027744445115452758,2.436941879262567,1031,1469,12.756
port1,0.9,50,28,0.000191858295538136,0.005009205157497976,0.027744445115452758,2.436941879262567,835,1665,11.441
port1,0.9,50,30,0.000191858295538136,0.005009205157497976,0.027744445115452758,2.436941879262567,813,1687,10.109
port1,0.9,50,29,0.000191858295538136,0.005009205157497976,0.027744445115452758,2.436941879262567,1019,1481,11.114
port1,0.9,100,1,0.000191858295538136,0.005009205157497976,0.027744445115452758,2.436941879262567,1152,3798,15.855
port1,0.9,100,3,0.000191858295538136,0.005009205157497976,0.027744445115452758,2.436941879262567,901,4049,12.986
port1,0.9,100,2,0.000191858295538136,0.005009205157497976,0.027744445115452758,2.436941879262567,1251,3699,16.333
port1,0.9,100,7,0.000191858295538136,0.005009205157497976,0.027744445115452758,2.436941879262567,1055,3895,12.739
port1,0.9,100,5,0.000191858295538136,0.005009205157497976,0.027744445115452758,2.436941879262567,1098,3852,15.578
port1,0.9,100,8,0.000191858295538136,0.005009205157497976,0.027744445115452758,2.436941879262567,1077,3873,13.312
port1,0.9,100,4,0.000191858295538136,0.005009205157497976,0.027744445115452758,2.436941879262567,1199,3751,17.261
port1,0.9,100,6,0.000191858295538136,0.005009205157497976,0.027744445115452758,2.436941879262567,1149,3801,17.174
port1,0.9,100,9,0.000191858295538136,0.005009205157497976,0.027744445115452758,2.436941879262567,1206,3744,14.656
port1,0.9,100,12,0.000191858295538136,0.005009205157497976,0.027744445115452758,2.436941879262567,1209,3741,14.382
port1,0.9,100,11,0.000191858295538136,0.005009205157497976,0.027744445115452758,2.436941879262567,1178,3772,15.495
port1,0.9,100,10,0.000191858295538136,0.005009205157497976,0.027744445115452758,2.436941879262567,1124,3826,16.643
port1,0.9,100,14,0.000191858295538136,0.005009205157497976,0.027744445115452758,2.436941879262567,1073,3877,13.767
port1,0.9,100,15,0.000191858295538136,0.005009205157497976,0.027744445115452758,2.436941879262567,1060,3890,14.05
port1,0.9,100,13,0.000191858295538136,0.005009205157497976,0.027744445115452758,2.436941879262567,1151,3799,15.214
port1,0.9,100,16,0.000191858295538136,0.005009205157497976,0.027744445115452758,2.436941879262567,1153,3797,14.683
port1,0.9,100,21,0.000191858295538136,0.005009205157497976,0.027744445115452758,2.436941879262567,987,3963,11.324
port1,0.9,100,20,0.000191858295538136,0.005009205157497976,0.027744445115452758,2.436941879262567,1086,3864,13.348
port1,0.9,100,18,0.000191858295538136,0.005009205157497976,0.027744445115452758,2.436941879262567,974,3976,15.309
port1,0.9,100,23,0.000191858295538136,0.005009205157497976,0.027744445115452758,2.436941879262567,806,4144,11.686
port1,0.9,100,17,0.000191858295538136,0.005009205157497976,0.027744445115452758,2.436941879262567,1249,3701,16.235
port1,0.9,100,19,0.000191858295538136,0.005009205157497976,0.027744445115452758,2.436941879262567,1119,3831,15.542
port1,0.9,100,24,0.000191858295538136,0.005009205157497976,0.027744445115452758,2.436941879262567,1136,3814,13.711
port1,0.9,100,25,0.000191858295538136,0.005009205157497976,0.027744445115452758,2.436941879262567,889,4061,10.824
port1,0.9,100,22,0.000191858295538136,0.005009205157497976,0.027744445115452758,2.436941879262567,1292,3658,16.246
port1,0.9,100,26,0.000191858295538136,0.005009205157497976,0.027744445115452758,2.436941879262567,1111,3839,12.919
port1,0.9,100,27,0.000191858295538136,0.005009205157497976,0.027744445115452758,2.436941879262567,1125,3825,13.335
port1,0.9,100,28,0.000191858295538136,0.005009205157497976,0.027744445115452758,2.436941879262567,894,4056,11.802
port1,0.9,100,30,0.000191858295538136,0.005009205157497976,0.027744445115452758,2.436941879262567,868,4082,10.701
port1,0.9,100,29,0.000191858295538136,0.005009205157497976,0.027744445115452758,2.436941879262567,1108,3842,12.599
port2,0.1,10,10,-0.0055711851887128815,0.0062309099999999975,0.019139961151244982,10.234607405478124,441,99,3.007
port2,0.1,10,3,-0.005621550767171084,0.006297190000000001,0.021429006703278516,17.62938767821512,452,88,3.072
port2,0.1,10,7,-0.0055810126669302235,0.006244579999999997,0.019776079760603277,12.641196535135817,463,77,3.141
port2,0.1,10,1,-0.005800892867658438,0.006490619999999999,0.020165597521908968,10.724479602812739,436,104,3.333
port2,0.1,10,5,-0.005733108843241546,0.006417860000000001,0.020728038199128773,13.75013126310992,464,76,3.333
port2,0.1,10,11,-0.005757443526843947,0.006443819999999999,0.02049255307570357,12.571495767354866,449,91,3.419
port2,0.1,10,6,-0.005834946167670309,0.006531339999999998,0.020798998132047098,12.472773658105286,452,88,3.464
port2,0.1,10,12,-0.005811421773598306,0.00650559,0.020882822223467334,13.106033716327353,438,102,3.486
port2,0.1,10,8,-0.005798711766488417,0.0064863,0.019737840183663515,9.104986022798473,440,100,3.503
port2,0.1,10,4,-0.005639996508223841,0.0063065699999999975,0.018951646835079224,8.31100026943673,452,88,3.527
port2,0.1,10,2,-0.005834174306682422,0.00652817,0.02029253392693414,10.688706891667316,458,82,3.737
port2,0.1,10,9,-0.005748522205677097,0.006435629999999998,0.02086738946847488,13.988246994774052,453,87,3.794
port2,0.1,10,13,-0.005809659746867534,0.006503399999999999,0.02083272740964669,12.963535933816328,457,83,3.046
port2,0.1,10,15,-0.005755680265380834,0.00644019,0.02012230966344715,11.254305166166814,455,85,3.021
port2,0.1,10,14,-0.00552172911610792,0.006181389999999999,0.020376919269624424,15.730607528901823,447,93,3.16
port2,0.1,10,17,-0.005611764380820431,0.006279139999999999,0.019864948824391382,12.502212448533326,427,113,3.084
port2,0.1,10,19,-0.005841583230176931,0.00653627,0.020263210462083528,10.467551699562486,431,109,3.164
port2,0.1,10,16,-0.005803864628513114,0.006496039999999999,0.02063283099501536,12.364851291229135,451,89,3.313
port2,0.1,10,21,-0.00554390472540468,0.006201449999999999,0.019339150600613215,11.49851571154945,438,102,3.337
port2,0.1,10,22,-0.005760817288765455,0.006441899999999999,0.01920747542873415,7.493830289340219,450,90,3.361
port2,0.1,10,23,-0.005750559574989189,0.006434419999999998,0.02010433411252661,11.26554887294337,451,89,3.297
port2,0.1,10,20,-0.005754250936406383,0.00643872,0.020148713009424696,11.374580908721528,451,89,3.567
port2,0.1,10,18,-0.00582102246849784,0.00651651,0.02093717543083615,13.145506217434177,446,94,3.736
port2,0.1,10,24,-0.005727078393003082,0.006403269999999999,0.018937953162081068,6.842593422911341,459,81,3.888
port2,0.1,10,26,-0.005728406862255225,0.00641048,0.020254663103782992,12.158955843687158,432,108,3.107
port2,0.1,10,27,-0.00570973743763802,0.006389549999999999,0.020213253662381477,12.292370310718496,460,80,3.384
port2,0.1,10,30,-0.0057609415788154724,0.006448940000000001,0.02076160426954716,13.448460029065611,436,104,3.066
port2,0.1,10,28,-0.0055600181634031555,0.006223899999999999,0.02036954506041886,15.125043734202007,443,97,3.461
port2,0.1,10,25,-0.005786858308053325,0.00647609,0.020401640117077666,11.803596154178829,450,90,3.881
port2,0.1,10,29,-0.005757245880517722,0.006445759999999997,0.020961421584013654,14.169806965310348,449,91,3.381
port2,0.1,15,2,-0.005834174306682422,0.00652817,0.02029253392693414,10.688706891667316,644,141,4.452
port2,0.1,15,1,-0.005824791010178694,0.006517359999999998,0.02020717442427447,10.51490139403368,612,173,4.972
port2,0.1,15,3,-0.005858543153522486,0.006558249999999999,0.02094799429002974,12.626132616945261,630,155,4.956
port2,0.1,15,4,-0.005780300876419114,0.0064630799999999995,0.019097414374957867,6.699135305290749,640,145,5.68
port2,0.1,15,5,-0.00582093148325745,0.00651082,0.019699369721529067,8.604227246052043,659,126,6.61
port2,0.1,15,7,-0.005784548556883254,0.006474399999999997,0.02059403872890041,12.519525540162771,660,125,4.757
port2,0.1,15,6,-0.005851460815040744,0.006550190000000006,0.020906980881815956,12.593298454697008,658,127,6.596
port2,0.1,15,9,-0.005822031131348991,0.006517149999999999,0.02083359514126386,12.782508386524551,650,135,4.714
port2,0.1,15,8,-0.005817959526002319,0.00651066,0.02040452743821305,11.343404216670791,635,150,4.923
port2,0.1,15,11,-0.005839834118597622,0.00653755,0.020966850360122618,12.965982897770994,639,146,4.761
port2,0.1,15,10,-0.005805890529432874,0.0064993,0.020851731478974487,13.083672691910238,632,153,5.272
port2,0.1,15,12,-0.005825337350173212,0.00652141,0.020959878298021758,13.157242108222453,635,150,6.175
port2,0.1,15,13,-0.005834308691569,0.00653077,0.020828900218446217,12.584011524778024,647,138,4.931
port2,0.1,15,15,-0.005782159766530731,0.006472309999999998,0.020716957660155265,12.979816535802424,651,134,5.045
port2,0.1,15,16,-0.005847107652761528,0.00654233,0.02024582604846543,10.318819052073673,629,156,4.914
port2,0.1,15,14,-0.005767289310932963,0.00645417,0.02036263466917754,11.9595453659813,633,152,5.843
port2,0.1,15,17,-0.005847125359583504,0.0065454599999999995,0.020925735450993382,12.720591504611178,606,179,4.645
port2,0.1,15,18,-0.005846338974009677,0.006544570000000001,0.020922243185261768,12.720524198671477,646,139,4.693
port2,0.1,15,19,-0.005845004650122838,0.006540459999999998,0.020349287426630096,10.732836133331565,626,159,4.505
port2,0.1,15,20,-0.005844802337367756,0.006543520000000001,0.02106315803298387,13.211394102763096,651,134,4.615
port2,0.1,15,22,-0.0057854993656683475,0.0064692,0.019178277902787234,6.972447240349031,638,147,4.481
port2,0.1,15,21,-0.0057782384759102285,0.006466579999999998,0.02041654331412864,11.987461154101236,647,138,4.681
port2,0.1,15,23,-0.005841933374384828,0.006540299999999999,0.021056264059697346,13.230999093678,643,142,4.602
port2,0.1,15,24,-0.0057843562795464485,0.00646803,0.01920175003835677,7.093293336981686,652,133,4.714
port2,0.1,15,25,-0.0057942477257287295,0.0064845599999999995,0.02045880599430685,11.896607187596564,651,134,4.666
port2,0.1,15,26,-0.005785571691624422,0.00647612,0.02072107824790438,12.942950770548109,623,162,4.339
port2,0.1,15,27,-0.005787410029323305,0.006471649999999996,0.01925486189945056,7.275309118335184,654,131,4.525
port2,0.1,15,28,-0.005815048122327252,0.00650768,0.020460664132121404,11.589250422310895,630,155,4.704
port2,0.1,15,29,-0.0058224755530235095,0.0065182999999999994,0.020974853271593645,13.249315725122003,638,147,4.133
port2,0.1,15,30,-0.005825366958845894,0.006520969999999999,0.020858101820181236,12.815777739652601,640,145,4.535
port2,0.1,25,3,-0.00586091961867621,0.0065608099999999985,0.020930690701405158,12.532878827630647,920,355,6.871
port2,0.1,25,1,-0.005840009687169197,0.006534529999999999,0.020265071633429516,10.498401926628416,963,312,7.307
port2,0.1,25,2,-0.005843267726207637,0.006538269999999997,0.02029169135197003,10.547366040895575,975,300,7.693
port2,0.1,25,4,-0.005843141612212847,0.006537819999999997,0.020222855334287283,10.293587723625611,1024,251,7.605
port2,0.1,25,5,-0.005862816199470028,0.006563099999999999,0.020969930979851073,12.636331547732969,1028,247,8.458
port2,0.1,25,8,-0.005857608953248467,0.0065576,0.021031178462352477,12.91701728966309,1014,261,6.978
port2,0.1,25,7,-0.005838838068942876,0.00653683,0.02104968670957443,13.254989931149572,1027,248,7.428
port2,0.1,25,9,-0.005846391748489911,0.006542089999999999,0.020368910503531658,10.783549830808534,1005,270,7.077
port2,0.1,25,6,-0.005860128468116405,0.006559799999999999,0.02090251943752137,12.449736935261628,1016,259,8.663
port2,0.1,25,11,-0.005854897978880408,0.006554709999999998,0.0210573077860376,13.043330928601188,993,282,7.061
port2,0.1,25,12,-0.005849506064623334,0.006548399999999998,0.020989029366948922,12.896800411584392,955,320,6.9
port2,0.1,25,10,-0.005862816199470028,0.006563099999999999,0.020969930979851073,12.636331547732969,978,297,8.558
port2,0.1,25,14,-0.005847708354159681,0.00654637,0.020982050862658818,12.900157195544791,1008,267,7.103
port2,0.1,25,16,-0.005851190151008565,0.00654717,0.020313258968327693,10.506585807261475,981,294,7.8
port2,0.1,25,13,-0.005853266281357349,0.00655206,0.020877671958973328,12.46761532672679,1023,252,8.735
port2,0.1,25,15,-0.005846389242797279,0.006544809999999998,0.020961812231464802,12.852208838169716,1031,244,8.049
port2,0.1,25,19,-0.00586091961867621,0.0065608099999999985,0.020930690701405158,12.532878827630647,902,373,6.676
port2,0.1,25,18,-0.005850575782598849,0.006549339999999999,0.020935667508142748,12.702787967803728,1007,268,7.613
port2,0.1,25,20,-0.005853593065313319,0.006552929999999998,0.020986646870493387,12.82846623709064,993,282,6.938
port2,0.1,25,22,-0.005802583404294169,0.006487819999999999,0.019093086629937674,6.322432367195323,958,317,6.62
port2,0.1,25,17,-0.005862816199470028,0.006563099999999999,0.020969930979851073,12.636331547732969,920,355,8.189
port2,0.1,25,23,-0.005848932285928244,0.00654783,0.021003503058241318,12.953367661021465,1000,275,7.183
port2,0.1,25,24,-0.00585043036440373,0.006549079999999999,0.02091450109284689,12.63388083074574,1027,248,7.501
port2,0.1,25,21,-0.0058416327131684785,0.006539799999999998,0.021020772305393762,13.118366803747035,1034,241,8.909
port2,0.1,25,25,-0.005824968904213046,0.006515979999999999,0.019852731748289325,9.1530746590411,1042,233,7.186
port2,0.1,25,26,-0.005848243457793149,0.00654707,0.021004652391042225,12.967356569320046,1006,269,6.973
port2,0.1,25,29,-0.005855133099836256,0.0065546699999999986,0.020992832149032123,12.826295205935365,987,288,6.723
port2,0.1,25,27,-0.005850373860499338,0.006546159999999999,0.02029042619085681,10.434663309471386,1031,244,7.333
port2,0.1,25,28,-0.005848809136456225,0.006544609999999997,0.020332206851144407,10.612463399371933,1002,273,7.818
port2,0.1,25,30,-0.005842409727999024,0.006537160000000002,0.020256917830947983,10.431608433084444,995,280,7.616
port2,0.1,50,3,-0.005862816199470028,0.006563099999999999,0.020969930979851073,12.636331547732969,1225,1275,11.173
port2,0.1,50,2,-0.005858992108266986,0.00655863,0.020922450079523074,12.533726370834293,1451,1049,11.612
port2,0.1,50,4,-0.005860128468116405,0.006559799999999999,0.02090251943752137,12.449736935261628,1656,844,12.528
port2,0.1,50,5,-0.005862816199470028,0.006563099999999999,0.020969930979851073,12.636331547732969,1415,1085,11.886
port2,0.1,50,1,-0.005862816199470028,0.006563099999999999,0.020969930979851073,12.636331547732969,1638,862,14.294
port2,0.1,50,6,-0.005862816199470028,0.006563099999999999,0.020969930979851073,12.636331547732969,1491,1009,12.087
port2,0.1,50,8,-0.005862816199470028,0.006563099999999999,0.020969930979851073,12.636331547732969,1552,948,12.857
port2,0.1,50,7,-0.005858953838149915,0.006559139999999998,0.02104095098850915,12.929514529241345,1754,746,14.105
port2,0.1,50,10,-0.005862816199470028,0.006563099999999999,0.020969930979851073,12.636331547732969,1515,985,12.523
port2,0.1,50,9,-0.005862816199470028,0.006563099999999999,0.020969930979851073,12.636331547732969,1467,1033,13.662
port2,0.1,50,12,-0.005859574600428916,0.006559269999999992,0.02092089853975613,12.519876009084168,1501,999,12.18
port2,0.1,50,11,-0.005862816199470028,0.006563099999999999,0.020969930979851073,12.636331547732969,1382,1118,14.245
port2,0.1,50,17,-0.005862816199470028,0.006563099999999999,0.020969930979851073,12.636331547732969,1323,1177,9.862
port2,0.1,50,14,-0.005858953838149915,0.006559139999999998,0.02104095098850915,12.929514529241345,1656,844,12.891
port2,0.1,50,16,-0.00586091961867621,0.0065608099999999985,0.020930690701405158,12.532878827630647,1545,955,12.364
port2,0.1,50,13,-0.00586091961867621,0.0065608099999999985,0.020930690701405158,12.532878827630647,1660,840,15.111
port2,0.1,50,15,-0.005860128468116405,0.006559799999999999,0.02090251943752137,12.449736935261628,1824,676,13.596
port2,0.1,50,20,-0.005862816199470028,0.006563099999999999,0.020969930979851073,12.636331547732969,1564,936,11.896
port2,0.1,50,18,-0.005860128468116405,0.006559799999999999,0.02090251943752137,12.449736935261628,1690,810,16.45
port2,0.1,50,21,-0.005862816199470028,0.006563099999999999,0.020969930979851073,12.636331547732969,1762,738,13.096
port2,0.1,50,23,-0.0058597814110230234,0.006559639999999999,0.020951035529771636,12.617993666722676,1609,891,12.357
port2,0.1,50,22,-0.005862816199470028,0.006563099999999999,0.020969930979851073,12.636331547732969,1663,837,12.9
port2,0.1,50,19,-0.005862816199470028,0.006563099999999999,0.020969930979851073,12.636331547732969,1504,996,14.197
port2,0.1,50,24,-0.0058597814110230234,0.006559639999999999,0.020951035529771636,12.617993666722676,1496,1004,12.033
port2,0.1,50,25,-0.0058597814110230234,0.006559639999999999,0.020951035529771636,12.617993666722676,1719,781,13.4
port2,0.1,50,26,-0.0058597814110230234,0.006559639999999999,0.020951035529771636,12.617993666722676,1732,768,13.528
port2,0.1,50,28,-0.005862816199470028,0.006563099999999999,0.020969930979851073,12.636331547732969,1751,749,13.019
port2,0.1,50,27,-0.005858992108266986,0.00655863,0.020922450079523074,12.533726370834293,1778,722,13.345
port2,0.1,50,29,-0.0058597814110230234,0.006559639999999999,0.020951035529771636,12.617993666722676,1477,1023,13.275
port2,0.1,50,30,-0.005862816199470028,0.006563099999999999,0.020969930979851073,12.636331547732969,1640,860,12.793
port2,0.1,100,2,-0.0058597814110230234,0.006559639999999999,0.020951035529771636,12.617993666722676,1782,3168,14.15
port2,0.1,100,1,-0.005862816199470028,0.006563099999999999,0.020969930979851073,12.636331547732969,1907,3043,14.893
port2,0.1,100,5,-0.005862816199470028,0.006563099999999999,0.020969930979851073,12.636331547732969,1644,3306,13.481
port2,0.1,100,3,-0.005862816199470028,0.006563099999999999,0.020969930979851073,12.636331547732969,1471,3479,14.367
port2,0.1,100,6,-0.005862816199470028,0.006563099999999999,0.020969930979851073,12.636331547732969,1741,3209,14.762
port2,0.1,100,4,-0.005860128468116405,0.006559799999999999,0.02090251943752137,12.449736935261628,1921,3029,16.762
port2,0.1,100,9,-0.005862816199470028,0.006563099999999999,0.020969930979851073,12.636331547732969,1705,3245,13.358
port2,0.1,100,10,-0.005862816199470028,0.006563099999999999,0.020969930979851073,12.636331547732969,1762,3188,14.308
port2,0.1,100,8,-0.005862816199470028,0.006563099999999999,0.020969930979851073,12.636331547732969,1887,3063,16.337
port2,0.1,100,11,-0.005862816199470028,0.006563099999999999,0.020969930979851073,12.636331547732969,1648,3302,14.624
port2,0.1,100,7,-0.005862816199470028,0.006563099999999999,0.020969930979851073,12.636331547732969,2340,2610,20.958
port2,0.1,100,12,-0.005862816199470028,0.006563099999999999,0.020969930979851073,12.636331547732969,1838,3112,16.163
port2,0.1,100,17,-0.005862816199470028,0.006563099999999999,0.020969930979851073,12.636331547732969,1589,3361,13.869
port2,0.1,100,13,-0.00586091961867621,0.0065608099999999985,0.020930690701405158,12.532878827630647,1976,2974,16.908
port2,0.1,100,15,-0.00586091961867621,0.0065608099999999985,0.020930690701405158,12.532878827630647,2260,2690,17.357
port2,0.1,100,16,-0.005862816199470028,0.006563099999999999,0.020969930979851073,12.636331547732969,1881,3069,17.612
port2,0.1,100,14,-0.005862816199470028,0.006563099999999999,0.020969930979851073,12.636331547732969,2243,2707,18.604
port2,0.1,100,18,-0.00586091961867621,0.0065608099999999985,0.020930690701405158,12.532878827630647,2205,2745,18.61
port2,0.1,100,19,-0.005862816199470028,0.006563099999999999,0.020969930979851073,12.636331547732969,1957,2993,16.748
port2,0.1,100,20,-0.005862816199470028,0.006563099999999999,0.020969930979851073,12.636331547732969,1877,3073,15.662
port2,0.1,100,22,-0.005862816199470028,0.006563099999999999,0.020969930979851073,12.636331547732969,1934,3016,15.263
port2,0.3,10,1,-0.0042898831204155755,0.006286899999999999,0.01923078084603108,9.819554582075419,438,102,3.156
port2,0.1,100,21,-0.005862816199470028,0.006563099999999999,0.020969930979851073,12.636331547732969,2124,2826,18.861
port2,0.3,10,2,-0.0044260504227592945,0.006506130000000001,0.02067531355995229,12.378861783436921,458,82,3.853
port2,0.3,10,3,-0.004342124457401519,0.006361759999999996,0.019244699928246786,8.805942908667236,451,89,3.599
port2,0.1,100,23,-0.005862816199470028,0.006563099999999999,0.020969930979851073,12.636331547732969,1980,2970,15.758
port2,0.1,100,24,-0.0058597814110230234,0.006559639999999999,0.020951035529771636,12.617993666722676,1762,3188,16.241
port2,0.3,10,4,-0.00423466434865438,0.006224849999999998,0.020226274277584243,14.600256647694016,445,95,3.711
port2,0.3,10,5,-0.004388684728180771,0.00642566,0.019085533074314598,7.186128846751617,441,99,4.107
port2,0.3,10,7,-0.0043755741836128655,0.006422220000000001,0.01999831796152999,11.028144567034474,451,89,3.445
port2,0.3,10,8,-0.004390631903106613,0.006438277553094793,0.01967760012973652,9.534182138129973,450,90,3.583
port2,0.3,10,6,-0.004381135066425929,0.006438939999999999,0.02050389666820022,12.67833209136742,449,91,4.299
port2,0.1,100,25,-0.005862816199470028,0.006563099999999999,0.020969930979851073,12.636331547732969,2015,2935,17.306
port2,0.1,100,26,-0.0058597814110230234,0.006559639999999999,0.020951035529771636,12.617993666722676,2098,2852,16.365
port2,0.3,10,9,-0.004152711907701659,0.0060941599999999995,0.019425077631620085,13.377076138873472,451,89,3.684
port2,0.1,100,29,-0.005862816199470028,0.006563099999999999,0.020969930979851073,12.636331547732969,1826,3124,15.136
port2,0.3,10,10,-0.004397065781297504,0.006455580000000001,0.02015276810618475,11.157879426287348,453,87,3.277
port2,0.1,100,27,-0.005862816199470028,0.006563099999999999,0.020969930979851073,12.636331547732969,2155,2795,17.13
port2,0.3,10,12,-0.004426987047899948,0.0064999299999999975,0.020245489382415528,10.89876482839703,448,92,3.303
port2,0.3,10,13,-0.004377071494322478,0.00643355,0.020527502338531303,12.835668156954856,462,78,3.527
port2,0.3,10,11,-0.004153833731431533,0.006107919999999999,0.020142018151819274,15.903841126670581,452,88,4.199
port2,0.3,10,15,-0.004414291003812364,0.00648893,0.020652683133807394,12.530855274875538,449,91,3.072
port2,0.3,10,16,-0.004428059874808502,0.006510879999999997,0.020781091180164687,12.68488271920446,451,89,3.062
port2,0.3,10,14,-0.004253284806263679,0.0062413899999999994,0.019637395765589764,12.141697801437362,439,101,4.142
port2,0.3,10,19,-0.004182215559626149,0.006123720000000001,0.01865372530924683,9.638717836175616,432,108,2.97
port2,0.3,10,18,-0.004370251861602627,0.00639713,0.018950737751459057,6.9902383566586845,438,102,3.287
port2,0.3,10,17,-0.004393759750614284,0.006450870000000002,0.020153514944521615,11.225525292524575,450,90,3.81
port2,0.1,100,28,-0.005862816199470028,0.006563099999999999,0.020969930979851073,12.636331547732969,2443,2507,19.332
port2,0.1,100,30,-0.005862816199470028,0.006563099999999999,0.020969930979851073,12.636331547732969,1917,3033,15.905
port2,0.3,10,21,-0.004328347622141327,0.00634322,0.019313758296326183,9.367416109110284,448,92,3.398
port2,0.3,10,20,-0.004292732035528707,0.006308929999999999,0.020291128149291546,13.683015806349527,454,86,3.992
port2,0.3,10,22,-0.0043916845109221135,0.006430770000000001,0.019135872863802736,7.337157661437875,454,86,3.378
port2,0.3,10,24,-0.004147587062942734,0.006091779999999999,0.019719612661617356,14.563987215214006,432,108,3.164
port2,0.3,10,25,-0.004407888869599865,0.006473709999999998,0.02030665985993546,11.486235815065063,426,114,3.271
port2,0.3,10,23,-0.0043828387249675695,0.00643442,0.020104334112526615,11.265548872943368,451,89,4.093
port2,0.3,10,26,-0.004303064114742683,0.006317680000000005,0.01994257466304353,12.264012782387107,445,95,3.797
port2,0.3,10,28,-0.00434743157407652,0.0063865599999999995,0.020261657214508903,12.512521019189098,450,90,3.758
port2,0.3,10,27,-0.0042143153663202195,0.00622316,0.021748305196787256,19.544037933402787,463,77,3.859
port2,0.3,10,30,-0.00440145952352586,0.0064725600000000005,0.020763146556189365,13.136788361533611,445,95,3.45
port2,0.3,10,29,-0.004337067396354726,0.00636059,0.019608297873202736,10.345819517940166,447,93,4.192
port2,0.3,15,1,-0.004319025185387691,0.006328600000000004,0.019234934763974868,9.239287591121329,646,139,5.766
port2,0.3,15,2,-0.0044442477751451956,0.006524909999999999,0.02026402599475275,10.626229500617972,649,136,5.303
port2,0.3,15,3,-0.004396104057147049,0.006444943736052941,0.01960922895730548,9.160664478775107,648,137,5.356
port2,0.3,15,5,-0.0044155645827864696,0.006463539999999999,0.019053732548902306,6.495205307846518,647,138,5.374
port2,0.3,15,4,-0.004422820820343271,0.00650533,0.020889405580878335,13.131993787553853,632,153,5.49
port2,0.3,15,7,-0.004424129118278548,0.006487223728762889,0.01974229738872641,9.110119871043315,647,138,5.211
port2,0.3,15,6,-0.004438369882817753,0.0065293,0.020987307051505037,13.145039208170962,642,143,5.954
port2,0.3,15,8,-0.004405227411213433,0.006459487232261188,0.019698870641858116,9.32278370676125,657,128,5.737
port2,0.3,15,10,-0.004412026902280731,0.006479799999999997,0.020316913948667387,11.441019463195905,646,139,5.188
port2,0.3,15,11,-0.004366153675259028,0.006421549999999999,0.020730920926719687,13.710484195082802,645,140,5.128
port2,0.3,15,12,-0.00444663110920621,0.006527330000000001,0.020207250414458464,10.378299330518242,629,156,4.808
port2,0.3,15,9,-0.004405852712512698,0.00644947,0.01904173376974032,6.644441499294784,656,129,6.626
port2,0.3,15,15,-0.004447723160980263,0.006529829999999998,0.02026144442199965,10.54910809242894,639,146,4.58
port2,0.3,15,13,-0.004441438712970728,0.00652174,0.020312499192145297,10.851350793290779,668,117,5.34
port2,0.3,15,14,-0.0043820546275924075,0.006435479999999999,0.02023045331569805,11.72618776121638,627,158,5.615
port2,0.3,15,16,-0.004434765747620119,0.00652115,0.020819802463030355,12.681348650382999,653,132,4.997
port2,0.3,15,19,-0.004393310005679029,0.00645649,0.020512841044978743,12.472396095602468,628,157,4.464
port2,0.3,15,22,-0.0044257768690238375,0.006477389999999999,0.019008430671341756,6.088370568884634,641,144,4.596
port2,0.3,15,20,-0.00443750572008084,0.006515709999999998,0.020288854076327942,10.8454000260938,631,154,4.884
port2,0.3,15,17,-0.004440019772979201,0.006530729999999999,0.02093571326870248,12.950999447673354,644,141,6.532
port2,0.3,15,21,-0.00442165312725951,0.0064924900000000035,0.020255852877665688,11.039657424903472,648,137,5.083
port2,0.3,15,23,-0.004448451769693626,0.006543839999999999,0.020994938303185766,12.977456907165754,647,138,5.057
port2,0.3,15,18,-0.004436276581864894,0.006503856411461945,0.019699653648263885,8.703140510287703,638,147,6.691
port2,0.3,15,25,-0.004439467632382654,0.00653082,0.0209846267234965,13.115760489594141,615,170,4.464
port2,0.3,15,24,-0.004407177781164735,0.006472530000000001,0.020297226315867705,11.46735027762538,632,153,6.232
port2,0.3,15,26,-0.004421408964145049,0.006493559999999997,0.020337406902466524,11.32898666967051,640,145,5.333
port2,0.3,15,29,-0.004414217925050353,0.006488570000000001,0.020638239181161235,12.484735673154445,648,137,4.544
port2,0.3,15,28,-0.004406706863408574,0.006482669999999999,0.02090949836728324,13.502836446390711,652,133,5.251
port2,0.3,15,30,-0.004434236787062902,0.0065201799999999996,0.020807788040146366,12.652776572345896,655,130,4.641
port2,0.3,15,27,-0.004430264089071337,0.006516919999999999,0.020942772096729248,13.15904735719708,671,114,5.957
port2,0.3,25,1,-0.004444984597726758,0.00652576,0.020252358074492754,10.570615496963637,1035,240,7.467
port2,0.3,25,3,-0.004461488041686836,0.006553863588497794,0.020511498422561326,11.147463286357837,1010,265,7.579
port2,0.3,25,4,-0.004455852795608049,0.006546425995309635,0.02054632173964444,11.374490866580222,992,283,7.655
port2,0.3,25,5,-0.004449216047604698,0.006522818646007008,0.01972789941514359,8.552640883269994,1031,244,8.38
port2,0.3,25,2,-0.004463018906611214,0.006556884291391276,0.02055886648648051,11.278278144793251,980,295,9.449
port2,0.3,25,6,-0.004460415392484011,0.006552708687269475,0.020532956322671554,11.241034511190172,1023,252,8.962
port2,0.3,25,12,-0.00446188375871231,0.006554697650833151,0.020526779002959072,11.191684929349694,975,300,7.094
port2,0.3,25,9,-0.004445435162395876,0.006516273028431203,0.019660108299631027,8.366161462303277,1015,260,8.216
port2,0.3,25,7,-0.004454667027104827,0.006551819999999999,0.020944925630103677,12.701334587375626,998,277,9.365
port2,0.3,25,10,-0.00445418212315723,0.00655242,0.021016808895323893,12.937325402858038,993,282,8.688
port2,0.3,25,11,-0.004450668147607966,0.00653399,0.020258730825007502,10.481883262827449,1014,261,8.783
port2,0.3,25,8,-0.004441539004346839,0.006511191585040333,0.019688838223842525,8.555817406812332,1035,240,10.304
port2,0.3,25,15,-0.004461488041686836,0.006553863588497794,0.020511498422561326,11.147463286357837,996,279,7.41
port2,0.3,25,14,-0.0044585815144497455,0.00655914,0.02104095098850915,12.92951452924132,993,282,7.878
port2,0.3,25,13,-0.004454667027104827,0.006551819999999999,0.020944925630103677,12.701334587375626,1042,233,8.652
port2,0.3,25,17,-0.004458587063332109,0.006550274195707397,0.02054303399071233,11.310502940306339,1012,263,7.595
port2,0.3,25,16,-0.004456713168319011,0.006547881459181252,0.020559170955064168,11.401194512681965,999,276,8.976
port2,0.3,25,19,-0.004436177669348095,0.0065258,0.020966825435427355,13.122325509758495,995,280,7.071
port2,0.3,25,20,-0.0044584592096584795,0.006549337434324409,0.02050016214314785,11.167578342844452,996,279,7.706
port2,0.3,25,21,-0.004451586488694682,0.006536410000000002,0.020322443365674802,10.688003052128627,1012,263,7.571
port2,0.3,25,22,-0.004446734674063846,0.006518721312864049,0.01969519780225519,8.476187758603013,981,294,7.88
port2,0.3,25,18,-0.00445295773843433,0.006541412483843871,0.020496422472908123,11.26146259763475,996,279,9.309
port2,0.3,25,24,-0.004442433776075516,0.006511488180526184,0.019630584156091136,8.311387851712134,979,296,7.797
port2,0.3,25,23,-0.004459873814376954,0.00655213990316018,0.020544595220736348,11.290890205079759,1016,259,8.474
port2,0.3,25,26,-0.004457678153109478,0.006549362576604744,0.02056499051898991,11.402146473306857,1016,259,8.157
port2,0.3,25,25,-0.00445372875209967,0.0065421721328095365,0.020476957852425724,11.180214095715009,940,335,9.392
port2,0.3,25,28,-0.004443666907976014,0.00652551,0.020346178349097487,10.925325168424957,1041,234,8.189
port2,0.3,25,30,-0.0044588015814980165,0.006546159999999999,0.020290426190856806,10.434663309471373,975,300,7.042
port2,0.3,25,27,-0.004455449292639465,0.00655414,0.021011798856875225,12.897542970812461,1043,232,10.145
port2,0.3,25,29,-0.004445562702211258,0.006527359999999999,0.02029690434431972,10.716167398219829,1016,259,8.108
port2,0.3,50,2,-0.004463018906611214,0.006556884291391276,0.02055886648648051,11.278278144793251,1295,1205,10.963
port2,0.3,50,4,-0.0044608054601694746,0.0065535427496048355,0.020548679159004303,11.286672760102505,1400,1100,10.716
port2,0.3,50,6,-0.0044608054601694746,0.0065535427496048355,0.020548679159004303,11.286672760102505,1367,1133,11.061
port2,0.3,50,5,-0.004461488041686836,0.006553863588497794,0.020511498422561326,11.147463286357837,1647,853,12.085
port2,0.3,50,1,-0.004463018906611214,0.006556884291391276,0.02055886648648051,11.278278144793251,1813,687,14.008
port2,0.3,50,3,-0.004463018906611214,0.006556884291391276,0.02055886648648051,11.278278144793251,1542,958,13.157
port2,0.3,50,9,-0.00446188375871231,0.006554697650833151,0.020526779002959072,11.191684929349694,1430,1070,10.891
port2,0.3,50,10,-0.004463018906611214,0.006556884291391276,0.02055886648648051,11.278278144793251,1473,1027,11.089
port2,0.3,50,12,-0.00446188375871231,0.006554697650833151,0.020526779002959072,11.191684929349694,1260,1240,10.785
port2,0.3,50,7,-0.00446188375871231,0.006554697650833151,0.020526779002959072,11.191684929349694,1725,775,13.543
port2,0.3,50,8,-0.004458697838799799,0.006549874991623211,0.020511350949856066,11.201001547276022,1706,794,12.698
port2,0.3,50,11,-0.004461488041686836,0.006553863588497794,0.020511498422561326,11.147463286357837,1532,968,12.113
port2,0.3,50,14,-0.004463018906611214,0.006556884291391276,0.02055886648648051,11.278278144793251,1427,1073,10.454
port2,0.3,50,13,-0.0044598900718066286,0.006552704118391189,0.02057529352299373,11.394077474407194,1695,805,12.676
port2,0.3,50,15,-0.004463018906611214,0.006556884291391276,0.02055886648648051,11.278278144793251,1497,1003,11.521
port2,0.3,50,17,-0.004463018906611214,0.006556884291391276,0.02055886648648051,11.278278144793251,1417,1083,11.711
port2,0.3,50,16,-0.004461488041686836,0.006553863588497794,0.020511498422561326,11.147463286357837,1618,882,12.327
port2,0.3,50,18,-0.004463018906611214,0.006556884291391276,0.02055886648648051,11.278278144793251,1451,1049,12.321
port2,0.3,50,20,-0.004463018906611214,0.006556884291391276,0.02055886648648051,11.278278144793251,1397,1103,10.452
port2,0.3,50,23,-0.00446188375871231,0.006554697650833151,0.020526779002959072,11.191684929349694,1463,1037,10.325
port2,0.3,50,19,-0.004463018906611214,0.006556884291391276,0.02055886648648051,11.278278144793251,1697,803,12.531
port2,0.3,50,22,-0.004463018906611214,0.006556884291391276,0.02055886648648051,11.278278144793251,1575,925,12.057
port2,0.3,50,21,-0.004463018906611214,0.006556884291391276,0.02055886648648051,11.278278144793251,1655,845,13.174
port2,0.3,50,24,-0.004463018906611214,0.006556884291391276,0.02055886648648051,11.278278144793251,1716,784,14.101
port2,0.3,50,25,-0.004461488041686836,0.006553863588497794,0.020511498422561326,11.147463286357837,1536,964,11.885
port2,0.3,50,27,-0.0044608054601694746,0.0065535427496048355,0.020548679159004303,11.286672760102505,1501,999,12.796
port2,0.3,50,26,-0.00446188375871231,0.006554697650833151,0.020526779002959072,11.191684929349694,1616,884,14.245
port2,0.3,50,30,-0.0044592304530257,0.006547170000000008,0.020313258968327724,10.506585807261473,1389,1111,12.455
port2,0.3,50,29,-0.0044592304530257,0.006547170000000008,0.020313258968327724,10.506585807261473,1699,801,13.634
port2,0.3,50,28,-0.004459873814376954,0.00655213990316018,0.020544595220736348,11.290890205079759,1769,731,14.893
port2,0.3,100,2,-0.004463018906611214,0.006556884291391276,0.02055886648648051,11.278278144793251,1519,3431,12.748
port2,0.3,100,1,-0.004463018906611214,0.006556884291391276,0.02055886648648051,11.278278144793251,2135,2815,17.569
port2,0.3,100,3,-0.004463018906611214,0.006556884291391276,0.02055886648648051,11.278278144793251,1813,3137,16.234
port2,0.3,100,4,-0.0044608054601694746,0.0065535427496048355,0.020548679159004303,11.286672760102505,1636,3314,15.668
port2,0.3,100,6,-0.004463018906611214,0.006556884291391276,0.02055886648648051,11.278278144793251,1725,3225,15.604
port2,0.3,100,5,-0.004463018906611214,0.006556884291391276,0.02055886648648051,11.278278144793251,2116,2834,17.998
port2,0.3,100,9,-0.00446188375871231,0.006554697650833151,0.020526779002959072,11.191684929349694,1734,3216,16.079
port2,0.3,100,10,-0.004463018906611214,0.006556884291391276,0.02055886648648051,11.278278144793251,1900,3050,15.679
port2,0.3,100,12,-0.00446188375871231,0.006554697650833151,0.020526779002959072,11.191684929349694,1525,3425,14.064
port2,0.3,100,11,-0.004463018906611214,0.006556884291391276,0.02055886648648051,11.278278144793251,1963,2987,16.596
port2,0.3,100,7,-0.004463018906611214,0.006556884291391276,0.02055886648648051,11.278278144793251,2360,2590,23.59
port2,0.3,100,14,-0.004463018906611214,0.006556884291391276,0.02055886648648051,11.278278144793251,1689,3261,14.298
port2,0.3,100,8,-0.004463018906611214,0.006556884291391276,0.02055886648648051,11.278278144793251,2656,2294,22.186
port2,0.3,100,15,-0.004463018906611214,0.006556884291391276,0.02055886648648051,11.278278144793251,1751,3199,14.883
port2,0.3,100,13,-0.004463018906611214,0.006556884291391276,0.02055886648648051,11.278278144793251,2132,2818,20.066
port2,0.3,100,18,-0.004463018906611214,0.006556884291391276,0.02055886648648051,11.278278144793251,1729,3221,13.71
port2,0.3,100,17,-0.004463018906611214,0.006556884291391276,0.02055886648648051,11.278278144793251,1722,3228,14.141
port2,0.3,100,16,-0.004463018906611214,0.006556884291391276,0.02055886648648051,11.278278144793251,2142,2808,19.599
port2,0.3,100,20,-0.004463018906611214,0.006556884291391276,0.02055886648648051,11.278278144793251,1610,3340,12.778
port2,0.5,10,1,-0.003016256893798519,0.0063999999999999994,0.0191699299008359,7.930832566719255,442,98,3.911
port2,0.3,100,19,-0.004463018906611214,0.006556884291391276,0.02055886648648051,11.278278144793251,2048,2902,17.388
port2,0.3,100,21,-0.004463018906611214,0.006556884291391276,0.02055886648648051,11.278278144793251,1996,2954,18.446
port2,0.3,100,22,-0.004463018906611214,0.006556884291391276,0.02055886648648051,11.278278144793251,2029,2921,17.524
port2,0.5,10,2,-0.0030536664956815184,0.00646781,0.01898623208108876,6.125709651562811,456,84,3.547
port2,0.5,10,3,-0.003017692990265434,0.00646911600473719,0.020826186021600836,13.399972407221956,442,98,3.427
port2,0.3,100,23,-0.004463018906611214,0.006556884291391276,0.02055886648648051,11.278278144793251,1914,3036,18.606
port2,0.3,100,25,-0.004461488041686836,0.006553863588497794,0.020511498422561326,11.147463286357837,1813,3137,16.703
port2,0.5,10,4,-0.0029565054328051636,0.0062981999999999995,0.019626235869103184,11.2972791392785,461,79,4.1
port2,0.3,100,26,-0.00446188375871231,0.006554697650833151,0.020526779002959072,11.191684929349694,1910,3040,16.948
port2,0.5,10,5,-0.00298953245960731,0.006378590462160626,0.019988135054226686,11.593538184578795,453,87,3.64
port2,0.3,100,27,-0.0044608054601694746,0.0065535427496048355,0.020548679159004303,11.286672760102505,1818,3132,16.705
port2,0.5,10,6,-0.0030299281433550044,0.006495468915253433,0.02087133509250005,13.201991809708819,452,88,3.211
port2,0.3,100,24,-0.004463018906611214,0.006556884291391276,0.02055886648648051,11.278278144793251,1983,2967,18.605
port2,0.5,10,7,-0.002932135787295719,0.006283172426770392,0.020467067503161136,14.661820920743425,435,105,3.464
port2,0.5,10,8,-0.002978911590733451,0.006370010852594429,0.02030240555026733,12.8885601458235,451,89,3.445
port2,0.3,100,30,-0.004463018906611214,0.006556884291391276,0.02055886648648051,11.278278144793251,1736,3214,15.322
port2,0.5,10,9,-0.0028907058292266647,0.006130810000000002,0.018692200018902854,9.709745637950832,437,103,4.27
port2,0.5,10,10,-0.0030341902450221653,0.00642529,0.018892048855422443,6.310933373838245,447,93,3.741
port2,0.5,10,12,-0.0030205313060525057,0.006467610000000001,0.02065302369860134,12.819440320516373,428,112,3.849
port2,0.5,10,13,-0.0030455871169038037,0.006472247353247605,0.0195210942172819,8.408877639040623,450,90,3.68
port2,0.5,10,11,-0.0030300088036020047,0.00649839,0.020937344454251848,13.387588863545178,458,82,4.215
port2,0.5,10,14,-0.0029253731550729356,0.0062517300000000005,0.02002457714545126,13.488472070251518,442,98,3.742
port2,0.3,100,28,-0.004463018906611214,0.006556884291391276,0.02055886648648051,11.278278144793251,2338,2612,19.498
port2,0.5,10,15,-0.0030561109280589816,0.006491885749307803,0.01948496582470289,7.978521296667133,447,93,4.309
port2,0.3,100,29,-0.004463018906611214,0.006556884291391276,0.02055886648648051,11.278278144793251,2096,2854,20.235
port2,0.5,10,16,-0.0028887502216723726,0.0061816128047436246,0.02010254614219003,14.745378319222718,429,111,4.62
port2,0.5,10,17,-0.0030419088562480072,0.006453180000000001,0.019218800365891374,7.381734401646083,446,94,3.787
port2,0.5,10,19,-0.0030539471301378653,0.006472529999999999,0.019095437667785136,6.55380473991613,436,104,3.479
port2,0.5,10,20,-0.003029774519131597,0.006433262171041173,0.01933166140759707,8.158078369301473,442,98,3.278
port2,0.5,10,21,-0.0030303743116666957,0.00641918,0.01893228397913494,6.585130739553966,435,105,3.607
port2,0.5,10,24,-0.0029861884811442,0.006342539999999999,0.019239621558429832,9.059577080538029,432,108,3.422
port2,0.5,10,18,-0.0030616268886569436,0.006495084248386842,0.019282906188460156,7.062722567025084,449,91,4.688
port2,0.5,10,22,-0.00305985973327676,0.006490201555931368,0.019247911299095512,6.978921108749439,451,89,3.855
port2,0.5,10,23,-0.0029854915868255125,0.006375871616084362,0.020121839936579764,12.138845615423598,451,89,3.85
port2,0.5,10,26,-0.003038649697085138,0.006508469164469367,0.020764627863245972,12.660029726160754,455,85,3.816
port2,0.5,10,25,-0.00294821676673998,0.0062752599999999995,0.019463464915580656,10.961037160271005,441,99,4.342
port2,0.5,10,27,-0.003022840472598122,0.006482760000000001,0.020906435726918086,13.49124450890855,446,94,4.13
port2,0.5,10,28,-0.0030230546026108434,0.00640922,0.019055466270294006,7.2888157452637525,449,91,3.969
port2,0.5,10,29,-0.0030651049770537347,0.006510831670995747,0.0195095288740727,7.814015332931607,451,89,4.44
port2,0.5,10,30,-0.0028927878746974342,0.006204080000000015,0.020457376435045253,15.7024248939558,430,110,4.173
port2,0.5,15,1,-0.003038711750401635,0.006449999999999999,0.01930224078175202,7.791826852908443,638,147,5.419
port2,0.5,15,3,-0.003054436898238853,0.006478033728431001,0.01921353512379475,7.00175811002083,640,145,4.98
port2,0.5,15,6,-0.003071929230919895,0.006523369668625941,0.019481047373951715,7.515570423503354,641,144,5.205
port2,0.5,15,2,-0.0030678049072028293,0.006515185967060933,0.01948271420144727,7.638678864063321,627,158,5.648
port2,0.5,15,7,-0.0030612703690142623,0.006503778383448627,0.019525307818830964,7.980417671751485,631,154,5.088
port2,0.5,15,4,-0.0030265004492222173,0.0064582,0.020129557907603575,11.033709026473657,650,135,6.167
port2,0.5,15,8,-0.003059728363398018,0.006489716022051303,0.019242122940446728,6.960370249128886,638,147,5.776
port2,0.5,15,9,-0.0030641760326177623,0.006500917958531252,0.01930196604741929,7.062710694319489,632,153,5.376
port2,0.5,15,5,-0.003014247937021479,0.006420840000000001,0.01980767845955305,10.301225568690944,648,137,7.382
port2,0.5,15,11,-0.003066687971175811,0.006516665676394196,0.019577786750360086,8.01857633274609,639,146,5.405
port2,0.5,15,12,-0.0030331120132116385,0.00649331,0.0206660584915635,12.5189530615507,599,186,6.132
port2,0.5,15,10,-0.003041974268176973,0.006445770000000001,0.01902160518058492,6.606709385368953,639,146,7.852
port2,0.5,15,13,-0.003065903878505367,0.006514055324396943,0.019551152584597383,7.943800930733811,651,134,5.72
port2,0.5,15,14,-0.0030633649306982466,0.006511158408689565,0.019606849499424234,8.2174940469751,642,143,5.707
port2,0.5,15,15,-0.0030642704673021527,0.0065079945821313705,0.01947957000364908,7.727275683129129,639,146,6.709
port2,0.5,15,16,-0.0029983158715911513,0.0063713699999999995,0.019358157371446697,9.154375392696089,615,170,6.802
port2,0.5,15,18,-0.0030616268886569436,0.006495084248386842,0.019282906188460156,7.062722567025084,637,148,6.223
port2,0.5,15,20,-0.0030714489170286926,0.0065246919989919265,0.01953955385710078,7.744639159916267,617,168,5.704
port2,0.5,15,17,-0.0030489615720195417,0.006466789999999997,0.019205906798714666,7.129477201601631,608,177,6.722
port2,0.5,15,19,-0.003058449296049018,0.006480949999999999,0.01908013123387685,6.363068336283754,629,156,6.889
port2,0.5,15,21,-0.003062954304009313,0.006499372589628528,0.019325216211207065,7.186226410003845,627,158,6.603
port2,0.5,15,22,-0.00305985973327676,0.006490201555931368,0.019247911299095512,6.978921108749439,646,139,6.565
port2,0.5,15,24,-0.003025712304782331,0.00647548,0.020592605236718766,12.499845262417548,621,164,6.319
port2,0.5,15,23,-0.003030180676708339,0.006470039999999998,0.020240519918799525,11.289886062973201,642,143,7.342
port2,0.5,15,27,-0.0030642043886591887,0.006509582138596359,0.019523661574560792,7.891363343670953,630,155,5.069
port2,0.5,15,28,-0.0030620944940637747,0.006505381385924049,0.01952414909276457,7.952856466178273,649,136,5.342
port2,0.5,15,25,-0.0030324628441262317,0.006483949999999999,0.020470083335138996,11.94577855653894,626,159,7.476
port2,0.5,15,29,-0.0030667079903806587,0.006514997782987442,0.019534118926281905,7.858823289901623,640,145,5.927
port2,0.5,15,30,-0.0030047111041821175,0.006409759999999999,0.02000844300878416,11.239708670645143,629,156,5.819
port2,0.5,15,26,-0.0030506092157836597,0.006533606766225383,0.020793949472336003,12.424846749669465,658,127,8.362
port2,0.5,25,1,-0.003066602793431907,0.006503828382389038,0.019251566053836336,6.799734161191577,1006,269,9.434
port2,0.5,25,3,-0.00307191639138494,0.006523206629161469,0.01947752156696508,7.502873486572052,968,307,8.466
port2,0.5,25,2,-0.0030705000323400216,0.00652254931406983,0.019533285678292506,7.748508616154866,911,364,9.039
port2,0.5,25,4,-0.003057224957719822,0.006486060355954783,0.019277200017511358,7.166860520794309,1020,255,10.065
port2,0.5,25,5,-0.003062379560168836,0.006507514848659745,0.01956414394554674,8.090678890304849,1050,225,9.475
port2,0.5,25,8,-0.003070737100534939,0.0065229561764106655,0.019531563566207083,7.73549057873237,1004,271,8.062
port2,0.5,25,6,-0.00307409521260602,0.006528477821109704,0.01950095884559692,7.52781341770048,986,289,9.528
port2,0.5,25,11,-0.0030700216389464696,0.00652202482656196,0.019544348253882023,7.8025482342998655,869,406,7.716
port2,0.5,25,7,-0.0030734410098242257,0.006527048509157038,0.019497858587767702,7.5349012868864955,1010,265,9.149
port2,0.5,25,9,-0.003065826651204729,0.006502205936550942,0.019249743742229,6.814950929187272,964,311,8.905
port2,0.5,25,10,-0.0030629243583884668,0.006506844025607399,0.01951910112762534,7.910885490235562,1025,250,9.785
port2,0.5,25,12,-0.0030745690123055243,0.006530585938575496,0.01953069158950724,7.623886519695987,966,309,9.485
port2,0.5,25,13,-0.0030719499697279534,0.0065265834852171,0.019562299091906203,7.813613474182473,1034,241,10.966
port2,0.5,25,15,-0.0030709612833731297,0.006521611641300896,0.0194856119881988,7.559907965293192,1004,271,10.638
port2,0.5,25,14,-0.0030700898515028836,0.006521526864458,0.019528112081105855,7.741140485953622,1019,256,10.998
port2,0.5,25,16,-0.0030662548870799876,0.006512171375644242,0.019484907017593554,7.690726060331666,977,298,9.985
port2,0.5,25,18,-0.0030745690123055243,0.006530585938575496,0.01953069158950724,7.623886519695987,987,288,9.22
port2,0.5,25,19,-0.0030697532581333412,0.006520979035911162,0.019531321502767776,7.762435644194428,927,348,9.663
port2,0.5,25,22,-0.003070834626307544,0.006514268704835537,0.01930283534148413,6.875656308103916,1017,258,9.998
port2,0.5,25,17,-0.003070354952721002,0.006522417373225404,0.01953733522728725,7.767449146952097,902,373,11.422
port2,0.5,25,23,-0.0030568304707119455,0.006545584251604956,0.020782764738625725,12.225315964611132,997,278,9.387
port2,0.5,25,20,-0.0030745690123055243,0.006530585938575496,0.01953069158950724,7.623886519695987,969,306,12.533
port2,0.5,25,21,-0.003070849203910922,0.006513434642500179,0.019280462512044017,6.789406463849013,972,303,12.848
port2,0.5,25,24,-0.0030679475627843926,0.00651748381880953,0.01953429530955096,7.824406662954092,984,291,14.19
port2,0.5,25,25,-0.003067832380835429,0.006515767682611598,0.019496228377323097,7.687802367711359,987,288,10.361
port2,0.5,25,26,-0.003069760576287709,0.0065186918984048185,0.01947230715219437,7.544701098004776,976,299,10.599
port2,0.5,25,27,-0.0030661805472870845,0.006516690776769291,0.019604328149546987,8.129010678216357,992,283,10.967
port2,0.5,25,29,-0.003070059169848664,0.00651974461888292,0.019484000594990517,7.579524157909138,1009,266,9.737
port2,0.5,25,30,-0.0030703991877916842,0.006519117405005137,0.019450424916226543,7.445282569226545,1009,266,9.753
port2,0.5,25,28,-0.003070606055829592,0.006521446826347067,0.019499608064981324,7.6216761257777215,1001,274,12.737
port2,0.5,50,3,-0.0030745690123055243,0.006530585938575496,0.01953069158950724,7.623886519695987,1422,1078,16.143
port2,0.5,50,1,-0.003070849203910922,0.006513434642500179,0.019280462512044017,6.789406463849013,1441,1059,17.076
port2,0.5,50,2,-0.0030745690123055243,0.006530585938575496,0.01953069158950724,7.623886519695987,1336,1164,17.375
port2,0.5,50,6,-0.00307409521260602,0.006528477821109704,0.01950095884559692,7.52781341770048,1316,1184,12.71
port2,0.5,50,7,-0.0030734410098242257,0.006527048509157038,0.019497858587767702,7.5349012868864955,1347,1153,12.436
port2,0.5,50,5,-0.0030745690123055243,0.006530585938575496,0.01953069158950724,7.623886519695987,1871,629,18.296
port2,0.5,50,11,-0.0030745690123055243,0.006530585938575496,0.01953069158950724,7.623886519695987,1264,1236,11.97
port2,0.5,50,4,-0.0030745690123055243,0.006530585938575496,0.01953069158950724,7.623886519695987,1738,762,18.781
port2,0.5,50,9,-0.003072565150806554,0.006524225557488899,0.01947036866306826,7.4579505493677125,1639,861,14.548
port2,0.5,50,8,-0.003073076552049474,0.006527305915179931,0.01952313527794608,7.638352550855072,1715,785,16.153
port2,0.5,50,10,-0.0030745690123055243,0.006530585938575496,0.01953069158950724,7.623886519695987,1747,753,16.469
port2,0.5,50,12,-0.0030745690123055243,0.006530585938575496,0.01953069158950724,7.623886519695987,1440,1060,14.673
port2,0.5,50,14,-0.0030745690123055243,0.006530585938575496,0.01953069158950724,7.623886519695987,1604,896,14.303
port2,0.5,50,17,-0.003073076552049474,0.006527305915179931,0.01952313527794608,7.638352550855072,1406,1094,12.141
port2,0.5,50,13,-0.0030745690123055243,0.006530585938575496,0.01953069158950724,7.623886519695987,1693,807,14.817
port2,0.5,50,20,-0.0030745690123055243,0.006530585938575496,0.01953069158950724,7.623886519695987,1382,1118,11.563
port2,0.5,50,16,-0.0030719499697279534,0.0065265834852171,0.019562299091906203,7.813613474182473,1541,959,13.956
port2,0.5,50,15,-0.0030745690123055243,0.006530585938575496,0.01953069158950724,7.623886519695987,1657,843,15.25
port2,0.5,50,18,-0.0030745690123055243,0.006530585938575496,0.01953069158950724,7.623886519695987,1327,1173,12.54
port2,0.5,50,19,-0.0030745690123055243,0.006530585938575496,0.01953069158950724,7.623886519695987,1440,1060,15.35
port2,0.5,50,21,-0.0030745690123055243,0.006530585938575496,0.01953069158950724,7.623886519695987,1410,1090,14.679
port2,0.5,50,22,-0.003073076552049474,0.006527305915179931,0.01952313527794608,7.638352550855072,1689,811,14.172
port2,0.5,50,24,-0.0030745690123055243,0.006530585938575496,0.01953069158950724,7.623886519695987,1588,912,17.126
port2,0.5,50,23,-0.0030745690123055243,0.006530585938575496,0.01953069158950724,7.623886519695987,1792,708,18.325
port2,0.5,50,26,-0.003073076552049474,0.006527305915179931,0.01952313527794608,7.638352550855072,1424,1076,12.674
port2,0.5,50,27,-0.0030730524492043267,0.006526333674954691,0.019499455801279108,7.55180626384574,1575,925,13.291
port2,0.5,50,28,-0.0030745690123055243,0.006530585938575496,0.01953069158950724,7.623886519695987,1529,971,12.945
port2,0.5,50,29,-0.0030740616210880867,0.006527505580884464,0.019477739568756196,7.442844359920991,1514,986,14.399
port2,0.5,100,1,-0.003070849203910922,0.006513434642500179,0.019280462512044017,6.789406463849013,1675,3275,14.874
port2,0.5,50,25,-0.0030745690123055243,0.006530585938575496,0.01953069158950724,7.623886519695987,1717,783,17.969
port2,0.5,50,30,-0.0030740616210880867,0.006527505580884464,0.019477739568756196,7.442844359920991,1794,706,17.027
port2,0.5,100,2,-0.0030745690123055243,0.006530585938575496,0.01953069158950724,7.623886519695987,1616,3334,15.464
port2,0.5,100,3,-0.0030745690123055243,0.006530585938575496,0.01953069158950724,7.623886519695987,1661,3289,15.765
port2,0.5,100,6,-0.00307409521260602,0.006528477821109704,0.01950095884559692,7.52781341770048,1545,3405,13.863
port2,0.5,100,4,-0.0030745690123055243,0.006530585938575496,0.01953069158950724,7.623886519695987,2105,2845,21.02
port2,0.5,100,7,-0.0030740616210880867,0.006527505580884464,0.019477739568756196,7.442844359920991,1674,3276,17.402
port2,0.5,100,5,-0.0030745690123055243,0.006530585938575496,0.01953069158950724,7.623886519695987,2278,2672,21.14
port2,0.5,100,11,-0.0030745690123055243,0.006530585938575496,0.01953069158950724,7.623886519695987,1518,3432,16.499
port2,0.5,100,8,-0.0030745690123055243,0.006530585938575496,0.01953069158950724,7.623886519695987,2212,2738,20.223
port2,0.5,100,12,-0.0030745690123055243,0.006530585938575496,0.01953069158950724,7.623886519695987,1683,3267,16.216
port2,0.5,100,9,-0.0030745690123055243,0.006530585938575496,0.01953069158950724,7.623886519695987,2197,2753,20.438
port2,0.5,100,10,-0.0030745690123055243,0.006530585938575496,0.01953069158950724,7.623886519695987,2033,2917,20.205
port2,0.5,100,14,-0.0030745690123055243,0.006530585938575496,0.01953069158950724,7.623886519695987,1901,3049,18.321
port2,0.5,100,13,-0.0030745690123055243,0.006530585938575496,0.01953069158950724,7.623886519695987,2039,2911,20.915
port2,0.5,100,15,-0.0030745690123055243,0.006530585938575496,0.01953069158950724,7.623886519695987,2229,2721,20.7
port2,0.5,100,17,-0.0030745690123055243,0.006530585938575496,0.01953069158950724,7.623886519695987,1700,3250,16.634
port2,0.5,100,16,-0.0030745690123055243,0.006530585938575496,0.01953069158950724,7.623886519695987,2032,2918,18.886
port2,0.5,100,18,-0.0030745690123055243,0.006530585938575496,0.01953069158950724,7.623886519695987,1551,3399,15.142
port2,0.5,100,19,-0.0030745690123055243,0.006530585938575496,0.01953069158950724,7.623886519695987,1790,3160,17.202
port2,0.5,100,20,-0.0030745690123055243,0.006530585938575496,0.01953069158950724,7.623886519695987,1604,3346,16.438
port2,0.5,100,21,-0.0030745690123055243,0.006530585938575496,0.01953069158950724,7.623886519695987,1665,3285,16.197
port2,0.7,10,2,-0.0016865765342379449,0.0065000100000000005,0.01939905983591015,7.496670629097865,432,108,4.293
port2,0.7,10,3,-0.0016005010706337938,0.006154388064545772,0.01873939123610774,9.577278788036164,433,107,4.025
port2,0.7,10,1,-0.00163020398877262,0.0063152899999999994,0.01943424853291514,10.272030390310972,435,105,5.387
port2,0.5,100,22,-0.003073076552049474,0.006527305915179931,0.01952313527794608,7.638352550855072,1965,2985,21.438
port2,0.5,100,26,-0.0030745690123055243,0.006530585938575496,0.01953069158950724,7.623886519695987,1841,3109,17.214
port2,0.5,100,23,-0.0030745690123055243,0.006530585938575496,0.01953069158950724,7.623886519695987,2299,2651,22.259
port2,0.5,100,24,-0.0030745690123055243,0.006530585938575496,0.01953069158950724,7.623886519695987,1973,2977,21.161
port2,0.7,10,5,-0.0016343780491572737,0.006351204254702267,0.019675337254448665,10.748595772364956,445,95,3.836
port2,0.5,100,25,-0.0030745690123055243,0.006530585938575496,0.01953069158950724,7.623886519695987,2110,2840,19.781
port2,0.7,10,4,-0.0016403928332228363,0.00638417,0.019815512205526686,10.84441830397744,445,95,4.916
port2,0.7,10,6,-0.0016480344380934808,0.006426029999999998,0.019991947018255657,10.950765532503617,442,98,4.416
port2,0.7,10,7,-0.0015463728790609155,0.006001020000000001,0.019046301513457924,13.154963501588027,436,104,4.112
port2,0.7,10,8,-0.0016034063966148442,0.0062378999999999985,0.019565406913557393,11.903671268183608,436,104,4.288
port2,0.7,10,9,-0.0015934942908572172,0.00606447,0.017962131163040254,7.187144143890056,459,81,4.225
port2,0.7,10,10,-0.0015961334326615097,0.006109954955337836,0.018394605340380222,8.633301594487909,444,96,5.194
port2,0.7,10,11,-0.0015488118117874948,0.006042832645979225,0.019421563200520665,14.092655360954913,438,102,4.87
port2,0.7,10,13,-0.0016556088904315814,0.006476758728564145,0.020263222425216654,11.282769274914832,459,81,4.263
port2,0.7,10,12,-0.0016457771789118662,0.006400216687369204,0.019794942618864456,10.538856583936187,445,95,5.301
port2,0.7,10,14,-0.0016790716071987417,0.006441209999999993,0.01902221981943584,6.675568447005337,447,93,4.444
port2,0.7,10,15,-0.001664382584899924,0.00638609,0.018952738780604318,7.159853057007253,450,90,4.486
port2,0.5,100,29,-0.0030745690123055243,0.006530585938575496,0.01953069158950724,7.623886519695987,1877,3073,20.315
port2,0.5,100,28,-0.0030745690123055243,0.006530585938575496,0.01953069158950724,7.623886519695987,1811,3139,21.142
port2,0.7,10,16,-0.001620766047937456,0.00625688,0.019134783289024217,9.838075800729683,444,96,4.351
port2,0.7,10,17,-0.0016488316262650432,0.0063359800000000015,0.018972249423639696,7.976265376939127,454,86,4.281
port2,0.5,100,27,-0.0030745690123055243,0.006530585938575496,0.01953069158950724,7.623886519695987,2419,2531,23.765
port2,0.7,10,19,-0.0016935805390033809,0.006501476589154797,0.019155843485290362,6.4079756062981215,426,114,4.01
port2,0.7,10,20,-0.0016760195188477794,0.006434789999999999,0.01906445762415425,6.959476753914938,440,100,3.971
port2,0.7,10,18,-0.0015872524049002253,0.00610793,0.01871311973302515,10.141397102925922,443,97,5.365
port2,0.7,10,22,-0.0016792630360269443,0.006460429999999999,0.01923040613095594,7.328761103513902,435,105,3.978
port2,0.7,10,21,-0.0015956029330836104,0.0061568002532013475,0.01895246470503034,10.492035948308384,450,90,4.548
port2,0.5,100,30,-0.0030745690123055243,0.006530585938575496,0.01953069158950724,7.623886519695987,2253,2697,22.959
port2,0.7,10,24,-0.0016686013093237119,0.00642872,0.019273026698185817,7.9694375293317385,439,101,3.967
port2,0.7,10,23,-0.0016613802175688918,0.0063561799999999995,0.018726367294391102,6.551422726576075,453,87,4.635
port2,0.7,10,26,-0.001584368114993441,0.0060555311614688455,0.01821660284494077,8.59306391370522,444,96,4.114
port2,0.7,10,25,-0.001650223859647781,0.00640973749136552,0.01973746936166536,10.176399463733208,457,83,4.435
port2,0.7,10,27,-0.0016701171116071261,0.00639332,0.018817882391600434,6.43415015778563,456,84,5.17
port2,0.7,10,29,-0.0015422114436537565,0.00607978032928031,0.02006142905927891,16.001564582210897,446,94,4.158
port2,0.7,10,28,-0.0016746159061524536,0.00642135,0.018965724491737605,6.70657862759091,455,85,5.181
port2,0.7,10,30,-0.0016767799336274496,0.00642528,0.0189285901056935,6.479396812956873,438,102,4.06
port2,0.7,15,1,-0.001654549684410033,0.006445225395100675,0.019964895410271986,10.579728930038403,623,162,6.091
port2,0.7,15,2,-0.001688500949937451,0.0065108200000000005,0.019447550343811185,7.550809817158875,616,169,5.988
port2,0.7,15,5,-0.0016660919536683047,0.006370579151129171,0.018711409493768646,6.269297566397757,649,136,6.026
port2,0.7,15,3,-0.00165376208973959,0.0064442144461994595,0.019982215096724956,10.661037542688296,630,155,6.299
port2,0.7,15,6,-0.0016597187787489318,0.00647793730518263,0.020130375512992345,10.76493201642745,638,147,6.04
port2,0.7,15,7,-0.0015861652966854675,0.0062520444947137335,0.020334630971699935,14.617030293771903,622,163,5.782
port2,0.7,15,4,-0.001671024212608601,0.006435909999999996,0.01926316942440746,7.823597780072045,646,139,7.217
port2,0.7,15,8,-0.0016828313322292015,0.006469249999999999,0.019196118200258187,7.050840618527547,640,145,6.138
port2,0.7,15,10,-0.0016838028234042427,0.006443594867111352,0.018870825431608274,5.94552867043256,636,149,5.613
port2,0.7,15,9,-0.0016843096385805573,0.006465780000000001,0.019102145033606025,6.681437845804973,652,133,6.622
port2,0.7,15,12,-0.0016755769638404146,0.006459689999999999,0.01935864650521036,7.897177062250612,644,141,5.812
port2,0.7,15,11,-0.0016781541876646432,0.006416149999999999,0.018772731452651407,5.8885332148397165,636,149,6.54
port2,0.7,15,13,-0.0016857291994908815,0.006476027613432803,0.0191639201380004,6.810340731773916,645,140,6.02
port2,0.7,15,14,-0.0016837822852330629,0.006449819999999988,0.01894215686794682,6.184707874072946,637,148,6.172
port2,0.7,15,15,-0.0016880512458209613,0.006485699999999998,0.01918551366373815,6.7673723277228435,643,142,5.559
port2,0.7,15,16,-0.0016744112419949005,0.0064119605210489015,0.01886708828772514,6.389989519131969,624,161,6.612
port2,0.7,15,19,-0.0016941476054322421,0.006498236957382092,0.019098372473006532,6.19594472114562,609,176,5.786
port2,0.7,15,18,-0.0016771563178943436,0.006461419999999998,0.01931948247257365,7.70337733616018,629,156,6.395
port2,0.7,15,17,-0.0016681772715082556,0.0064222299999999975,0.019216500665973198,7.81586649417688,657,128,7.117
port2,0.7,15,20,-0.0016760195188477794,0.006434789999999999,0.01906445762415425,6.959476753914938,640,145,6.774
port2,0.7,15,21,-0.0016642652897565931,0.006365013164244838,0.01871739677858385,6.379374779325225,641,144,6.373
port2,0.7,15,22,-0.0016899150942007984,0.006477669999999998,0.01902576845826289,6.16350167208355,639,146,5.89
port2,0.7,15,23,-0.0016895153446842824,0.006492529999999999,0.01920727746438528,6.765901564966594,652,133,5.92
port2,0.7,15,24,-0.0016858012124648493,0.006487988799646871,0.019294537621869362,7.215118586590213,644,141,5.612
port2,0.7,15,26,-0.0016793564248538259,0.006437248684453401,0.018966819918787303,6.480604891088624,637,148,5.704
port2,0.7,15,27,-0.0016779294569822401,0.00642271,0.018855978325104217,6.1814974797394004,654,131,6.204
port2,0.7,15,25,-0.0016727832815300228,0.00641818,0.018998899158709833,6.903588338233557,660,125,6.682
port2,0.7,15,30,-0.0016909909627539233,0.0064824999999999995,0.019039771804082593,6.157399195496598,629,156,5.603
port2,0.7,15,29,-0.0015665318437009601,0.006072139999999998,0.019090392359173747,12.313032620658898,636,149,6.36
port2,0.7,15,28,-0.0016882182928912171,0.006478699999999997,0.019100923953298415,6.489465509274784,657,128,6.57
port2,0.7,25,2,-0.0016929470908483223,0.006511318066286714,0.019289091256003157,6.8575898095338,988,287,9.349
port2,0.7,25,1,-0.0016941123304138562,0.0065026113061388705,0.019148706089364493,6.35962293931923,997,278,10.101
port2,0.7,25,6,-0.0016908001535109669,0.006490262440304758,0.019134060079213297,6.4717785861730865,1014,261,8.975
port2,0.7,25,5,-0.0016910529285043573,0.006483249999999999,0.019045887126157908,6.174383782823478,1007,268,9.22
port2,0.7,25,3,-0.001695297759882221,0.0065112651088218764,0.01920125638613795,6.470065998405993,978,297,9.659
port2,0.7,25,4,-0.0016917843137050743,0.006509622055460835,0.019313293088040116,6.987813770721,993,282,9.67
port2,0.7,25,7,-0.0016310356511839786,0.00626816866647438,0.018876097839722224,8.529977428967594,1015,260,9.656
port2,0.7,25,8,-0.0016908849434430187,0.0064992900000000004,0.01923174669123135,6.777264941331474,998,277,9.314
port2,0.7,25,9,-0.0016937393287601535,0.006512981464244422,0.0192782301541392,6.7860763781270705,1010,265,9.408
port2,0.7,25,10,-0.0016922980690904981,0.006484669999999998,0.019015141745067327,6.013537940044532,1016,259,9.031
port2,0.7,25,12,-0.00169288718022314,0.006503267283073129,0.01920167420895522,6.586808092977747,1013,262,9.101
port2,0.7,25,11,-0.0016889196290184256,0.00647735,0.019059507225738122,6.321641279801131,998,277,10.11
port2,0.7,25,15,-0.0016907780035022673,0.006499960658981994,0.0192431878184883,6.818199771510121,1034,241,8.83
port2,0.7,25,18,-0.0016906861320920346,0.0064990099999999995,0.01923601042345786,6.800131909941249,1014,261,8.832
port2,0.7,25,16,-0.0016922191912400253,0.00649713,0.019157982624183997,6.480119303591742,999,276,9.278
port2,0.7,25,17,-0.0016917946105519947,0.00650703745603049,0.01928421361251414,6.89742522518174,1042,233,10.344
port2,0.7,25,13,-0.001695059353609374,0.00651376849380986,0.019238027613987588,6.597418837218291,1017,258,11.151
port2,0.7,25,14,-0.0016940460607684517,0.006508909991729871,0.01922152575891749,6.593974141787657,1009,266,11.018
port2,0.7,25,20,-0.001690421587138741,0.006478089999999999,0.019011478219420837,6.09215819254054,991,284,8.808
port2,0.7,25,19,-0.001695059353609374,0.00651376849380986,0.019238027613987588,6.597418837218291,921,354,9.407
port2,0.7,25,22,-0.001692557219669742,0.006488229999999999,0.019045501168452147,6.100555392627114,959,316,8.983
port2,0.7,25,23,-0.0016951043855143672,0.006503443091901984,0.019120988544985538,6.2229615647075365,979,296,9.206
port2,0.7,25,24,-0.0016897744323565768,0.00649133,0.01918424084068645,6.680774191007377,1004,271,9.272
port2,0.7,25,21,-0.001692574330003619,0.006495969999999999,0.019131748855777526,6.379141938124402,1052,223,12.524
port2,0.7,25,25,-0.0016910236888779857,0.00648916,0.019113357749490825,6.394561320420529,1052,223,9.667
port2,0.7,25,26,-0.0016917667727514374,0.0064987199999999995,0.019192603755783588,6.611786386539529,984,291,9.451
port2,0.7,25,27,-0.0016885210198474634,0.00648267,0.01913411240065154,6.581424336922672,1022,253,9.755
port2,0.7,25,28,-0.001692365313303858,0.006498262115830017,0.01916519618792457,6.496094512503995,1030,245,9.291
port2,0.7,25,29,-0.00169396974743856,0.006497682744416242,0.019098806091567704,6.205905075125934,1008,267,10.401
port2,0.7,25,30,-0.0016951043855143672,0.006503443091901984,0.019120988544985538,6.2229615647075365,971,304,11.034
port2,0.7,50,1,-0.001695624100652861,0.006510563486859599,0.01918127604145768,6.391033659224968,1387,1113,13.33
port2,0.7,50,3,-0.001695297759882221,0.0065112651088218764,0.01920125638613795,6.470065998405993,1449,1051,14.098
port2,0.7,50,5,-0.0016941667470977036,0.0065052355249513374,0.01917602336206404,6.444177983264711,1394,1106,12.632
port2,0.7,50,4,-0.0016940729988446789,0.006509247204951619,0.019224283848478387,6.6013733341872305,1493,1007,15.036
port2,0.7,50,2,-0.0016942576651538877,0.0065156092065323315,0.019288230934425575,6.792428020402982,1695,805,17.055
port2,0.7,50,6,-0.001695297759882221,0.0065112651088218764,0.01920125638613795,6.470065998405993,1699,801,16.688
port2,0.7,50,9,-0.001695624100652861,0.006510563486859599,0.01918127604145768,6.391033659224968,1493,1007,14.082
port2,0.7,50,7,-0.001695624100652861,0.006510563486859599,0.01918127604145768,6.391033659224968,1622,878,15.244
port2,0.7,50,8,-0.001695297759882221,0.0065112651088218764,0.01920125638613795,6.470065998405993,1740,760,17.3
port2,0.7,50,10,-0.001695624100652861,0.006510563486859599,0.01918127604145768,6.391033659224968,1691,809,16.315
port2,0.7,50,11,-0.001695624100652861,0.006510563486859599,0.01918127604145768,6.391033659224968,1760,740,16.572
port2,0.7,50,12,-0.001695624100652861,0.006510563486859599,0.01918127604145768,6.391033659224968,1675,825,16.089
port2,0.7,50,13,-0.001695624100652861,0.006510563486859599,0.01918127604145768,6.391033659224968,1514,986,14.459
port2,0.7,50,14,-0.001695624100652861,0.006510563486859599,0.01918127604145768,6.391033659224968,1546,954,14.76
port2,0.7,50,16,-0.001695624100652861,0.006510563486859599,0.01918127604145768,6.391033659224968,1556,944,14.529
port2,0.7,50,15,-0.001695297759882221,0.0065112651088218764,0.01920125638613795,6.470065998405993,1712,788,16.681
port2,0.7,50,17,-0.001695624100652861,0.006510563486859599,0.01918127604145768,6.391033659224968,1656,844,15.017
port2,0.7,50,19,-0.001695624100652861,0.006510563486859599,0.01918127604145768,6.391033659224968,1231,1269,12.112
port2,0.7,50,20,-0.0016944032968999332,0.006502928255007243,0.019141397903953764,6.322242362808154,1703,797,15.429
port2,0.7,50,18,-0.0016951043855143672,0.006503443091901984,0.019120988544985538,6.2229615647075365,1782,718,17.102
port2,0.7,50,23,-0.0016951043855143672,0.006503443091901984,0.019120988544985538,6.2229615647075365,1321,1179,12.41
port2,0.7,50,22,-0.0016951043855143672,0.006503443091901984,0.019120988544985538,6.2229615647075365,1422,1078,15.213
port2,0.7,50,21,-0.0016951043855143672,0.006503443091901984,0.019120988544985538,6.2229615647075365,1798,702,17.3
port2,0.7,50,24,-0.0016943641145093832,0.006500495949499965,0.019115613302092944,6.24121717450899,1711,789,16.2
port2,0.7,50,25,-0.001695059353609374,0.00651376849380986,0.019238027613987588,6.597418837218291,1684,816,17.06
port2,0.7,50,26,-0.0016951043855143672,0.006503443091901984,0.019120988544985538,6.2229615647075365,1569,931,15.523
port2,0.7,50,29,-0.001695624100652861,0.006510563486859599,0.01918127604145768,6.391033659224968,1546,954,18.381
port2,0.7,50,30,-0.001695624100652861,0.006510563486859599,0.01918127604145768,6.391033659224968,1482,1018,18.12
port2,0.7,50,28,-0.001695624100652861,0.006510563486859599,0.01918127604145768,6.391033659224968,1696,804,21.22
port2,0.7,50,27,-0.001695059353609374,0.00651376849380986,0.019238027613987588,6.597418837218291,1748,752,22.769
port2,0.7,100,1,-0.001695624100652861,0.006510563486859599,0.01918127604145768,6.391033659224968,1637,3313,21.153
port2,0.7,100,3,-0.001695624100652861,0.006510563486859599,0.01918127604145768,6.391033659224968,1847,3103,22.697
port2,0.7,100,5,-0.0016951043855143672,0.006503443091901984,0.019120988544985538,6.2229615647075365,1993,2957,23.482
port2,0.7,100,6,-0.001695624100652861,0.006510563486859599,0.01918127604145768,6.391033659224968,2077,2873,24.085
port2,0.7,100,4,-0.001695624100652861,0.006510563486859599,0.01918127604145768,6.391033659224968,2028,2922,27.091
port2,0.7,100,2,-0.001695624100652861,0.006510563486859599,0.01918127604145768,6.391033659224968,2116,2834,29.179
port2,0.7,100,7,-0.001695624100652861,0.006510563486859599,0.01918127604145768,6.391033659224968,1972,2978,24.168
port2,0.7,100,8,-0.001695624100652861,0.006510563486859599,0.01918127604145768,6.391033659224968,2136,2814,24.781
port2,0.7,100,9,-0.001695624100652861,0.006510563486859599,0.01918127604145768,6.391033659224968,1794,3156,20.655
port2,0.7,100,10,-0.001695624100652861,0.006510563486859599,0.01918127604145768,6.391033659224968,2014,2936,22.458
port2,0.7,100,12,-0.001695624100652861,0.006510563486859599,0.01918127604145768,6.391033659224968,2097,2853,22.442
port2,0.7,100,11,-0.001695624100652861,0.006510563486859599,0.01918127604145768,6.391033659224968,2129,2821,23.829
port2,0.7,100,13,-0.001695624100652861,0.006510563486859599,0.01918127604145768,6.391033659224968,1769,3181,19.182
port2,0.7,100,14,-0.001695624100652861,0.006510563486859599,0.01918127604145768,6.391033659224968,1790,3160,18.499
port2,0.7,100,16,-0.001695624100652861,0.006510563486859599,0.01918127604145768,6.391033659224968,1842,3108,17.905
port2,0.7,100,19,-0.001695624100652861,0.006510563486859599,0.01918127604145768,6.391033659224968,1499,3451,15.225
port2,0.7,100,17,-0.001695624100652861,0.006510563486859599,0.01918127604145768,6.391033659224968,1957,2993,18.533
port2,0.7,100,15,-0.001695624100652861,0.006510563486859599,0.01918127604145768,6.391033659224968,2178,2772,21.284
port2,0.7,100,18,-0.001695624100652861,0.006510563486859599,0.01918127604145768,6.391033659224968,2190,2760,21.239
port2,0.7,100,22,-0.001695624100652861,0.006510563486859599,0.01918127604145768,6.391033659224968,1799,3151,17.522
port2,0.7,100,21,-0.001695624100652861,0.006510563486859599,0.01918127604145768,6.391033659224968,2252,2698,21.147
port2,0.9,10,1,-0.00032353311099409134,0.00623292351445842,0.01825009103331179,6.082859690371212,449,91,4.989
port2,0.7,100,23,-0.001695624100652861,0.006510563486859599,0.01918127604145768,6.391033659224968,1746,3204,17.487
port2,0.7,100,20,-0.001695624100652861,0.006510563486859599,0.01918127604145768,6.391033659224968,2486,2464,25.259
port2,0.9,10,2,-0.0003290606060369975,0.006206759542757064,0.018000473704838028,5.209386268598591,432,108,4.703
port2,0.9,10,3,-0.0003189884470617554,0.0060544107200453485,0.017840423043775224,6.712846952110249,455,85,4.686
port2,0.9,10,4,-0.0003268332205126863,0.006254619868800755,0.018215645484259125,5.583043191830727,443,97,4.38
port2,0.7,100,24,-0.001695624100652861,0.006510563486859599,0.01918127604145768,6.391033659224968,2187,2763,20.838
port2,0.9,10,5,-0.000329618425960046,0.006139258287585906,0.01777349471039967,5.048884118170951,440,100,4.933
port2,0.7,100,26,-0.001695624100652861,0.006510563486859599,0.01918127604145768,6.391033659224968,2097,2853,20.48
port2,0.9,10,6,-0.0003035906300977774,0.00593798825367391,0.017956991682895287,9.09712687741549,454,86,4.725
port2,0.9,10,7,-0.00031948479560887694,0.005945939601816693,0.01748361660313233,6.385545408931282,441,99,4.899
port2,0.7,100,25,-0.001695059353609374,0.00651376849380986,0.019238027613987588,6.597418837218291,2329,2621,23.512
port2,0.9,10,8,-0.0003154092965616867,0.006291350234799618,0.018670408164266405,7.2434683365572266,433,107,4.416
port2,0.9,10,9,-0.00030747536944763566,0.0059504297574221095,0.017875110140906203,8.4924184003582,455,85,4.604
port2,0.9,10,10,-0.00030334650898358246,0.0056934041070453925,0.01719153220890889,8.51508255050615,446,94,5.089
port2,0.7,100,29,-0.001695624100652861,0.006510563486859599,0.01918127604145768,6.391033659224968,1815,3135,17.926
port2,0.7,100,28,-0.001695624100652861,0.006510563486859599,0.01918127604145768,6.391033659224968,2004,2946,18.902
port2,0.9,10,11,-0.0003211512863350214,0.006133060671303127,0.018017114727554996,6.420218603146453,436,104,4.543
port2,0.7,100,30,-0.001695624100652861,0.006510563486859599,0.01918127604145768,6.391033659224968,1850,3100,18.674
port2,0.9,10,12,-0.00031272701666785563,0.006047682860035076,0.018013614275370595,7.705262335138707,450,90,5.643
port2,0.9,10,14,-0.00031990860529147345,0.005882137527859797,0.017266060076040833,6.050587423737031,431,109,4.789
port2,0.9,10,13,-0.000286901128288246,0.0051927461290901455,0.016068377662033673,8.746613794598359,448,92,6.294
port2,0.7,100,27,-0.001695624100652861,0.006510563486859599,0.01918127604145768,6.391033659224968,2248,2702,22.192
port2,0.9,10,16,-0.00027906613495269194,0.0058170546035074926,0.01833755482906465,12.753072253650952,435,105,4.698
port2,0.9,10,15,-0.00032289090921103593,0.0062319802027637,0.018266761285196977,6.180064348471057,450,90,5.727
port2,0.9,10,17,-0.00031901002444418994,0.006010029189028137,0.017701001053255706,6.664292194854749,450,90,5.105
port2,0.9,10,18,-0.0003107946997716622,0.006161363899053155,0.018419243865939454,7.982733271532095,442,98,5.468
port2,0.9,10,20,-0.00032466456532773244,0.006233580440321084,0.018217619026779052,5.910546500060636,443,97,5.347
port2,0.9,10,21,-0.00032138375016128667,0.005825430452286437,0.01703458231126568,5.497789574527738,456,84,5.241
port2,0.9,10,19,-0.00033223877961374184,0.006130048800272991,0.017662455485940826,4.57486698689912,442,98,6.086
port2,0.9,10,22,-0.0003342251759287959,0.006064487225070748,0.017391682129949324,3.9841492524961613,446,94,5.377
port2,0.9,10,24,-0.00033591346286754406,0.006050338501965269,0.017292271469872268,3.607648596612288,455,85,4.688
port2,0.9,10,23,-0.00032964224531816715,0.005877325831192801,0.016934197412373474,4.085486167302396,430,110,4.924
port2,0.9,10,26,-0.0003187031937651035,0.005793775221996892,0.017018758553581252,5.884964087324492,444,96,5.001
port2,0.9,10,25,-0.00032529611201106084,0.006290158372640293,0.01837025752111785,5.818856935546102,444,96,5.287
port2,0.9,10,27,-0.00032761068888427345,0.005980106143278617,0.01733333094370458,4.9406903817862196,438,102,5.376
port2,0.9,10,29,-0.0003277094993538829,0.00612917955512235,0.017801637133151294,5.355031403652187,448,92,4.678
port2,0.9,10,28,-0.0003256458475018261,0.005909693252437634,0.017169853352830593,5.03465194015976,446,94,5.478
port2,0.9,10,30,-0.0003239400328221925,0.0059289226125383366,0.017286868119138585,5.45214336086566,428,112,4.535
port2,0.9,15,2,-0.00033462424470904274,0.006081717906322826,0.017433924334253854,3.969486663735928,613,172,6.382
port2,0.9,15,3,-0.0003244218706797959,0.006074418242108094,0.017733206563801687,5.837094517469907,644,141,6.716
port2,0.9,15,1,-0.00033216514286948956,0.006112295043965028,0.01760884757182571,4.534547607875491,644,141,7.678
port2,0.9,15,4,-0.0003334503070530936,0.006149698412691642,0.01768613814438586,4.407530135283681,641,144,6.41
port2,0.9,15,5,-0.0003344172117514496,0.006159782082833266,0.017687440507379398,4.257539665632628,631,154,6.762
port2,0.9,15,8,-0.00033786402893393495,0.006159204005189352,0.017577016925045427,3.6156351792038284,614,171,6.139
port2,0.9,15,7,-0.000329986841680302,0.006117534901011436,0.01769389877333243,4.956203618934049,632,153,6.622
port2,0.9,15,6,-0.00032917968964785193,0.005911025163468967,0.017059465495698815,4.338967412796317,646,139,7.567
port2,0.9,15,9,-0.00033510598684296665,0.006104269320625419,0.017490344803779128,3.9556016347004297,644,141,6.443
port2,0.9,15,10,-0.00033378804171775334,0.006206628777930377,0.017853565970456068,4.4377165652640835,637,148,6.391
port2,0.9,15,11,-0.0003350185144512522,0.006122849755802669,0.01755203252329784,4.033032893009788,624,161,7.219
port2,0.9,15,12,-0.0003342788785178712,0.006104678167583304,0.017517893653203703,4.112983507460473,645,140,6.558
port2,0.9,15,13,-0.00029080892062087536,0.005166325079064472,0.0158402997756977,7.583748686997135,647,138,7.047
port2,0.9,15,16,-0.0003267357543958884,0.005985902221509071,0.017379888369255955,5.1324415131594625,626,159,6.386
port2,0.9,15,14,-0.00033175439062635973,0.006034346613114292,0.017374319193218905,4.346935210262723,629,156,7.144
port2,0.9,15,15,-0.0003325844409557046,0.006104219070899862,0.01757009663333577,4.43039830599931,641,144,7.273
port2,0.9,15,17,-0.00032885547529381995,0.006214185144922005,0.018029698931312076,5.247569116837235,645,140,7.059
port2,0.9,15,18,-0.00033168965935132444,0.006099628623559306,0.017583868965130957,4.583901987941979,628,157,7.241
port2,0.9,15,20,-0.0003320893392148888,0.006170169675168782,0.017792870866413794,4.675038220727794,636,149,7.418
port2,0.9,15,19,-0.0003356383323000773,0.006089600249583917,0.01742672572861434,3.8044714712037186,624,161,7.937
port2,0.9,15,22,-0.0003366762284620415,0.006083125443719317,0.017372913652832292,3.583901876363493,638,147,7.782
port2,0.9,15,21,-0.0003348668073013047,0.0061705547205696525,0.017707144344575237,4.204894604318606,635,150,8.28
port2,0.9,15,23,-0.00033484910442184716,0.0060524414612279556,0.0173331744127634,3.820242045651206,613,172,7.136
port2,0.9,15,24,-0.00033676025084428883,0.0061023247626558145,0.01743152397944255,3.63607366067032,645,140,7.576
port2,0.9,15,25,-0.00033372693533301076,0.0062118489940762335,0.017871702153423458,4.45408876197619,636,149,7.574
port2,0.9,15,27,-0.000331340274500039,0.0059423571648824,0.01709111016445557,4.052087958287622,612,173,6.889
port2,0.9,15,28,-0.0003273044988857353,0.0058720967318780445,0.016993631954420427,4.53067420924115,630,155,6.822
port2,0.9,15,26,-0.00033234531790525654,0.006147735682777423,0.017714659665952932,4.600003193681405,632,153,8.384
port2,0.9,15,29,-0.0003350973752293546,0.006148473079293556,0.01763046393477938,4.097964499787048,648,137,7.236
port2,0.9,15,30,-0.0003350193549148064,0.0061454153613662715,0.01762328577075168,4.103245892010761,622,163,8.56
port2,0.9,25,5,-0.0003385733406837361,0.006082280032534723,0.017309427828329605,3.218383995018605,992,283,10.197
port2,0.9,25,3,-0.000337211622728496,0.006125489909197167,0.017490866447988113,3.629571940238407,1022,253,11.109
port2,0.9,25,1,-0.0003381180747885149,0.006098443993390725,0.017375791734177422,3.3645903073960692,989,286,11.979
port2,0.9,25,2,-0.00034004994577610764,0.0061010907537900755,0.017322404554760217,3.0062983371326806,982,293,11.941
port2,0.9,25,6,-0.0003394117519360707,0.006111093397293676,0.01737487291059185,3.1640820021841494,1018,257,10.863
port2,0.9,25,4,-0.00033997974214504547,0.006054029451666269,0.017173079806021372,2.8370389185876674,1009,266,11.662
port2,0.9,25,8,-0.0003401097081990716,0.006108645128699685,0.017344701549941756,3.0226118573071723,995,280,10.418
port2,0.9,25,7,-0.0003386924563404455,0.006071005542674761,0.01726937230819124,3.152681759155851,995,280,11.62
port2,0.9,25,11,-0.0003393399200131751,0.006089615010671586,0.017308366026416992,3.099220075925957,990,285,10.819
port2,0.9,25,9,-0.0003382687038197216,0.006060833834134046,0.017250271482362335,3.1947667664386374,1019,256,12.309
port2,0.9,25,10,-0.00033872594715404693,0.006094402659522303,0.017343404727836367,3.2341723758459042,986,289,12.633
port2,0.9,25,12,-0.0003379434377679635,0.0061129483397831565,0.01742767263770633,3.4489070216547515,1000,275,11.064
port2,0.9,25,13,-0.00033784160955854954,0.006083493959371267,0.0173367876807472,3.362826689131858,1022,253,11.499
port2,0.9,25,17,-0.00033632615617257825,0.006162785594729883,0.01763684285492572,3.9124856643827512,1008,267,10.229
port2,0.9,25,14,-0.0003394697888678637,0.006032267742037283,0.01711909217919716,2.845831132228275,997,278,11.556
port2,0.9,25,15,-0.0003383206838672254,0.006062139942776961,0.017252803650114716,3.18985375622149,994,281,12.003
port2,0.9,25,18,-0.0003398773302481195,0.006096015375225179,0.017311659759775205,3.020424719225365,993,282,11.538
port2,0.9,25,16,-0.00034025274559488204,0.006067078759646542,0.01720643065735637,2.8368462309575406,969,306,13.276
port2,0.9,25,19,-0.0003391269560067622,0.0060389095344722836,0.01715174100137638,2.940376413776773,993,282,11.414
port2,0.9,25,21,-0.0003397516092911592,0.0060995967545799026,0.017327180515877713,3.0576814850498155,1026,249,11.662
port2,0.9,25,22,-0.00034179626105594667,0.00605799036402619,0.017127066796502492,2.5010950439613198,986,289,11.59
port2,0.9,25,20,-0.000337076584898969,0.006133696031209014,0.017521194093691603,3.6819086162394483,1004,271,12.944
port2,0.9,25,23,-0.00034179626105594667,0.00605799036402619,0.017127066796502492,2.5010950439613198,966,309,10.831
port2,0.9,25,24,-0.00034179626105594667,0.00605799036402619,0.017127066796502492,2.5010950439613198,952,323,13.729
port2,0.9,25,26,-0.0003380755021110266,0.006152102587959546,0.017547863329411294,3.5539368800284774,991,284,11.238
port2,0.9,25,25,-0.00033872594715404693,0.006094402659522303,0.017343404727836367,3.2341723758459042,992,283,12.202
port2,0.9,25,27,-0.00033994571654555545,0.006062618856424758,0.01720194333649933,2.878319505060657,924,351,12.125
port2,0.9,25,28,-0.00033577515882655983,0.006067295009911879,0.017351091613582118,3.698094710274072,1005,270,11.672
port2,0.9,25,29,-0.0003390547947888608,0.006095730086152649,0.017337121824006683,3.1763385695703157,1000,275,13.442
port2,0.9,25,30,-0.00034179626105594667,0.00605799036402619,0.017127066796502492,2.5010950439613198,1010,265,14.53
port2,0.9,50,1,-0.0003413028169531002,0.00604648324495069,0.017105733526834692,2.548757235261932,1440,1060,17.198
port2,0.9,50,2,-0.00034179609691703587,0.00609573812383679,0.017249080988937834,2.6522685956094643,1523,977,19.579
port2,0.9,50,5,-0.0003415505208321501,0.006038202113805081,0.017070757665550555,2.465104166005371,1541,959,20.072
port2,0.9,50,8,-0.00034179626105594667,0.00605799036402619,0.017127066796502492,2.5010950439613198,1441,1059,16.843
port2,0.9,50,4,-0.0003415505208321501,0.006038202113805081,0.017070757665550555,2.465104166005371,1604,896,23.074
port2,0.9,50,3,-0.0003406442432615534,0.006029265682449769,0.017071168839219452,2.6036441179030017,1879,621,25.25
port2,0.9,50,6,-0.0003413028169531002,0.00604648324495069,0.017105733526834692,2.548757235261932,1547,953,21.21
port2,0.9,50,7,-0.0003406442432615534,0.006029265682449769,0.017071168839219452,2.6036441179030017,1556,944,21.897
port2,0.9,50,11,-0.00034179609691703587,0.00609573812383679,0.017249080988937834,2.6522685956094643,1621,879,19.95
port2,0.9,50,9,-0.00034179626105594667,0.00605799036402619,0.017127066796502492,2.5010950439613198,1855,645,22.817
port2,0.9,50,10,-0.0003415505208321501,0.006038202113805081,0.017070757665550555,2.465104166005371,1648,852,23.379
port2,0.9,50,13,-0.00034179609691703587,0.00609573812383679,0.017249080988937834,2.6522685956094643,1636,864,18.661
port2,0.9,50,12,-0.00034179609691703587,0.00609573812383679,0.017249080988937834,2.6522685956094643,1810,690,22.782
port2,0.9,50,14,-0.0003415505208321501,0.006038202113805081,0.017070757665550555,2.465104166005371,1640,860,19.038
port2,0.9,50,16,-0.00034179626105594667,0.00605799036402619,0.017127066796502492,2.5010950439613198,1372,1128,16.659
port2,0.9,50,15,-0.0003410925747267227,0.006078051460776472,0.017214740820036385,2.7184734227415985,1800,700,22.185
port2,0.9,50,19,-0.0003415505208321501,0.006038202113805081,0.017070757665550555,2.465104166005371,1587,913,18.155
port2,0.9,50,23,-0.00034179626105594667,0.00605799036402619,0.017127066796502492,2.5010950439613198,1315,1185,14.365
port2,0.9,50,17,-0.00034179609691703587,0.00609573812383679,0.017249080988937834,2.6522685956094643,1767,733,21.551
port2,0.9,50,18,-0.0003415505208321501,0.006038202113805081,0.017070757665550555,2.465104166005371,1638,862,19.79
port2,0.9,50,22,-0.00034179626105594667,0.00605799036402619,0.017127066796502492,2.5010950439613198,1397,1103,15.587
port2,0.9,50,21,-0.00034179626105594667,0.00605799036402619,0.017127066796502492,2.5010950439613198,1420,1080,16.488
port2,0.9,50,20,-0.00034179626105594667,0.00605799036402619,0.017127066796502492,2.5010950439613198,1666,834,19.026
port2,0.9,50,24,-0.00034179626105594667,0.00605799036402619,0.017127066796502492,2.5010950439613198,1188,1312,12.967
port2,0.9,50,27,-0.00034179626105594667,0.00605799036402619,0.017127066796502492,2.5010950439613198,1317,1183,14.838
port2,0.9,50,25,-0.00034179626105594667,0.00605799036402619,0.017127066796502492,2.5010950439613198,1718,782,20.99
port2,0.9,50,26,-0.00034179609691703587,0.00609573812383679,0.017249080988937834,2.6522685956094643,1778,722,20.061
port2,0.9,50,30,-0.00034179626105594667,0.00605799036402619,0.017127066796502492,2.5010950439613198,1358,1142,14.731
port2,0.9,50,28,-0.00034179626105594667,0.00605799036402619,0.017127066796502492,2.5010950439613198,1660,840,17.842
port2,0.9,50,29,-0.0003407048402626185,0.006090397271876594,0.017267016950277096,2.840918685710532,1726,774,21.743
port2,0.9,100,5,-0.00034179626105594667,0.00605799036402619,0.017127066796502492,2.5010950439613198,1872,3078,20.046
port2,0.9,100,2,-0.00034179626105594667,0.00605799036402619,0.017127066796502492,2.5010950439613198,1878,3072,21.882
port2,0.9,100,4,-0.00034179626105594667,0.00605799036402619,0.017127066796502492,2.5010950439613198,1971,2979,21.824
port2,0.9,100,6,-0.00034179626105594667,0.00605799036402619,0.017127066796502492,2.5010950439613198,2003,2947,22.768
port2,0.9,100,1,-0.0003413028169531002,0.00604648324495069,0.017105733526834692,2.548757235261932,1867,3083,24.573
port2,0.9,100,3,-0.0003406442432615534,0.006029265682449769,0.017071168839219452,2.6036441179030017,2225,2725,24.804
port2,0.9,100,8,-0.00034179626105594667,0.00605799036402619,0.017127066796502492,2.5010950439613198,1805,3145,20.372
port2,0.9,100,7,-0.0003415505208321501,0.006038202113805081,0.017070757665550555,2.465104166005371,1812,3138,23.908
port2,0.9,100,10,-0.0003415505208321501,0.006038202113805081,0.017070757665550555,2.465104166005371,2009,2941,22.079
port2,0.9,100,11,-0.00034179626105594667,0.00605799036402619,0.017127066796502492,2.5010950439613198,2074,2876,23.129
port2,0.9,100,9,-0.00034179626105594667,0.00605799036402619,0.017127066796502492,2.5010950439613198,2270,2680,27.811
port2,0.9,100,14,-0.0003415505208321501,0.006038202113805081,0.017070757665550555,2.465104166005371,1897,3053,20.863
port2,0.9,100,16,-0.00034179626105594667,0.00605799036402619,0.017127066796502492,2.5010950439613198,1715,3235,22.132
port2,0.9,100,18,-0.00034179626105594667,0.00605799036402619,0.017127066796502492,2.5010950439613198,1962,2988,21.839
port2,0.9,100,17,-0.00034179609691703587,0.00609573812383679,0.017249080988937834,2.6522685956094643,2054,2896,22.833
port2,0.9,100,13,-0.00034179626105594667,0.00605799036402619,0.017127066796502492,2.5010950439613198,2083,2867,26.077
port2,0.9,100,12,-0.00034179626105594667,0.00605799036402619,0.017127066796502492,2.5010950439613198,2333,2617,28.044
port2,0.9,100,19,-0.00034179626105594667,0.00605799036402619,0.017127066796502492,2.5010950439613198,1961,2989,22.219
port2,0.9,100,15,-0.00034179626105594667,0.00605799036402619,0.017127066796502492,2.5010950439613198,2471,2479,31.363
port2,0.9,100,22,-0.00034179626105594667,0.00605799036402619,0.017127066796502492,2.5010950439613198,1638,3312,18.354
port2,0.9,100,21,-0.00034179626105594667,0.00605799036402619,0.017127066796502492,2.5010950439613198,1821,3129,21.003
port2,0.9,100,20,-0.00034179626105594667,0.00605799036402619,0.017127066796502492,2.5010950439613198,2069,2881,25.985
port2,0.9,100,23,-0.00034179626105594667,0.00605799036402619,0.017127066796502492,2.5010950439613198,1602,3348,18.414
port2,0.9,100,24,-0.00034179626105594667,0.00605799036402619,0.017127066796502492,2.5010950439613198,1414,3536,17.239
port2,0.9,100,27,-0.00034179626105594667,0.00605799036402619,0.017127066796502492,2.5010950439613198,1693,3257,18.57
port2,0.9,100,25,-0.00034179626105594667,0.00605799036402619,0.017127066796502492,2.5010950439613198,2062,2888,21.826
port2,0.9,100,30,-0.00034179626105594667,0.00605799036402619,0.017127066796502492,2.5010950439613198,1626,3324,16.167
port2,0.9,100,28,-0.00034179626105594667,0.00605799036402619,0.017127066796502492,2.5010950439613198,2146,2804,22.328
port2,0.9,100,26,-0.00034179626105594667,0.00605799036402619,0.017127066796502492,2.5010950439613198,2286,2664,23.017
port2,0.9,100,29,-0.00034179626105594667,0.00605799036402619,0.017127066796502492,2.5010950439613198,2254,2696,22.892
port3,0.1,10,4,-0.005350184207716108,0.0060049399999999985,0.02329416070260776,8.865840330578424,452,88,3.089
port3,0.1,10,7,-0.005331394985629592,0.00598553,0.023575838133650027,9.874254573625619,455,85,3.103
port3,0.1,10,6,-0.005422931625997788,0.006087929999999998,0.023707672598171952,8.662308043122536,455,85,3.133
port3,0.1,10,1,-0.0054222191303408785,0.006084109999999999,0.023125715050376798,7.21587978650694,447,93,3.186
port3,0.1,10,9,-0.005331133512672992,0.00599307,0.02502588406570447,13.020534064956282,463,77,3.196
port3,0.1,10,12,-0.005298543841052778,0.005944959999999999,0.022785995468098518,8.420942012800964,452,88,3.295
port3,0.1,10,10,-0.00520490463654678,0.00585579,0.02555510975386713,16.005463152329092,436,104,3.353
port3,0.1,10,8,-0.0051382828330229,0.005764960000000003,0.022401153313412907,10.131629043100078,455,85,3.474
port3,0.1,10,2,-0.0052511277612792145,0.005904550000000001,0.025093273744329486,14.43832583868308,441,99,3.527
port3,0.1,10,3,-0.005310379444723133,0.005962019999999999,0.02354539345113326,10.152789867673718,436,104,3.713
port3,0.1,10,11,-0.005326344806028948,0.00598172,0.023917189210074893,10.759114759282298,447,93,3.698
port3,0.1,10,5,-0.005347330789550619,0.0060025899999999995,0.023452123667032875,9.306576865892781,460,80,4.021
port3,0.1,10,15,-0.005439930082388316,0.006106380000000001,0.02362454605102172,8.177552379660778,434,106,3.13
port3,0.1,10,13,-0.005335179979335266,0.005989569999999999,0.02354421811501334,9.734678940357048,450,90,3.266
port3,0.1,10,14,-0.005421558195305766,0.00608916,0.024225153187179913,9.884427380561567,442,98,3.255
port3,0.1,10,16,-0.005228063275756356,0.005873759999999998,0.02414968410634851,12.902586246001324,436,104,3.436
port3,0.1,10,17,-0.00534980341923543,0.0060098700000000005,0.024306291523918385,11.24231262342103,450,90,3.559
port3,0.1,10,21,-0.005186427878292045,0.005830119999999999,0.02463333548424837,14.594099596274809,438,102,3.319
port3,0.1,10,18,-0.0054789763148050405,0.00615016,0.023699722613346973,7.708736969286838,440,100,3.575
port3,0.1,10,19,-0.005314741095487095,0.0059690499999999974,0.023959111943664242,11.046970240777677,445,95,4.005
port3,0.1,10,23,-0.005321629056455191,0.00597558,0.023747198475780287,10.443845134676847,448,92,3.794
port3,0.1,10,20,-0.005440702734662096,0.00610578,0.023345077711994157,7.469308000098354,439,101,4.22
port3,0.1,10,22,-0.0053742932240857,0.00603775,0.024429853850217672,11.107871226597847,437,103,4.086
port3,0.1,10,24,-0.005406259225950567,0.006066049999999999,0.023062041117262913,7.31944351480146,441,99,4.369
port3,0.1,10,27,-0.005350863555757707,0.00600637,0.023424227680394025,9.178568694950659,443,97,3.632
port3,0.1,10,26,-0.005442912245239946,0.006108129999999999,0.023324826850386927,7.380552680203748,457,83,3.819
port3,0.1,10,30,-0.0054494879277413215,0.0061181199999999995,0.023836961269985465,8.528745915423357,452,88,3.85
port3,0.1,10,25,-0.005385887030801145,0.006049009999999999,0.024129228996976608,10.256310792570249,439,101,4.584
port3,0.1,10,29,-0.005385493090078703,0.006042950000000001,0.02305686663909425,7.658396264394881,444,96,4.187
port3,0.1,10,28,-0.005243492468019138,0.005898540000000001,0.025533024102299927,15.35264789387649,453,87,6.33
port3,0.1,15,3,-0.005449579843881627,0.00611572,0.02335982793566177,7.357327025877953,625,160,5.696
port3,0.1,15,5,-0.005444145583972006,0.00610926,0.023278405449685388,7.240976321559492,662,123,6.177
port3,0.1,15,2,-0.005414057087886887,0.00608055,0.024173934746563975,9.892860313492656,644,141,6.95
port3,0.1,15,6,-0.0054651143645495235,0.00613256,0.02327866736960615,6.88790050338664,651,134,6.226
port3,0.1,15,7,-0.005474080395152551,0.00614302,0.02337468820058328,6.982810765420578,639,146,4.944
port3,0.1,15,1,-0.005466363894370366,0.006134289999999999,0.02334461514560326,7.036033586712548,644,141,8.042
port3,0.1,15,10,-0.005379878602041914,0.0060446499999999995,0.02455736100603747,11.286913349695867,632,153,5.198
port3,0.1,15,4,-0.005437878694545931,0.006101939999999998,0.023209331195462583,7.16859944555432,639,146,8.449
port3,0.1,15,8,-0.005345691781471215,0.00600081,0.023460012474162486,9.35344338579821,652,133,7.289
port3,0.1,15,12,-0.00545664377956002,0.00612328,0.02330412419293672,7.096198287757313,646,139,5.075
port3,0.1,15,13,-0.00543575874431394,0.00610214,0.02369963199842119,8.429114974496228,641,144,4.804
port3,0.1,15,11,-0.005459621113310931,0.0061286299999999995,0.023695123272324835,8.02032956078022,639,146,7.672
port3,0.1,15,9,-0.005463171506865839,0.0061303500000000006,0.023268754400302696,6.895108305107576,651,134,8.168
port3,0.1,15,14,-0.005436830683931596,0.00610619,0.024236401562196523,9.65853613314523,625,160,5.129
port3,0.1,15,15,-0.005455526803755159,0.00612329,0.023544467767363124,7.720099930724407,637,148,4.905
port3,0.1,15,18,-0.005483465814954058,0.006154989999999999,0.02366963984642391,7.560598246368965,641,144,4.645
port3,0.1,15,16,-0.00539420335508535,0.006055960449755523,0.023698322661028386,9.118868864049968,631,154,5.74
port3,0.1,15,19,-0.005380869211011757,0.006042219999999999,0.02390162943990295,9.819245229415179,631,154,4.9
port3,0.1,15,17,-0.005446316792039925,0.006114080000000001,0.023739251875338672,8.348451362791037,654,131,6.426
port3,0.1,15,20,-0.005456012768091816,0.0061228099999999985,0.023348711293812777,7.220762686933266,628,157,5.629
port3,0.1,15,22,-0.005460244734185456,0.00612944,0.023717349306898505,8.063668057818086,621,164,4.236
port3,0.1,15,23,-0.005403123538011627,0.0060686700000000034,0.0242238440360681,10.184641145734041,647,138,4.724
port3,0.1,15,21,-0.005354218059169952,0.00601175,0.023739616852436474,9.88329332445994,626,159,5.388
port3,0.1,15,26,-0.005477518057392703,0.006148339999999999,0.02366177140606669,7.640656431743067,650,135,4.59
port3,0.1,15,27,-0.005442955825922859,0.00610966,0.023608933495001712,8.088888181546734,629,156,4.496
port3,0.1,15,28,-0.0053762899334473015,0.0060385399999999985,0.02416527809744739,10.495356045123328,651,134,4.586
port3,0.1,15,29,-0.005418352569611584,0.006080579999999999,0.023274327141383677,7.665684872677516,635,150,4.464
port3,0.1,15,30,-0.0054761509659489675,0.006147939999999999,0.02387363274640703,8.172929319367514,640,145,4.431
port3,0.1,15,25,-0.0054602019483662315,0.006127540000000001,0.0233632300065227,7.1871908399474105,636,149,6.746
port3,0.1,15,24,-0.0054561962920007985,0.006122149999999999,0.02318161081529926,6.786717049092927,630,155,7.268
port3,0.1,25,1,-0.005478925943434764,0.0061479,0.02327746905598538,6.6517964223308494,1029,246,8.16
port3,0.1,25,5,-0.005477813609317591,0.006149139999999998,0.023751292740061256,7.852894266838165,1030,245,7.066
port3,0.1,25,7,-0.005490740698978321,0.006163229999999999,0.023699430588450567,7.511870594147851,1002,273,7.282
port3,0.1,25,6,-0.005491670791434118,0.0061638299999999995,0.023616987226545576,7.294462699844279,1039,236,7.368
port3,0.1,25,8,-0.00546858814871516,0.00613645,0.02328451229569567,6.844365753551223,1045,230,7.242
port3,0.1,25,9,-0.005478003261996134,0.006147360000000001,0.02337107999298842,6.90761482607188,995,280,6.941
port3,0.1,25,3,-0.005488070134623232,0.006159759999999999,0.023603784733971754,7.322102111554935,982,293,9.629
port3,0.1,25,4,-0.005476135901042431,0.006146349999999999,0.02357521982030458,7.451167185748571,979,296,9.577
port3,0.1,25,10,-0.005479947099276066,0.00615077,0.023610569820301526,7.474604362322659,1022,253,7.297
port3,0.1,25,11,-0.005491130509418081,0.0061637,0.023706431739492106,7.522407843160633,978,297,7.145
port3,0.1,25,2,-0.005480047346188394,0.006151590000000001,0.02374524243119173,7.801104913197205,1012,263,11.119
port3,0.1,25,13,-0.005487291449726757,0.006158810000000001,0.023587613332688936,7.295191430761705,996,279,6.842
port3,0.1,25,12,-0.005478925943434764,0.0061479,0.02327746905598538,6.6517964223308494,990,285,10.474
port3,0.1,25,14,-0.005436830683931596,0.00610619,0.024236401562196523,9.65853613314523,952,323,7.17
port3,0.1,25,15,-0.005486293663596666,0.00615785,0.023615955708659073,7.381784306365717,995,280,6.719
port3,0.1,25,16,-0.005433782696370248,0.00610225,0.024133442280319554,9.476347237145529,1009,266,7.22
port3,0.1,25,18,-0.005491670791434118,0.0061638299999999995,0.023616987226545576,7.294462699844279,933,342,6.689
port3,0.1,25,17,-0.005485302263018964,0.0061566599999999996,0.02359909680073258,7.356816225734392,1039,236,7.208
port3,0.1,25,22,-0.005487314383131394,0.006159829999999997,0.023776588667974097,7.755687640612641,962,313,6.712
port3,0.1,25,21,-0.00548055459640842,0.0061512599999999995,0.02357528442916024,7.377399657074038,994,281,6.975
port3,0.1,25,20,-0.005463851614949438,0.00613317,0.023664611775932792,7.875674063445027,977,298,10.393
port3,0.1,25,19,-0.005399951153103289,0.00606356,0.023927567134314213,9.56305333827396,985,290,10.904
port3,0.1,25,24,-0.005487314383131394,0.006159829999999997,0.023776588667974097,7.755687640612641,998,277,6.787
port3,0.1,25,27,-0.005481884739292092,0.00615296,0.023617633392850113,7.459589479523646,946,329,6.537
port3,0.1,25,23,-0.005487187450664115,0.006158999999999999,0.023645834587910763,7.440244641764294,1015,260,11.375
port3,0.1,25,26,-0.005484931739005077,0.006156279999999998,0.023605139481672248,7.377907258842943,1024,251,7.257
port3,0.1,25,25,-0.005491670791434118,0.0061638299999999995,0.023616987226545576,7.294462699844279,968,307,8.964
port3,0.1,25,30,-0.005490740698978321,0.006163229999999999,0.023699430588450567,7.511870594147851,975,300,6.743
port3,0.1,25,29,-0.005472639442816074,0.00614322,0.02371888639542874,7.860820925050951,1004,271,6.953
port3,0.1,25,28,-0.005479176781152141,0.006149,0.02343570328534207,7.051776576807515,1015,260,7.272
port3,0.1,50,1,-0.005491670791434118,0.0061638299999999995,0.023616987226545576,7.294462699844279,1510,990,13.039
port3,0.1,50,2,-0.005488642984789818,0.00616091,0.023701479955940297,7.551832893715783,1502,998,14.885
port3,0.1,50,5,-0.005491670791434118,0.0061638299999999995,0.023616987226545576,7.294462699844279,1686,814,12.423
port3,0.1,50,4,-0.005491670791434118,0.0061638299999999995,0.023616987226545576,7.294462699844279,1657,843,13.571
port3,0.1,50,8,-0.005487133366599076,0.00615916,0.02368768317099086,7.543420113014328,1759,741,12.471
port3,0.1,50,11,-0.005491670791434118,0.0061638299999999995,0.023616987226545576,7.294462699844279,1505,995,11.471
port3,0.1,50,6,-0.005491670791434118,0.0061638299999999995,0.023616987226545576,7.294462699844279,1727,773,13.052
port3,0.1,50,3,-0.005491670791434118,0.0061638299999999995,0.023616987226545576,7.294462699844279,1627,873,14.957
port3,0.1,50,12,-0.005491670791434118,0.0061638299999999995,0.023616987226545576,7.294462699844279,1491,1009,12.754
port3,0.1,50,9,-0.005491670791434118,0.0061638299999999995,0.023616987226545576,7.294462699844279,1709,791,13.025
port3,0.1,50,7,-0.005490740698978321,0.006163229999999999,0.023699430588450567,7.511870594147851,1336,1164,15.843
port3,0.1,50,10,-0.005488642984789818,0.00616091,0.023701479955940297,7.551832893715783,1819,681,17.982
port3,0.1,50,18,-0.005491670791434118,0.0061638299999999995,0.023616987226545576,7.294462699844279,1298,1202,10.347
port3,0.1,50,13,-0.005491670791434118,0.0061638299999999995,0.023616987226545576,7.294462699844279,1487,1013,16.456
port3,0.1,50,21,-0.005482771955602093,0.00615372,0.023574571978703412,7.338538737890137,1500,1000,10.82
port3,0.1,50,16,-0.005491130509418081,0.0061637,0.023706431739492106,7.522407843160633,1744,756,13.705
port3,0.1,50,20,-0.005491670791434118,0.0061638299999999995,0.023616987226545576,7.294462699844279,1554,946,12.543
port3,0.1,50,17,-0.005491670791434118,0.0061638299999999995,0.023616987226545576,7.294462699844279,1650,850,13.764
port3,0.1,50,15,-0.005490353116097985,0.00616275,0.023690057809556908,7.49550834611273,1727,773,15.455
port3,0.1,50,14,-0.005491670791434118,0.0061638299999999995,0.023616987226545576,7.294462699844279,1593,907,17.29
port3,0.1,50,19,-0.005491130509418081,0.0061637,0.023706431739492106,7.522407843160633,1779,721,15.574
port3,0.1,50,22,-0.005491130509418081,0.0061637,0.023706431739492106,7.522407843160633,1535,965,14.705
port3,0.1,50,23,-0.005491130509418081,0.0061637,0.023706431739492106,7.522407843160633,1566,934,15.681
port3,0.1,50,24,-0.005491130509418081,0.0061637,0.023706431739492106,7.522407843160633,1645,855,12.767
port3,0.1,50,25,-0.005491670791434118,0.0061638299999999995,0.023616987226545576,7.294462699844279,1250,1250,12.048
port3,0.1,50,27,-0.005491670791434118,0.0061638299999999995,0.023616987226545576,7.294462699844279,1397,1103,10.558
port3,0.1,50,28,-0.005491670791434118,0.0061638299999999995,0.023616987226545576,7.294462699844279,1533,967,11.911
port3,0.1,50,29,-0.005491130509418081,0.0061637,0.023706431739492106,7.522407843160633,1846,654,14.474
port3,0.1,50,26,-0.005490740698978321,0.006163229999999999,0.023699430588450567,7.511870594147851,1508,992,15.948
port3,0.1,100,2,-0.005491670791434118,0.0061638299999999995,0.023616987226545576,7.294462699844279,2105,2845,16.401
port3,0.1,50,30,-0.005491670791434118,0.0061638299999999995,0.023616987226545576,7.294462699844279,1549,951,17.813
port3,0.1,100,3,-0.005491670791434118,0.0061638299999999995,0.023616987226545576,7.294462699844279,1961,2989,15.554
port3,0.1,100,4,-0.005491670791434118,0.0061638299999999995,0.023616987226545576,7.294462699844279,2095,2855,17.77
port3,0.1,100,6,-0.005491670791434118,0.0061638299999999995,0.023616987226545576,7.294462699844279,1986,2964,15.846
port3,0.1,100,1,-0.005491670791434118,0.0061638299999999995,0.023616987226545576,7.294462699844279,1796,3154,21.001
port3,0.1,100,7,-0.005491670791434118,0.0061638299999999995,0.023616987226545576,7.294462699844279,1723,3227,13.421
port3,0.1,100,5,-0.005491670791434118,0.0061638299999999995,0.023616987226545576,7.294462699844279,1975,2975,18.346
port3,0.1,100,9,-0.005491670791434118,0.0061638299999999995,0.023616987226545576,7.294462699844279,1986,2964,15.539
port3,0.1,100,8,-0.005491670791434118,0.0061638299999999995,0.023616987226545576,7.294462699844279,2476,2474,20.92
port3,0.1,100,11,-0.005491670791434118,0.0061638299999999995,0.023616987226545576,7.294462699844279,1798,3152,17.108
port3,0.1,100,14,-0.005491670791434118,0.0061638299999999995,0.023616987226545576,7.294462699844279,1915,3035,16.76
port3,0.1,100,12,-0.005491670791434118,0.0061638299999999995,0.023616987226545576,7.294462699844279,1772,3178,18.199
port3,0.1,100,13,-0.005491670791434118,0.0061638299999999995,0.023616987226545576,7.294462699844279,1805,3145,19.237
port3,0.1,100,15,-0.005491670791434118,0.0061638299999999995,0.023616987226545576,7.294462699844279,2085,2865,17.209
port3,0.1,100,10,-0.005491670791434118,0.0061638299999999995,0.023616987226545576,7.294462699844279,2560,2390,24.534
port3,0.1,100,16,-0.005491670791434118,0.0061638299999999995,0.023616987226545576,7.294462699844279,2151,2799,17.534
port3,0.1,100,18,-0.005491670791434118,0.0061638299999999995,0.023616987226545576,7.294462699844279,1560,3390,16.898
port3,0.1,100,19,-0.005491670791434118,0.0061638299999999995,0.023616987226545576,7.294462699844279,2331,2619,17.5
port3,0.1,100,17,-0.005491670791434118,0.0061638299999999995,0.023616987226545576,7.294462699844279,1963,2987,20.276
port3,0.1,100,21,-0.005483874805323847,0.00615542,0.02366499412130766,7.54242818412892,1826,3124,13.07
port3,0.1,100,20,-0.005491670791434118,0.0061638299999999995,0.023616987226545576,7.294462699844279,1857,3093,16.941
port3,0.3,10,1,-0.004052286217582522,0.006038569999999998,0.024132466541810296,10.418735456243937,436,104,3.291
port3,0.3,10,2,-0.004106975420214445,0.00609709,0.02316517355755934,7.124182146158119,438,102,3.227
port3,0.1,100,22,-0.005491130509418081,0.0061637,0.023706431739492106,7.522407843160633,1903,3047,15.132
port3,0.3,10,3,-0.003965710444967869,0.005893949999999999,0.023097947602339904,10.043232733042943,449,91,3.335
port3,0.3,10,4,-0.004045061973834879,0.006007697300826009,0.02311753567772938,8.35940953566841,453,87,3.313
port3,0.1,100,25,-0.005491670791434118,0.0061638299999999995,0.023616987226545576,7.294462699844279,1518,3432,12.624
port3,0.3,10,5,-0.004096451507228405,0.0060833100000000015,0.02322825095808948,7.502320267787622,459,81,3.412
port3,0.3,10,6,-0.00405393598161549,0.006022434688659142,0.023221276195614864,8.409601950584909,444,96,3.504
port3,0.3,10,7,-0.004114883774384332,0.006116272051724056,0.023558909271760187,7.862629579575093,435,105,3.27
port3,0.3,10,8,-0.004121186806600253,0.006126769999999998,0.02363275928309018,7.891665774830105,458,82,3.5
port3,0.3,10,10,-0.00404715531139861,0.0060257,0.023863129761299867,9.973506171661704,431,109,3.284
port3,0.1,100,24,-0.005491130509418081,0.0061637,0.023706431739492106,7.522407843160633,1888,3062,17.168
port3,0.3,10,9,-0.003962004072969301,0.005936940000000002,0.025420066026055094,14.594920919748825,468,72,3.547
port3,0.3,10,11,-0.003957316652205601,0.00590683,0.024321756227323008,12.79834063516791,447,93,3.705
port3,0.1,100,28,-0.005491670791434118,0.0061638299999999995,0.023616987226545576,7.294462699844279,1833,3117,14.856
port3,0.3,10,12,-0.004046788887404463,0.00602861,0.0240304052258478,10.327899009250126,443,97,4.084
port3,0.1,100,23,-0.005491670791434118,0.0061638299999999995,0.023616987226545576,7.294462699844279,1957,2993,19.985
port3,0.3,10,13,-0.0040247377261987205,0.006009539999999999,0.024626562475051045,11.951252769908656,453,87,3.515
port3,0.1,100,26,-0.005490740698978321,0.006163229999999999,0.023699430588450567,7.511870594147851,1777,3173,18.362
port3,0.3,10,15,-0.004088293716204571,0.00607989,0.02363819534816686,8.610044366809667,451,89,3.312
port3,0.3,10,14,-0.003953005641308361,0.005879845429420552,0.023301370437953873,10.782653405135074,436,104,3.331
port3,0.3,10,16,-0.003956105561385524,0.005882039999999999,0.02318925315848376,10.462276806648388,425,115,3.365
port3,0.3,10,17,-0.004012709227226985,0.00597678,0.023877239704581613,10.737997792990804,447,93,3.355
port3,0.3,10,18,-0.003971057985721534,0.005930669999999998,0.024522847460987936,12.885746282458149,436,104,3.358
port3,0.1,100,30,-0.005491670791434118,0.0061638299999999995,0.023616987226545576,7.294462699844279,1993,2957,16.273
port3,0.3,10,20,-0.004049045025036231,0.006014658500588618,0.02318159653516845,8.423299696119598,432,108,3.453
port3,0.3,10,21,-0.003930149150258381,0.00584278,0.023079345003821004,10.775824738230327,453,87,3.462
port3,0.3,10,23,-0.004016245971622404,0.00594992466265478,0.022263669376807623,6.8416262907879535,445,95,3.332
port3,0.3,10,24,-0.004077243859370572,0.00606353,0.023609824270800862,8.78507932407342,451,89,3.383
port3,0.3,10,19,-0.004018131941715058,0.0059829,0.023797623010498557,10.455945143396816,444,96,5.368
port3,0.3,10,25,-0.004120732574459693,0.0061160302924733205,0.0231292477375603,6.738650185287593,442,98,3.498
port3,0.3,10,26,-0.004065616700235484,0.00603971964572437,0.02325131191793802,8.225798089914829,445,95,3.333
port3,0.1,100,27,-0.005491670791434118,0.0061638299999999995,0.023616987226545576,7.294462699844279,1866,3084,22.036
port3,0.3,10,27,-0.004094967336927175,0.0060820599999999985,0.023271918920509026,7.636860426146449,467,73,3.715
port3,0.3,10,28,-0.004018456366924941,0.005954254533136545,0.02232500886678745,6.956322970331998,444,96,3.654
port3,0.3,10,22,-0.00403303164545857,0.00599377,0.023281419955365677,9.002328865750913,455,85,5.267
port3,0.3,10,29,-0.00410111834687002,0.0060988399999999995,0.02366922426062868,8.402855306985462,453,87,3.676
port3,0.3,10,30,-0.0039503549564516745,0.005848645282279838,0.021885820458629718,7.2910572039700074,446,94,3.666
port3,0.3,15,1,-0.00412033907743614,0.0061252899999999985,0.02361947801877786,7.880404105966093,641,144,4.786
port3,0.3,15,2,-0.004135198773025462,0.00613678,0.023133469762412606,6.433707803253689,641,144,4.883
port3,0.3,15,4,-0.004132897420062577,0.006134309999999999,0.023174668637503195,6.582854449444474,644,141,5.222
port3,0.3,15,3,-0.004096529826859578,0.006080790000000001,0.023095683084393477,7.185455031732773,644,141,5.953
port3,0.1,100,29,-0.005491130509418081,0.0061637,0.023706431739492106,7.522407843160633,2346,2604,27.043
port3,0.3,15,8,-0.004133380557633259,0.0061436400000000006,0.023605609669930885,7.569271341597945,653,132,5.263
port3,0.3,15,10,-0.004129047259810567,0.006138909999999999,0.023677678672076513,7.822298517283257,624,161,4.616
port3,0.3,15,5,-0.004121794100665203,0.00611959,0.023232082654151352,6.96091022180744,653,132,6.114
port3,0.3,15,6,-0.004138879983854347,0.006151180000000001,0.023589970760590537,7.416046664286576,649,136,5.91
port3,0.3,15,9,-0.004059015297838846,0.00604797,0.024122168376906852,10.255275785251687,665,120,6.22
port3,0.3,15,7,-0.004143100359561431,0.006158428762474397,0.023650213118887906,7.459899484985025,628,157,6.566
port3,0.3,15,11,-0.004044934616250297,0.006024569999999999,0.023962775559166836,10.228281127980601,644,141,5.893
port3,0.3,15,12,-0.004123412655221973,0.00612969,0.023619931186607893,7.815376683075939,640,145,5.244
port3,0.3,15,13,-0.004070881101254965,0.006065539999999999,0.024152080569110022,10.064419471115333,655,130,5.175
port3,0.3,15,14,-0.00411943933111396,0.0061144899999999985,0.023144737982677594,6.804018539279786,627,158,5.457
port3,0.3,15,15,-0.004130398876700227,0.006139049999999998,0.023589271805898846,7.596843328808485,638,147,5.126
port3,0.3,15,20,-0.00407672872526011,0.006053757066714286,0.023158959493026283,7.7676938039130965,616,169,4.452
port3,0.3,15,18,-0.004115151040327066,0.006107850000000001,0.023118820592245723,6.835173527084764,626,159,4.703
port3,0.3,15,17,-0.004078371203780998,0.006074649999999998,0.024075145982181165,9.748854153663267,644,141,5.462
port3,0.3,15,19,-0.004119290042720481,0.00612378,0.023618915955897084,7.90169432985492,633,152,5.499
port3,0.3,15,16,-0.004047294752145537,0.0060270267837309885,0.02391819366550322,10.085584482895472,615,170,6.156
port3,0.3,15,22,-0.004119254819543711,0.00611333,0.023099507964188925,6.699171971271056,655,130,5.296
port3,0.3,15,21,-0.004065897285479687,0.00605455,0.02396439821348265,9.785419005266174,654,131,5.57
port3,0.3,15,23,-0.004077925087408834,0.006052799999999999,0.023024256237800265,7.4193843903057415,639,146,4.85
port3,0.3,15,25,-0.004142193140892112,0.006156334601488467,0.02361080827007089,7.39150298878436,637,148,4.909
port3,0.3,15,24,-0.004130729656216006,0.00613095,0.023161415024705333,6.598249416688003,644,141,5.54
port3,0.3,15,28,-0.004076741178227677,0.0060559837020232364,0.023269967281783953,8.027734232682489,630,155,5.077
port3,0.3,15,29,-0.004116730811131346,0.00611372,0.023300442690261818,7.231528231863235,643,142,5.254
port3,0.3,15,26,-0.004091674468085152,0.006093632392222843,0.02407406671578613,9.464280882876862,641,144,5.876
port3,0.3,15,27,-0.004131007654064237,0.0061331799999999985,0.02325355499242802,6.8116381434283735,664,121,5.719
port3,0.3,15,30,-0.0041273936310276035,0.00613094,0.023399741378371117,7.23119795165478,634,151,6.402
port3,0.3,25,1,-0.004136231511273615,0.006147589999999999,0.02359954015981269,7.494424804108837,956,319,7.392
port3,0.3,25,5,-0.004138752031067743,0.006143442870963092,0.02321335668721931,6.548017825484214,997,278,7.589
port3,0.3,25,4,-0.004136475160492331,0.006137920000000001,0.02309897829686183,6.322437743184537,1021,254,8.153
port3,0.3,25,2,-0.004147366004489558,0.0061632302197132645,0.02358637666886877,7.225499701084873,1014,261,9.79
port3,0.3,25,3,-0.004140398506393719,0.00615579,0.02371036999614875,7.650960412428597,1002,273,9.455
port3,0.3,25,6,-0.004140670883987246,0.006155669999999999,0.023685305994276547,7.589830469038318,1012,263,8.338
port3,0.3,25,10,-0.004142051719109024,0.006159360000000001,0.02376974834328819,7.745716267322733,952,323,6.903
port3,0.3,25,7,-0.004143100359561431,0.006158428762474397,0.023650213118887906,7.459899484985025,966,309,8.964
port3,0.3,25,11,-0.004067553603277617,0.0060384842032580885,0.02304960874599576,7.707033089279331,1007,268,7.558
port3,0.3,25,8,-0.004143899336433985,0.006159726408627767,0.023657919717327232,7.459882276439677,957,318,8.494
port3,0.3,25,9,-0.004138503239239609,0.0061527992896694295,0.02369643176577377,7.660875192539117,1037,238,8.972
port3,0.3,25,12,-0.004138018385833721,0.006150889999999998,0.02363645589382903,7.538405850704121,1023,252,8.751
port3,0.3,25,15,-0.004133944412939978,0.006135657702523022,0.02316721669559071,6.54220835227582,975,300,6.923
port3,0.3,25,14,-0.004137975914431883,0.00615155521958333,0.023672257974011728,7.618778832149332,992,283,7.294
port3,0.3,25,13,-0.0041424933642114845,0.006159423158682342,0.02374186505354019,7.6752748947719285,1051,224,8.673
port3,0.3,25,19,-0.004142042853410966,0.006155799999999999,0.02359499569746607,7.359317071552466,993,282,7.208
port3,0.3,25,18,-0.0041410142393953076,0.00615589,0.02367197785038194,7.552975025712231,975,300,7.73
port3,0.3,25,16,-0.004147366004489558,0.0061632302197132645,0.02358637666886877,7.225499701084873,988,287,8.841
port3,0.3,25,17,-0.004146014170025758,0.006162926969767839,0.023666763531144205,7.434136183908712,1015,260,8.907
port3,0.3,25,21,-0.004142042853410966,0.006155799999999999,0.02359499569746607,7.359317071552466,1035,240,7.534
port3,0.3,25,20,-0.004143824197420755,0.006150906960217878,0.023224317337061418,6.463936573778692,946,329,7.985
port3,0.3,25,23,-0.0041313738664894096,0.006131486685929644,0.023142083863338745,6.537771013187892,1042,233,7.796
port3,0.3,25,22,-0.004142042853410966,0.006155799999999999,0.02359499569746607,7.359317071552466,1008,267,8.498
port3,0.3,25,24,-0.004138908977955586,0.006152789999999998,0.02366741938082906,7.588044069984569,991,284,8.14
port3,0.3,25,25,-0.004142193140892112,0.006156334601488467,0.02361080827007089,7.39150298878436,939,336,7.316
port3,0.3,25,26,-0.004144474376274129,0.006158732012419822,0.0235682012055612,7.24678265780737,997,278,7.862
port3,0.3,25,27,-0.004144201582359706,0.006158651667045183,0.023583510098648803,7.287107257281115,1033,242,7.957
port3,0.3,25,29,-0.00413878573376709,0.006151301589573485,0.02360263960763345,7.446454075927925,997,278,7.871
port3,0.3,25,28,-0.004144702866804355,0.006159184188452642,0.023574425769782345,7.255886370888194,993,282,7.988
port3,0.3,25,30,-0.00413843194343988,0.006150890618175423,0.02360730743385164,7.46450058677984,985,290,8.137
port3,0.3,50,2,-0.004147366004489558,0.0061632302197132645,0.02358637666886877,7.225499701084873,1340,1160,10.692
port3,0.3,50,1,-0.004141098378583849,0.006154189999999999,0.02358209924329251,7.350676522683835,1565,935,12.943
port3,0.3,50,3,-0.004147366004489558,0.0061632302197132645,0.02358637666886877,7.225499701084873,1688,812,12.885
port3,0.3,50,5,-0.0041418908234287,0.006148127775188758,0.023223452169694816,6.503877138104624,1581,919,12.125
port3,0.3,50,7,-0.004147366004489558,0.0061632302197132645,0.02358637666886877,7.225499701084873,1603,897,12.836
port3,0.3,50,6,-0.004147366004489558,0.0061632302197132645,0.02358637666886877,7.225499701084873,1583,917,14.389
port3,0.3,50,4,-0.004144702866804355,0.006159184188452642,0.023574425769782345,7.255886370888194,1800,700,16.52
port3,0.3,50,9,-0.004146014170025758,0.006162926969767839,0.023666763531144205,7.434136183908712,1693,807,13.808
port3,0.3,50,8,-0.004147366004489558,0.0061632302197132645,0.02358637666886877,7.225499701084873,1573,927,14.749
port3,0.3,50,10,-0.004147366004489558,0.0061632302197132645,0.02358637666886877,7.225499701084873,1581,919,12.472
port3,0.3,50,12,-0.004147366004489558,0.0061632302197132645,0.02358637666886877,7.225499701084873,1620,880,13.63
port3,0.3,50,11,-0.004146014170025758,0.006162926969767839,0.023666763531144205,7.434136183908712,1795,705,14.476
port3,0.3,50,13,-0.004146014170025758,0.006162926969767839,0.023666763531144205,7.434136183908712,1707,793,13.729
port3,0.3,50,16,-0.004147366004489558,0.0061632302197132645,0.02358637666886877,7.225499701084873,1268,1232,11.125
port3,0.3,50,14,-0.004146014170025758,0.006162926969767839,0.023666763531144205,7.434136183908712,1662,838,12.762
port3,0.3,50,15,-0.004147366004489558,0.0061632302197132645,0.02358637666886877,7.225499701084873,1591,909,12.027
port3,0.3,50,20,-0.004143824197420755,0.006150906960217878,0.023224317337061418,6.463936573778692,1227,1273,10.241
port3,0.3,50,18,-0.0041455593482939545,0.00616275,0.023690057809556905,7.495508346112718,1320,1180,12.327
port3,0.3,50,22,-0.004147366004489558,0.0061632302197132645,0.02358637666886877,7.225499701084873,1435,1065,11.275
port3,0.3,50,19,-0.004147366004489558,0.0061632302197132645,0.02358637666886877,7.225499701084873,1617,883,12.866
port3,0.3,50,21,-0.004147366004489558,0.0061632302197132645,0.02358637666886877,7.225499701084873,1529,971,11.902
port3,0.3,50,17,-0.004147366004489558,0.0061632302197132645,0.02358637666886877,7.225499701084873,1617,883,14.596
port3,0.3,50,24,-0.004143899336433985,0.006159726408627767,0.023657919717327232,7.459882276439677,1449,1051,10.643
port3,0.3,50,23,-0.004147366004489558,0.0061632302197132645,0.02358637666886877,7.225499701084873,1733,767,13.303
port3,0.3,50,28,-0.004144702866804355,0.006159184188452642,0.023574425769782345,7.255886370888194,1320,1180,10.655
port3,0.3,50,25,-0.004147366004489558,0.0061632302197132645,0.02358637666886877,7.225499701084873,1247,1253,11.798
port3,0.3,50,27,-0.004147366004489558,0.0061632302197132645,0.02358637666886877,7.225499701084873,1451,1049,11.568
port3,0.3,50,26,-0.004147366004489558,0.0061632302197132645,0.02358637666886877,7.225499701084873,1705,795,15.278
port3,0.3,50,29,-0.004145783837491435,0.00616247251052094,0.023660580429145716,7.425353255381007,1505,995,11.824
port3,0.3,50,30,-0.004147366004489558,0.0061632302197132645,0.02358637666886877,7.225499701084873,1590,910,13.267
port3,0.3,100,2,-0.004147366004489558,0.0061632302197132645,0.02358637666886877,7.225499701084873,1631,3319,13.99
port3,0.3,100,1,-0.004147366004489558,0.0061632302197132645,0.02358637666886877,7.225499701084873,2098,2852,17.951
port3,0.3,100,5,-0.004147366004489558,0.0061632302197132645,0.02358637666886877,7.225499701084873,1959,2991,16.865
port3,0.3,100,3,-0.004147366004489558,0.0061632302197132645,0.02358637666886877,7.225499701084873,2171,2779,18.207
port3,0.3,100,8,-0.004147366004489558,0.0061632302197132645,0.02358637666886877,7.225499701084873,1839,3111,16.099
port3,0.3,100,7,-0.004147366004489558,0.0061632302197132645,0.02358637666886877,7.225499701084873,1974,2976,16.516
port3,0.3,100,6,-0.004147366004489558,0.0061632302197132645,0.02358637666886877,7.225499701084873,2051,2899,19.034
port3,0.3,100,9,-0.004146014170025758,0.006162926969767839,0.023666763531144205,7.434136183908712,1979,2971,16.593
port3,0.3,100,4,-0.004147366004489558,0.0061632302197132645,0.02358637666886877,7.225499701084873,2678,2272,25.014
port3,0.3,100,10,-0.004147366004489558,0.0061632302197132645,0.02358637666886877,7.225499701084873,2069,2881,18.386
port3,0.3,100,12,-0.004147366004489558,0.0061632302197132645,0.02358637666886877,7.225499701084873,2022,2928,17.178
port3,0.3,100,11,-0.004147366004489558,0.0061632302197132645,0.02358637666886877,7.225499701084873,2272,2678,20.66
port3,0.3,100,16,-0.004147366004489558,0.0061632302197132645,0.02358637666886877,7.225499701084873,1510,3440,14.024
port3,0.3,100,15,-0.004147366004489558,0.0061632302197132645,0.02358637666886877,7.225499701084873,1855,3095,15.114
port3,0.3,100,14,-0.004147366004489558,0.0061632302197132645,0.02358637666886877,7.225499701084873,2029,2921,16.541
port3,0.3,100,13,-0.004147366004489558,0.0061632302197132645,0.02358637666886877,7.225499701084873,2201,2749,20.735
port3,0.3,100,20,-0.004147366004489558,0.0061632302197132645,0.02358637666886877,7.225499701084873,1589,3361,14.975
port3,0.3,100,17,-0.004147366004489558,0.0061632302197132645,0.02358637666886877,7.225499701084873,1891,3059,16.453
port3,0.3,100,19,-0.004147366004489558,0.0061632302197132645,0.02358637666886877,7.225499701084873,1898,3052,16.406
port3,0.3,100,18,-0.004147366004489558,0.0061632302197132645,0.02358637666886877,7.225499701084873,1889,3061,17.379
port3,0.3,100,21,-0.004147366004489558,0.0061632302197132645,0.02358637666886877,7.225499701084873,1864,3086,16.656
port3,0.5,10,1,-0.002747451525020291,0.006031601697755564,0.02316675738455822,8.125960158723789,435,105,3.415
port3,0.5,10,2,-0.002730708972784021,0.005997084021702556,0.023144461024930237,8.592766339289094,442,98,4.237
port3,0.3,100,22,-0.004147366004489558,0.0061632302197132645,0.02358637666886877,7.225499701084873,1929,3021,16.272
port3,0.5,10,3,-0.0027342626633103397,0.005999295200416001,0.023038443389155477,8.27597834082216,441,99,3.484
port3,0.5,10,4,-0.002668501550407597,0.00584103,0.02245054340511173,9.087279606846392,424,116,3.305
port3,0.3,100,25,-0.004147366004489558,0.0061632302197132645,0.02358637666886877,7.225499701084873,1534,3416,14.367
port3,0.5,10,6,-0.002743266260626433,0.006022479924487809,0.02315053786059717,8.221842295158806,445,95,3.634
port3,0.3,100,24,-0.004147366004489558,0.0061632302197132645,0.02358637666886877,7.225499701084873,1995,2955,17.488
port3,0.3,100,23,-0.004147366004489558,0.0061632302197132645,0.02358637666886877,7.225499701084873,2014,2936,17.976
port3,0.5,10,5,-0.0025257094261868216,0.00551817,0.02160442426046935,11.694355592379951,446,94,4.457
port3,0.3,100,28,-0.004147366004489558,0.0061632302197132645,0.02358637666886877,7.225499701084873,1603,3347,13.328
port3,0.5,10,7,-0.0027840344462017465,0.00610286,0.023125550968496042,6.929494064943774,444,96,3.679
port3,0.5,10,8,-0.00274047766163598,0.0060138682543291145,0.023084906996935373,8.178065772864015,447,93,3.768
port3,0.3,100,27,-0.004147366004489558,0.0061632302197132645,0.02358637666886877,7.225499701084873,1715,3235,15.089
port3,0.3,100,26,-0.004147366004489558,0.0061632302197132645,0.02358637666886877,7.225499701084873,2026,2924,17.749
port3,0.5,10,10,-0.002709934774114873,0.005984290530993302,0.023757545806828522,10.33837482376431,444,96,3.992
port3,0.5,10,12,-0.0026960142106050963,0.0059473899999999994,0.023566110811710256,10.424524773131749,445,95,3.954
port3,0.5,10,14,-0.002633244213689985,0.00573326803132832,0.021605082826694984,8.254276883856924,448,92,4.199
port3,0.5,10,9,-0.0027757277466120595,0.00609908,0.02340137830931932,7.717528800281121,446,94,5.503
port3,0.5,10,11,-0.0026627617542205966,0.005846969729162512,0.022835196971371152,10.063894302190999,440,100,5.344
port3,0.5,10,15,-0.0026752318178340662,0.005940280555372855,0.024286146662340708,12.22502888024095,453,87,4.203
port3,0.5,10,17,-0.0027201812171361774,0.00601596,0.0239916144877256,10.424759634992352,433,107,3.867
port3,0.5,10,16,-0.002728214963813887,0.005983930379055733,0.02296737798330405,8.31918704685651,447,93,4.275
port3,0.5,10,13,-0.002717910827024111,0.005991539999999999,0.02357367909240681,9.778391845488942,446,94,5.976
port3,0.5,10,18,-0.0025780719213190535,0.005754749999999999,0.02446642919107513,15.35160293428503,450,90,4.499
port3,0.3,100,30,-0.004147366004489558,0.0061632302197132645,0.02358637666886877,7.225499701084873,1882,3068,17.748
port3,0.5,10,19,-0.0027057408819594116,0.0059052900000000005,0.022221796418858162,7.416111954434987,448,92,4.526
port3,0.5,10,20,-0.002759872815603739,0.006063229999999999,0.023312751205992844,8.029859467449924,433,107,4.874
port3,0.5,10,21,-0.0026889409984920797,0.00593777,0.023661952645879433,10.804244929505575,434,106,4.333
port3,0.5,10,22,-0.0027985658914940173,0.006133359999999999,0.023156602017825625,6.548527963056832,431,109,5.057
port3,0.5,10,24,-0.002694549834564405,0.005906949999999999,0.02275632507394794,8.924662745879052,436,104,4.47
port3,0.5,10,26,-0.002637564882721996,0.005769449999999997,0.02223331362069103,9.579313023525227,456,84,4.315
port3,0.3,100,29,-0.004145783837491435,0.00616247251052094,0.023660580429145716,7.425353255381007,1819,3131,20.821
port3,0.5,10,25,-0.002735724537555815,0.005995759999999999,0.022897836685773807,7.9480293905619055,446,94,5.233
port3,0.5,10,27,-0.00276113137941548,0.00604616,0.022888801654281535,7.149211465030922,452,88,4.898
port3,0.5,10,23,-0.0027083377454585173,0.005947956361192349,0.023049530803799755,9.090464816294288,449,91,5.763
port3,0.5,10,30,-0.0027215712315768878,0.0059957299999999995,0.023507180538002086,9.549059909481379,451,89,748.725
port3,0.5,10,29,-0.0027582067688025833,0.006047000000000001,0.023034462494159375,7.535818351977361,442,98,749.372
port3,0.5,10,28,-0.002652016061427634,0.005844869076003352,0.023255901469263332,11.198234296742339,458,82,750.772
port3,0.5,15,3,-0.002792879399251305,0.006118456886726965,0.023080253209710546,6.568484626532055,631,154,750.176
port3,0.5,15,1,-0.002778448186821478,0.006089939999999999,0.023087737575540862,7.0242516337844965,623,162,752.261
port3,0.5,15,4,-0.0027990449381786278,0.006135409999999999,0.023180166600840994,6.580931464128658,625,160,751.209
port3,0.5,15,2,-0.0027476245936753994,0.006029899703629136,0.023122511028829392,8.034036914462542,625,160,753.052
port3,0.5,15,9,-0.002782408740149438,0.006113582987661972,0.023425744542342655,7.561346884449442,642,143,751.173
port3,0.5,15,5,-0.002691127539967805,0.005885691743884111,0.022437394321723314,8.354291837527375,645,140,753.031
port3,0.5,15,10,-0.0027778343988538526,0.006112020000000001,0.023587098216870495,7.998188751532751,639,146,6.783
port3,0.5,15,11,-0.002699671648365269,0.0059160040798969795,0.022730173408191202,8.712569451543452,623,162,6.978
port3,0.5,15,8,-0.002786830850184542,0.00610697,0.023093468765668708,6.77983641273342,636,149,754.891
port3,0.5,15,6,-0.0027974261230761578,0.006131553201025679,0.023166807179094903,6.603622000487134,632,153,755.537
port3,0.5,15,7,-0.002801058288357184,0.00613783,0.02314548386371807,6.450296007382574,630,155,755.746
port3,0.5,15,13,-0.0027942062886995127,0.0061257099999999995,0.023179676930470242,6.727307337426508,656,129,7.047
port3,0.5,15,12,-0.002777670400293198,0.00608872,0.023095003776003233,7.062574954819576,646,139,9.357
port3,0.5,15,17,-0.0027983219757627565,0.00614302,0.02337468820058328,6.982810765420578,619,166,5.976
port3,0.5,15,16,-0.0027837401045082925,0.00612972,0.02371159612897064,8.045120463952868,641,144,6.311
port3,0.5,15,15,-0.0027925501628970756,0.00611924,0.023111461965999655,6.64147080642723,633,152,7.075
port3,0.5,15,14,-0.0027498683836321438,0.006045628400065399,0.02336432393203599,8.430720355658181,650,135,8.35
port3,0.5,15,21,-0.002786238348854526,0.00611085,0.023202872716345878,7.015775842260166,625,160,9.424
port3,0.5,15,19,-0.0027948946125101494,0.006126229999999998,0.023161191139051983,6.66955189933937,655,130,11.621
port3,0.5,15,24,-0.0027407016236529096,0.005978247367402944,0.022290000450810303,6.476999007661041,638,147,8.833
port3,0.5,15,20,-0.0028009854244215363,0.006136913191832233,0.023128820613882575,6.419053811962816,598,187,12.86
port3,0.5,15,18,-0.0027316654146533298,0.005989889680984233,0.022946870193505123,8.172137102047644,637,148,15.576
port3,0.5,15,23,-0.002783805174393076,0.006100540000000001,0.02308526913886534,6.85571391663649,643,142,12.602
port3,0.5,15,26,-0.0027252584292301514,0.006006269999999999,0.023574417098619797,9.558424711583738,667,118,11.842
port3,0.5,15,25,-0.002790559256414038,0.006116760000000001,0.02314392981262959,6.767236546591277,640,145,12.339
port3,0.5,15,22,-0.0028025650819817915,0.006143204930816819,0.023196438667460045,6.506126330365077,617,168,14.288
port3,0.5,15,28,-0.002783084437828748,0.0060964061747611695,0.023026882096881324,6.7595978636041,658,127,12.233
port3,0.5,15,27,-0.002800640021723807,0.0061364197380639664,0.023133086577807813,6.438160447022324,649,136,14.761
port3,0.5,15,29,-0.002794024740901647,0.00612469,0.023165502761578614,6.7046445593939215,647,138,14.338
port3,0.5,15,30,-0.0027449852249987272,0.006040509999999999,0.023463579224034522,8.76283170668356,644,141,9.356
port3,0.5,25,1,-0.0027945062625733,0.006126190000000002,0.023177089438784194,6.7130308255664435,983,292,11.784
port3,0.5,25,2,-0.0028001949843735243,0.006141119999999999,0.02325360254354043,6.691123649801614,1009,266,13.781
port3,0.5,25,3,-0.002804155025111255,0.0061462428805235825,0.02319337901861375,6.451644694979357,1001,274,13.676
port3,0.5,25,4,-0.002802483922954294,0.006137746056720528,0.023081988883368335,6.278676399000055,970,305,12.403
port3,0.5,25,7,-0.00280626250200046,0.006145449719642771,0.023085162239885812,6.169730588445691,1007,268,11.281
port3,0.5,25,5,-0.0028042515669508264,0.006145604562419342,0.02317544883098684,6.412961758713932,1042,233,12.879
port3,0.5,25,9,-0.0027979691424414722,0.006140769999999999,0.023341630515391502,6.929966335613144,1014,261,11.549
port3,0.5,25,8,-0.0028022947113639915,0.006138717529469542,0.02311121171080301,6.34362940034691,976,299,12.002
port3,0.5,25,6,-0.0028039551119514333,0.006143279862643885,0.02313805607091958,6.347067859346044,978,297,13.03
port3,0.5,25,10,-0.002796943949594049,0.006131479999999999,0.023186032450850692,6.656575900748164,993,282,12.684
port3,0.5,25,12,-0.002804041434906315,0.006140343502583025,0.02307077442935965,6.20829555757341,1020,255,11.649
port3,0.5,25,13,-0.0028017280311829888,0.00614413,0.023252396384760503,6.642167926631785,1018,257,9.154
port3,0.5,25,11,-0.00280626250200046,0.006145449719642771,0.023085162239885812,6.169730588445691,978,297,12.874
port3,0.5,25,15,-0.002802279344894273,0.00614308,0.023206061928113822,6.533931177317512,998,277,8.826
port3,0.5,25,17,-0.0028056129215892956,0.006148855796316815,0.02318684871081502,6.394258293171329,936,339,8.71
port3,0.5,25,14,-0.0027928231227266663,0.006130509999999999,0.023342316820458647,7.087274610947181,1008,267,10.939
port3,0.5,25,19,-0.002804759512729524,0.006142894785538596,0.023094929315318303,6.235454516299621,976,299,8.618
port3,0.5,25,20,-0.0028024930999093352,0.006141139721558885,0.023154989132802794,6.4256203283190265,962,313,9.173
port3,0.5,25,18,-0.002800513978910356,0.006134168991759833,0.023089846988213668,6.3547648243881225,979,296,9.609
port3,0.5,25,16,-0.002807400734592702,0.006151935530940669,0.023176152867878348,6.318456088673591,1011,264,10.472
port3,0.5,25,21,-0.00280338957740605,0.006141436590750784,0.023122660658727947,6.333321868418775,998,277,10.826
port3,0.5,25,22,-0.002807400734592702,0.006151935530940669,0.023176152867878348,6.318456088673591,927,348,8.478
port3,0.5,25,23,-0.0028014978615021765,0.006138930000000001,0.023150254361359555,6.446460623209925,1042,233,8.928
port3,0.5,25,25,-0.0028004807024335694,0.006136169999999999,0.02313457575000805,6.44601043706147,989,286,9.688
port3,0.5,25,24,-0.002804759512729524,0.006142894785538596,0.023094929315318303,6.235454516299621,1006,269,10.114
port3,0.5,25,26,-0.0028039810088725066,0.006141811415582769,0.02310518119032518,6.279975886541916,1049,226,9.49
port3,0.5,25,29,-0.002803617942024965,0.006138739833498699,0.023054369422058994,6.187786821868002,1025,250,8.847
port3,0.5,25,27,-0.0028042602221018268,0.006148097794866978,0.023228804331332367,6.518696593789789,1001,274,9.37
port3,0.5,25,30,-0.0028051822213899886,0.0061445156240672255,0.023111710912159862,6.256530274930246,965,310,8.421
port3,0.5,25,28,-0.0028039551119514333,0.006143279862643885,0.02313805607091958,6.347067859346044,1043,232,9.753
port3,0.5,50,1,-0.002807400734592702,0.006151935530940669,0.023176152867878348,6.318456088673591,1686,814,15.072
port3,0.5,50,2,-0.002805057951912142,0.006149762903593654,0.02323030347992405,6.497402304249601,1846,654,16.001
port3,0.5,50,3,-0.002807400734592702,0.006151935530940669,0.023176152867878348,6.318456088673591,1624,876,14.173
port3,0.5,50,7,-0.00280626250200046,0.006145449719642771,0.023085162239885812,6.169730588445691,1340,1160,12.187
port3,0.5,50,4,-0.002807400734592702,0.006151935530940669,0.023176152867878348,6.318456088673591,1603,897,14.717
port3,0.5,50,5,-0.002807400734592702,0.006151935530940669,0.023176152867878348,6.318456088673591,1644,856,15.546
port3,0.5,50,6,-0.00280626250200046,0.006145449719642771,0.023085162239885812,6.169730588445691,1484,1016,14.76
port3,0.5,50,8,-0.002807400734592702,0.006151935530940669,0.023176152867878348,6.318456088673591,1474,1026,13.725
port3,0.5,50,10,-0.002807400734592702,0.006151935530940669,0.023176152867878348,6.318456088673591,1565,935,14.863
port3,0.5,50,12,-0.00280626250200046,0.006145449719642771,0.023085162239885812,6.169730588445691,1583,917,15.375
port3,0.5,50,11,-0.00280626250200046,0.006145449719642771,0.023085162239885812,6.169730588445691,1728,772,15.687
port3,0.5,50,9,-0.0028042515669508264,0.006145604562419342,0.02317544883098684,6.412961758713932,1857,643,16.909
port3,0.5,50,17,-0.0028056129215892956,0.006148855796316815,0.02318684871081502,6.394258293171329,1181,1319,11.297
port3,0.5,50,15,-0.002807400734592702,0.006151935530940669,0.023176152867878348,6.318456088673591,1608,892,14.814
port3,0.5,50,14,-0.0028057783210109033,0.006144857404041402,0.02309330556718973,6.2010557181588135,1673,827,15.654
port3,0.5,50,13,-0.002807400734592702,0.006151935530940669,0.023176152867878348,6.318456088673591,1625,875,17.29
port3,0.5,50,16,-0.002807400734592702,0.006151935530940669,0.023176152867878348,6.318456088673591,1506,994,16.095
port3,0.5,50,19,-0.002807400734592702,0.006151935530940669,0.023176152867878348,6.318456088673591,1497,1003,14.588
port3,0.5,50,20,-0.002807400734592702,0.006151935530940669,0.023176152867878348,6.318456088673591,1499,1001,13.397
port3,0.5,50,18,-0.002807400734592702,0.006151935530940669,0.023176152867878348,6.318456088673591,1591,909,16.754
port3,0.5,50,24,-0.0028057783210109033,0.006144857404041402,0.02309330556718973,6.2010557181588135,1425,1075,13.56
port3,0.5,50,21,-0.002807400734592702,0.006151935530940669,0.023176152867878348,6.318456088673591,1608,892,15.8
port3,0.5,50,23,-0.002805057951912142,0.006149762903593654,0.02323030347992405,6.497402304249601,1727,773,15.369
port3,0.5,50,22,-0.002807400734592702,0.006151935530940669,0.023176152867878348,6.318456088673591,1661,839,18.11
port3,0.5,50,25,-0.002807400734592702,0.006151935530940669,0.023176152867878348,6.318456088673591,1580,920,14.291
port3,0.5,50,30,-0.002807400734592702,0.006151935530940669,0.023176152867878348,6.318456088673591,1288,1212,11.477
port3,0.5,50,27,-0.002807400734592702,0.006151935530940669,0.023176152867878348,6.318456088673591,1442,1058,14.1
port3,0.5,50,29,-0.00280626250200046,0.006145449719642771,0.023085162239885812,6.169730588445691,1698,802,14.771
port3,0.5,50,26,-0.0028056129215892956,0.006148855796316815,0.02318684871081502,6.394258293171329,1740,760,16.886
port3,0.5,50,28,-0.002807400734592702,0.006151935530940669,0.023176152867878348,6.318456088673591,1709,791,18.456
port3,0.5,100,1,-0.002807400734592702,0.006151935530940669,0.023176152867878348,6.318456088673591,2059,2891,21.496
port3,0.5,100,4,-0.002807400734592702,0.006151935530940669,0.023176152867878348,6.318456088673591,1919,3031,21.399
port3,0.5,100,3,-0.002807400734592702,0.006151935530940669,0.023176152867878348,6.318456088673591,1914,3036,22.45
port3,0.5,100,5,-0.002807400734592702,0.006151935530940669,0.023176152867878348,6.318456088673591,1925,3025,22.135
port3,0.5,100,6,-0.00280626250200046,0.006145449719642771,0.023085162239885812,6.169730588445691,1759,3191,20.183
port3,0.5,100,7,-0.002807400734592702,0.006151935530940669,0.023176152867878348,6.318456088673591,1812,3138,20.062
port3,0.5,100,2,-0.002807400734592702,0.006151935530940669,0.023176152867878348,6.318456088673591,2482,2468,29.083
port3,0.5,100,8,-0.002807400734592702,0.006151935530940669,0.023176152867878348,6.318456088673591,1793,3157,21.488
port3,0.5,100,10,-0.002807400734592702,0.006151935530940669,0.023176152867878348,6.318456088673591,1826,3124,22.036
port3,0.5,100,12,-0.002807400734592702,0.006151935530940669,0.023176152867878348,6.318456088673591,1969,2981,20.216
port3,0.5,100,9,-0.002807400734592702,0.006151935530940669,0.023176152867878348,6.318456088673591,2491,2459,25.646
port3,0.5,100,11,-0.002807400734592702,0.006151935530940669,0.023176152867878348,6.318456088673591,2136,2814,24.074
port3,0.5,100,13,-0.002807400734592702,0.006151935530940669,0.023176152867878348,6.318456088673591,1992,2958,22.828
port3,0.5,100,16,-0.002807400734592702,0.006151935530940669,0.023176152867878348,6.318456088673591,1764,3186,18.236
port3,0.5,100,17,-0.002807400734592702,0.006151935530940669,0.023176152867878348,6.318456088673591,1498,3452,17.665
port3,0.5,100,15,-0.002807400734592702,0.006151935530940669,0.023176152867878348,6.318456088673591,1923,3027,19.431
port3,0.5,100,18,-0.002807400734592702,0.006151935530940669,0.023176152867878348,6.318456088673591,1885,3065,21.642
port3,0.5,100,14,-0.002807400734592702,0.006151935530940669,0.023176152867878348,6.318456088673591,2245,2705,24.485
port3,0.5,100,19,-0.002807400734592702,0.006151935530940669,0.023176152867878348,6.318456088673591,1758,3192,20.412
port3,0.5,100,20,-0.002807400734592702,0.006151935530940669,0.023176152867878348,6.318456088673591,1790,3160,19.415
port3,0.5,100,24,-0.002807400734592702,0.006151935530940669,0.023176152867878348,6.318456088673591,1779,3171,16.825
port3,0.5,100,21,-0.002807400734592702,0.006151935530940669,0.023176152867878348,6.318456088673591,1910,3040,19.317
port3,0.7,10,1,-0.001450902071173373,0.00602800162567689,0.022598938550601192,6.609565349646984,440,100,4.026
port3,0.7,10,2,-0.0014305946369809258,0.00588655,0.021888364913777318,6.698112712135954,454,86,5.198
port3,0.7,10,4,-0.0014082899710169618,0.00583602,0.02212032126423375,8.20152553123754,442,98,4.264
port3,0.7,10,3,-0.0014582096517704933,0.006064833072803705,0.02271689962720072,6.378225823989863,457,83,5.276
port3,0.7,10,5,-0.0013864908728763463,0.005778439201418788,0.022265953752287047,9.533207480737575,442,98,5.102
port3,0.5,100,23,-0.002807400734592702,0.006151935530940669,0.023176152867878348,6.318456088673591,2178,2772,23.985
port3,0.5,100,22,-0.002807400734592702,0.006151935530940669,0.023176152867878348,6.318456088673591,2270,2680,24.438
port3,0.5,100,27,-0.002807400734592702,0.006151935530940669,0.023176152867878348,6.318456088673591,1699,3251,16.852
port3,0.7,10,6,-0.0014435867674907105,0.006049919650145073,0.02303379900285702,7.4893723561603185,437,103,5.116
port3,0.7,10,7,-0.0014512294249273436,0.0060941492560145,0.023207614263949995,7.282545078709081,427,113,4.553
port3,0.5,100,25,-0.002807400734592702,0.006151935530940669,0.023176152867878348,6.318456088673591,1896,3054,19.255
port3,0.7,10,9,-0.0014636712478082207,0.006075326793835415,0.022644040223246523,6.006985845894621,449,91,4.6
port3,0.7,10,8,-0.0014073045415285376,0.005776093359081616,0.021564635937967227,7.440407811889957,434,106,5.413
port3,0.5,100,26,-0.002807400734592702,0.006151935530940669,0.023176152867878348,6.318456088673591,2125,2825,20.759
port3,0.7,10,11,-0.001451342117014994,0.006032625296276589,0.022628852375041135,6.624050663704569,444,96,5.433
port3,0.7,10,10,-0.001455093538924913,0.006113826842727129,0.02327029111160611,7.150128606084105,441,99,5.573
port3,0.7,10,13,-0.001410800272936805,0.00594561861031483,0.023080149484464043,9.20752602520048,451,89,4.683
port3,0.5,100,28,-0.002807400734592702,0.006151935530940669,0.023176152867878348,6.318456088673591,2065,2885,21.551
port3,0.7,10,12,-0.001388675552346094,0.005713116747042723,0.021555889873493408,8.42199512557108,459,81,5.55
port3,0.5,100,30,-0.002807400734592702,0.006151935530940669,0.023176152867878348,6.318456088673591,1602,3348,17.73
port3,0.7,10,14,-0.00141566678365233,0.0058658,0.02217054726909007,7.883143973250164,431,109,4.681
port3,0.7,10,15,-0.0014250354531049512,0.005751806619184843,0.020719436446090277,4.961245358282854,451,89,4.724
port3,0.7,10,17,-0.0014031476178188612,0.005870139999999999,0.022611450392007123,9.090369770536537,451,89,4.24
port3,0.7,10,16,-0.0014311258391230771,0.0058953799999999995,0.021957366511262007,6.771584352146646,445,95,5.07
port3,0.7,10,18,-0.0014120204135162405,0.005849853269847971,0.022133864404641875,8.024380364725015,438,102,4.31
port3,0.7,10,19,-0.0014317568580575336,0.005803172067391412,0.021016821907356924,5.1764675384345855,448,92,4.389
port3,0.7,10,21,-0.00141566245072231,0.005926553479939085,0.022750309048431967,8.60572958722008,445,95,4.061
port3,0.7,10,20,-0.0014562206636889266,0.006034835240451251,0.02249539344737206,6.202623413474416,458,82,4.606
port3,0.5,100,29,-0.002807400734592702,0.006151935530940669,0.023176152867878348,6.318456088673591,2163,2787,21.305
port3,0.7,10,22,-0.0014434533621753404,0.005975029999999999,0.02233049285569142,6.647975726094057,461,79,4.351
port3,0.7,10,24,-0.0013987461293650362,0.005779869079603465,0.02188328111060404,8.373509216914673,449,91,4.296
port3,0.7,10,26,-0.001431253648448235,0.005945744306498102,0.02243943096748592,7.425147605525136,440,100,4.098
port3,0.7,10,23,-0.0014390899094380112,0.0060300019855999325,0.022987906331123905,7.669333360299125,438,102,5.447
port3,0.7,10,25,-0.0014325431176435758,0.006008781021743416,0.022993514268141214,8.009478952632556,457,83,4.952
port3,0.7,10,27,-0.0014398559888998354,0.0061039399999999995,0.023643966645098307,8.263023904172192,451,89,4.993
port3,0.7,10,28,-0.0014374947463851374,0.005952917021956711,0.022308882286206613,6.929393608548785,449,91,4.976
port3,0.7,10,29,-0.0014468882689837883,0.006024931735338723,0.02269648341602816,6.936237566546622,445,95,5.58
port3,0.7,10,30,-0.0014615503798083686,0.00605882461643231,0.022554600579841325,6.003153317596767,442,98,5.435
port3,0.7,15,1,-0.0014654977906104778,0.006064589196327196,0.022484247447226602,5.707328916433643,613,172,6.085
port3,0.7,15,2,-0.0014572564637161311,0.006041108800258167,0.022522248567054117,6.183712750688494,638,147,6.182
port3,0.7,15,3,-0.0014608903746853523,0.006076209117030295,0.022739907036615374,6.268255110412834,656,129,6.695
port3,0.7,15,5,-0.001427583985785494,0.005956642754357288,0.022659240956953416,7.886153328416923,626,159,6.314
port3,0.7,15,4,-0.0014462924929110155,0.005988572138321869,0.022369595072187512,6.552551057396098,641,144,7.072
port3,0.7,15,6,-0.0014687020780194202,0.006085610546615229,0.022582581339391034,5.669385550452065,626,159,7.171
port3,0.7,15,8,-0.001456282704350886,0.005981060398123828,0.021975161793204592,5.4721659925040775,626,159,6.794
port3,0.7,15,7,-0.001467804735007757,0.006089965398823652,0.02265218011076383,5.804042492715287,628,157,6.981
port3,0.7,15,9,-0.0014725490673436821,0.006086915078916244,0.02247301417672797,5.326926706585155,622,163,6.984
port3,0.7,15,10,-0.0014665750909178168,0.006086055686711204,0.022653968907883442,5.869681815823119,638,147,6.795
port3,0.7,15,11,-0.0014655870608985266,0.006078623684384824,0.022614787968966585,5.871313265661415,615,170,5.82
port3,0.7,15,12,-0.0014546393424844657,0.006113249418419615,0.02327891391187126,7.181750855112607,647,138,7.101
port3,0.7,15,14,-0.0014617175530742136,0.0060628818424022304,0.02258782856971731,6.036939807570191,624,161,6.234
port3,0.7,15,13,-0.0014385383679932104,0.005925856463230945,0.022013585771910222,6.4629504763004775,643,142,6.8
port3,0.7,15,15,-0.0014537401076960238,0.006060262075672785,0.02281410951287484,6.723942000300568,652,133,5.927
port3,0.7,15,16,-0.001433779240481283,0.0059062,0.02197663562964468,6.65983304389811,631,154,6.186
port3,0.7,15,17,-0.0014321583086844085,0.005943867750564631,0.022392665141099263,7.317834085057228,645,140,6.262
port3,0.7,15,18,-0.0014556348232534694,0.006081028428394892,0.022949438376725924,6.782031761167012,635,150,6.014
port3,0.7,15,20,-0.0014615113110550144,0.006054155714193654,0.022511438464005114,5.949432716886816,621,164,5.825
port3,0.7,15,23,-0.0014619767624541925,0.006083709532506729,0.02277643196996865,6.2564667857024245,622,163,5.745
port3,0.7,15,19,-0.0014720388187671235,0.006093381624366656,0.02255075762246054,5.455758348879324,639,146,7.492
port3,0.7,15,22,-0.0014649791810396615,0.006070568831216078,0.02255759195371331,5.829693627499211,659,126,6.084
port3,0.7,15,21,-0.001441109358975903,0.005979587519852371,0.022448891063283162,6.925871888411235,638,147,7.219
port3,0.7,15,24,-0.001446580887669802,0.0059613440082200994,0.02209790923517517,6.161856725088694,649,136,5.828
port3,0.7,15,27,-0.0014677925234318978,0.006104473384477413,0.02278939264254711,5.973376469936634,645,140,5.734
port3,0.7,15,28,-0.0014501524355230429,0.005970134040777327,0.022067680851357373,5.930819439858623,644,141,5.975
port3,0.7,15,29,-0.0014691270937283733,0.0060900283652147525,0.022611040787192335,5.683813485316003,628,157,5.704
port3,0.7,15,26,-0.0014646927557661368,0.006072275143890193,0.02258285656361358,5.876893631996366,637,148,7.111
port3,0.7,15,25,-0.001470153959321833,0.006092759233173178,0.02260448156039988,5.622433045273648,650,135,7.471
port3,0.7,15,30,-0.0014705968845841564,0.006087696403987779,0.022542405645873544,5.519476473883989,626,159,5.598
port3,0.7,25,1,-0.0014705877259095306,0.006084912367908574,0.02251621588554226,5.485703538718078,899,376,8.791
port3,0.7,25,4,-0.0014732225446952348,0.00608979637421389,0.02247908130967648,5.300097607002222,967,308,9.095
port3,0.7,25,2,-0.0014706590990638886,0.006079064336641122,0.022458221591226672,5.405189251346431,1023,252,9.598
port3,0.7,25,3,-0.0014745509974733873,0.006092126480029874,0.022459072189702105,5.204460876660977,1035,240,10.694
port3,0.7,25,5,-0.0014727595288366118,0.00608556636795916,0.022453456035323272,5.289854752072888,1023,252,9.817
port3,0.7,25,11,-0.0014699017669609685,0.006082471327084883,0.02251474536401476,5.51929187924218,810,465,7.991
port3,0.7,25,7,-0.0014751320624412684,0.006096849897324425,0.022485643253166137,5.209872741624702,988,287,9.342
port3,0.7,25,9,-0.0014745709722232187,0.006094506928375723,0.0224811383255735,5.2329466552211805,886,389,8.825
port3,0.7,25,6,-0.0014728279831468778,0.00608727322918434,0.022467563464070486,5.305191827651306,976,299,10.523
port3,0.7,25,10,-0.001472707845760489,0.006097307894709871,0.022566869605446974,5.442094595502456,970,305,9.097
port3,0.7,25,8,-0.0014732225446952348,0.00608979637421389,0.02247908130967648,5.300097607002222,969,306,10.272
port3,0.7,25,12,-0.0014701283950683903,0.006093528540140723,0.0226125807895209,5.6340872183154085,1033,242,10.934
port3,0.7,25,13,-0.001465899734260241,0.006068771386661598,0.022511320381984293,5.7220328294211935,1010,265,9.986
port3,0.7,25,14,-0.0014718767046423057,0.006089970492333424,0.02252346215006292,5.428481876048945,1008,267,9.96
port3,0.7,25,15,-0.0014745632985164083,0.006103977944087467,0.022571476460025258,5.352166464006716,1023,252,9.884
port3,0.7,25,17,-0.0014684018254947915,0.006074300576259452,0.02248454540291571,5.557215236644059,1042,233,9.894
port3,0.7,25,16,-0.0014693187465993477,0.0060843005577165266,0.022550623073926374,5.596264925686512,1023,252,10.491
port3,0.7,25,19,-0.0014745530843823806,0.006094583605131799,0.022482437499942016,5.235607242730092,969,306,10.129
port3,0.7,25,18,-0.0014732539136843971,0.00608992848391446,0.022479343898977287,5.2988214988430045,1020,255,10.2
port3,0.7,25,21,-0.0014739632167961817,0.006096621010101966,0.022520564768178573,5.316663139987612,1018,257,9.66
port3,0.7,25,20,-0.0014714914809604218,0.006098511195319365,0.022616740880386683,5.569032771854778,987,288,10.401
port3,0.7,25,23,-0.0014720691481904123,0.006095807877168149,0.0225728412972009,5.482843115263774,952,323,9.237
port3,0.7,25,22,-0.0014706318913471192,0.006093746683739766,0.022598739338252953,5.590411634835576,1013,262,10.063
port3,0.7,25,24,-0.0014756283249371428,0.006097158373677419,0.022472814915743468,5.167015704474589,957,318,10.257
port3,0.7,25,25,-0.0014745509974733873,0.006092126480029874,0.022459072189702105,5.204460876660977,1019,256,9.691
port3,0.7,25,26,-0.0014756283249371428,0.006097158373677419,0.022472814915743468,5.167015704474589,980,295,9.745
port3,0.7,25,27,-0.0014720281580968683,0.006100105257221069,0.022614894556762893,5.538977284893557,1003,272,9.668
port3,0.7,25,28,-0.0014563895029502888,0.005982944390852965,0.021990056658979847,5.48876708006285,917,358,8.735
port3,0.7,25,30,-0.0014737432414722057,0.006091128710656698,0.0224752362684166,5.267979160353832,860,415,8.442
port3,0.7,25,29,-0.0014745709722232187,0.006094506928375723,0.0224811383255735,5.2329466552211805,967,308,10.315
port3,0.7,50,4,-0.0014756283249371428,0.006097158373677419,0.022472814915743468,5.167015704474589,1281,1219,12.758
port3,0.7,50,1,-0.0014756283249371428,0.006097158373677419,0.022472814915743468,5.167015704474589,1313,1187,15.349
port3,0.7,50,2,-0.0014756283249371428,0.006097158373677419,0.022472814915743468,5.167015704474589,1523,977,15.769
port3,0.7,50,5,-0.0014756283249371428,0.006097158373677419,0.022472814915743468,5.167015704474589,1663,837,17.244
port3,0.7,50,3,-0.0014756283249371428,0.006097158373677419,0.022472814915743468,5.167015704474589,1653,847,17.413
port3,0.7,50,6,-0.0014756283249371428,0.006097158373677419,0.022472814915743468,5.167015704474589,1427,1073,14.956
port3,0.7,50,11,-0.0014756283249371428,0.006097158373677419,0.022472814915743468,5.167015704474589,1172,1328,12.23
port3,0.7,50,10,-0.0014728279831468778,0.00608727322918434,0.022467563464070486,5.305191827651306,1309,1191,13.09
port3,0.7,50,7,-0.0014756283249371428,0.006097158373677419,0.022472814915743468,5.167015704474589,1423,1077,16.312
port3,0.7,50,8,-0.0014756283249371428,0.006097158373677419,0.022472814915743468,5.167015704474589,1386,1114,14.382
port3,0.7,50,9,-0.0014756283249371428,0.006097158373677419,0.022472814915743468,5.167015704474589,1333,1167,14.507
port3,0.7,50,12,-0.001473240872734711,0.006094683522590688,0.022525039528822004,5.359941457203605,1641,859,16.773
port3,0.7,50,13,-0.0014737432414722057,0.006091128710656698,0.0224752362684166,5.267979160353832,1703,797,16.469
port3,0.7,50,15,-0.0014756283249371428,0.006097158373677419,0.022472814915743468,5.167015704474589,1603,897,15.093
port3,0.7,50,14,-0.0014756283249371428,0.006097158373677419,0.022472814915743468,5.167015704474589,1732,768,16.617
port3,0.7,50,17,-0.0014737432414722057,0.006091128710656698,0.0224752362684166,5.267979160353832,1654,846,15.419
port3,0.7,50,18,-0.0014756283249371428,0.006097158373677419,0.022472814915743468,5.167015704474589,1578,922,15.548
port3,0.7,50,19,-0.0014756283249371428,0.006097158373677419,0.022472814915743468,5.167015704474589,1422,1078,13.847
port3,0.7,50,23,-0.0014732539136843971,0.00608992848391446,0.022479343898977287,5.2988214988430045,1350,1150,13.815
port3,0.7,50,16,-0.0014751320624412684,0.006096849897324425,0.022485643253166137,5.209872741624702,1847,653,17.649
port3,0.7,50,22,-0.0014737432414722057,0.006091128710656698,0.0224752362684166,5.267979160353832,1642,858,15.478
port3,0.7,50,20,-0.0014756283249371428,0.006097158373677419,0.022472814915743468,5.167015704474589,1667,833,16.557
port3,0.7,50,21,-0.0014756283249371428,0.006097158373677419,0.022472814915743468,5.167015704474589,1584,916,17.614
port3,0.7,50,24,-0.0014756283249371428,0.006097158373677419,0.022472814915743468,5.167015704474589,1319,1181,14.922
port3,0.7,50,26,-0.0014756283249371428,0.006097158373677419,0.022472814915743468,5.167015704474589,1282,1218,13.257
port3,0.7,50,25,-0.0014756283249371428,0.006097158373677419,0.022472814915743468,5.167015704474589,1344,1156,14.329
port3,0.7,50,30,-0.0014737432414722057,0.006091128710656698,0.0224752362684166,5.267979160353832,1044,1456,11.502
port3,0.7,50,28,-0.0014756283249371428,0.006097158373677419,0.022472814915743468,5.167015704474589,1358,1142,14.314
port3,0.7,50,29,-0.0014756283249371428,0.006097158373677419,0.022472814915743468,5.167015704474589,1340,1160,14.075
port3,0.7,50,27,-0.0014751320624412684,0.006096849897324425,0.022485643253166137,5.209872741624702,1708,792,17.393
port3,0.7,100,1,-0.0014756283249371428,0.006097158373677419,0.022472814915743468,5.167015704474589,1578,3372,16.755
port3,0.7,100,4,-0.0014756283249371428,0.006097158373677419,0.022472814915743468,5.167015704474589,1580,3370,17.265
port3,0.7,100,2,-0.0014756283249371428,0.006097158373677419,0.022472814915743468,5.167015704474589,1890,3060,19.992
port3,0.7,100,3,-0.0014756283249371428,0.006097158373677419,0.022472814915743468,5.167015704474589,1978,2972,21.888
port3,0.7,100,5,-0.0014756283249371428,0.006097158373677419,0.022472814915743468,5.167015704474589,1934,3016,19.887
port3,0.7,100,6,-0.0014756283249371428,0.006097158373677419,0.022472814915743468,5.167015704474589,1703,3247,18.125
port3,0.7,100,8,-0.0014756283249371428,0.006097158373677419,0.022472814915743468,5.167015704474589,1625,3325,17.215
port3,0.7,100,7,-0.0014756283249371428,0.006097158373677419,0.022472814915743468,5.167015704474589,1661,3289,18.741
port3,0.7,100,9,-0.0014756283249371428,0.006097158373677419,0.022472814915743468,5.167015704474589,1637,3313,17.899
port3,0.7,100,11,-0.0014756283249371428,0.006097158373677419,0.022472814915743468,5.167015704474589,1492,3458,16.966
port3,0.7,100,10,-0.0014756283249371428,0.006097158373677419,0.022472814915743468,5.167015704474589,1694,3256,18.733
port3,0.7,100,12,-0.0014756283249371428,0.006097158373677419,0.022472814915743468,5.167015704474589,2143,2807,24.29
port3,0.7,100,13,-0.0014756283249371428,0.006097158373677419,0.022472814915743468,5.167015704474589,2048,2902,22.422
port3,0.7,100,14,-0.0014756283249371428,0.006097158373677419,0.022472814915743468,5.167015704474589,2008,2942,21.354
port3,0.7,100,15,-0.0014756283249371428,0.006097158373677419,0.022472814915743468,5.167015704474589,1890,3060,21.92
port3,0.7,100,17,-0.0014737432414722057,0.006091128710656698,0.0224752362684166,5.267979160353832,1951,2999,20.941
port3,0.7,100,19,-0.0014756283249371428,0.006097158373677419,0.022472814915743468,5.167015704474589,1678,3272,20.022
port3,0.7,100,18,-0.0014756283249371428,0.006097158373677419,0.022472814915743468,5.167015704474589,2023,2927,22.172
port3,0.7,100,21,-0.0014756283249371428,0.006097158373677419,0.022472814915743468,5.167015704474589,1869,3081,20.28
port3,0.7,100,20,-0.0014756283249371428,0.006097158373677419,0.022472814915743468,5.167015704474589,2103,2847,23.61
port3,0.7,100,23,-0.0014756283249371428,0.006097158373677419,0.022472814915743468,5.167015704474589,1647,3303,20.257
port3,0.7,100,22,-0.0014737432414722057,0.006091128710656698,0.0224752362684166,5.267979160353832,1945,3005,22.439
port3,0.9,10,1,-0.0002246022410708289,0.005353993460052671,0.018583059936238162,2.484207947812503,440,100,4.95
port3,0.7,100,16,-0.0014756283249371428,0.006097158373677419,0.022472814915743468,5.167015704474589,2851,2099,30.377
port3,0.7,100,24,-0.0014756283249371428,0.006097158373677419,0.022472814915743468,5.167015704474589,1575,3375,16.945
port3,0.9,10,2,-0.00020317937531490036,0.005202874015986436,0.01877078185442421,6.152726157318724,430,110,4.607
port3,0.9,10,3,-0.00021505682438380946,0.00510239232227171,0.018110230621372285,4.0462100620092,451,89,4.769
port3,0.9,10,4,-0.00020176176813615013,0.00521324192647688,0.018843284229888787,6.3848752221039815,448,92,4.459
port3,0.7,100,26,-0.0014756283249371428,0.006097158373677419,0.022472814915743468,5.167015704474589,1547,3403,15.973
port3,0.7,100,25,-0.0014756283249371428,0.006097158373677419,0.022472814915743468,5.167015704474589,1724,3226,18.106
port3,0.9,10,6,-0.0002143766671854054,0.005106792704231514,0.018144561573887823,4.172858406638789,446,94,4.247
port3,0.9,10,5,-0.00022043499710971233,0.0053287021481209906,0.018631968277440267,3.198158276496258,433,107,4.502
port3,0.9,10,7,-0.0002128562695419926,0.005331102991349955,0.018863663765527946,4.389393379482139,446,94,4.661
port3,0.9,10,9,-0.00021543709789704943,0.005274541880449603,0.018619496655922274,4.071190876421673,446,94,4.645
port3,0.7,100,30,-0.0014756283249371428,0.006097158373677419,0.022472814915743468,5.167015704474589,1434,3516,14.668
port3,0.9,10,8,-0.00021019935356918153,0.005118757330060069,0.018308358122781733,4.919182230677652,445,95,5.19
port3,0.7,100,28,-0.0014756283249371428,0.006097158373677419,0.022472814915743468,5.167015704474589,1663,3287,16.756
port3,0.9,10,10,-0.0002116716651948317,0.0053308486874385375,0.018897771871867208,4.560918148438667,453,87,4.939
port3,0.9,10,11,-0.0002107093920053267,0.005129764447754986,0.018326272966856804,4.8426321527542155,443,97,4.865
port3,0.9,10,13,-0.00020668505526933188,0.005169999686342627,0.018568638834961928,5.561364867779359,426,114,4.369
port3,0.7,100,29,-0.0014756283249371428,0.006097158373677419,0.022472814915743468,5.167015704474589,1613,3337,16.314
port3,0.9,10,12,-0.00020521187712770772,0.005382483962100203,0.019236438775358734,5.237956968288241,451,89,5.263
port3,0.7,100,27,-0.0014751320624412684,0.006096849897324425,0.022485643253166137,5.209872741624702,2010,2940,20.754
port3,0.9,10,14,-0.00021236046844123142,0.005224368341138019,0.01856150034861796,4.605357440523542,430,110,4.917
port3,0.9,10,15,-0.00022254095887633876,0.005271757085559501,0.018397908989870777,2.8801868223163996,453,87,4.598
port3,0.9,10,16,-0.00021996382450458597,0.005393076033500264,0.01883683680821645,3.1440626032223475,448,92,4.315
port3,0.9,10,18,-0.00020922058255140678,0.005286307856398756,0.018838795759120435,5.071162263635418,446,94,4.376
port3,0.9,10,17,-0.00020723226876644536,0.005121217811502736,0.018405600367032864,5.436252268363464,458,82,4.449
port3,0.9,10,20,-0.00020757542666855464,0.005202664073434489,0.018639592886436778,5.414380435749593,450,90,4.39
port3,0.9,10,19,-0.00020896870158968465,0.005001143482493038,0.017985971281950057,4.9190702636552635,435,105,4.592
port3,0.9,10,21,-0.00019898410135240957,0.005161222235455053,0.01877167257666886,6.863481012510339,453,87,4.775
port3,0.9,10,22,-0.0002166130252517963,0.0053131703049806335,0.018699495098539336,3.844751806210127,445,95,4.256
port3,0.9,10,23,-0.0002018963385202958,0.005388702849044246,0.019349819016785796,5.638293807485738,443,97,4.308
port3,0.9,10,25,-0.00021497924565326,0.005085633888087393,0.018061135166597034,4.031016584111488,457,83,4.441
port3,0.9,10,24,-0.000221583903885392,0.005493207532887116,0.019082768533223295,2.562952827751975,447,93,4.718
port3,0.9,10,26,-0.00021470284093941857,0.0051198869257185154,0.018174642030172848,4.134678512043652,430,110,4.56
port3,0.9,10,27,-0.0002235750964659587,0.005323873868479258,0.018523627266037134,2.682122807010126,440,100,4.922
port3,0.9,10,29,-0.00021556141773074368,0.005271288342859336,0.018606074771285196,4.052332402983624,442,98,4.371
port3,0.9,10,30,-0.0002127036427922108,0.005348763420329345,0.018920086305908496,4.349027666299905,435,105,4.445
port3,0.9,10,28,-0.0002000655938108221,0.005016742331389978,0.0183063024765964,6.5420031884893435,442,98,4.956
port3,0.9,15,1,-0.00022922339281485386,0.005375315877614244,0.018508502398944783,1.6992373662173228,638,147,6.509
port3,0.9,15,2,-0.00022267069699572476,0.0052793545614599514,0.018416923351160543,2.856641215704229,627,158,7.086
port3,0.9,15,4,-0.00022786595520884713,0.005305354180062076,0.018338467850618767,1.9740022434652997,644,141,6.755
port3,0.9,15,5,-0.00023073514777312623,0.005374060358645745,0.018459291189336608,1.4508242811347223,621,164,6.766
port3,0.9,15,8,-0.00021721538278311037,0.005332552031036754,0.01873913967907115,3.7239060959037027,644,141,6.495
port3,0.9,15,6,-0.0002240397490081231,0.005364513007028736,0.01863126260690618,2.5646103452059177,629,156,6.874
port3,0.9,15,3,-0.00022803673712585545,0.005409396290202106,0.018645907858900752,1.8492826273763365,657,128,8.082
port3,0.9,15,7,-0.00022585145040264671,0.005340844491606373,0.01850624515484166,2.290265796539196,636,149,6.851
port3,0.9,15,9,-0.0002266452330746537,0.005274876673451809,0.018283035071117067,2.184901446186914,645,140,7.207
port3,0.9,15,10,-0.00022791159966902924,0.0052985568184145794,0.018316479591778317,1.9680686473462932,650,135,7.214
port3,0.9,15,11,-0.0002254869740968931,0.005343923851321095,0.018526419904654368,2.34798899934771,632,153,7.252
port3,0.9,15,12,-0.00021140240062638858,0.005389485940974607,0.019077217170432842,4.376556437518248,633,152,7.959
port3,0.9,15,13,-0.00022981605963537567,0.0054050675299948964,0.018579878404222185,1.5653701247037317,622,163,6.724
port3,0.9,15,14,-0.00022509135580575407,0.005353791097436495,0.01856782623362535,2.4037472470676624,623,162,6.729
port3,0.9,15,16,-0.00022868620818669442,0.00542601929613471,0.018676060773882477,1.717173712334974,638,147,7.331
port3,0.9,15,15,-0.0002228332726523383,0.005268253063895189,0.018378490862272806,2.831304519585202,620,165,7.516
port3,0.9,15,20,-0.0002163457855254277,0.0053417892080120915,0.018792230524453495,3.842667819047405,647,138,7.155
port3,0.9,15,19,-0.00022243928313626135,0.005112979857202199,0.017915192267519097,2.7578544524595467,620,165,7.274
port3,0.9,15,18,-0.00022779083464335124,0.005415556026182491,0.01867156983148735,1.8795796029103897,631,154,7.342
port3,0.9,15,17,-0.00021782734937822077,0.005315823701101712,0.018671279808898135,3.641635705209184,663,122,7.626
port3,0.9,15,22,-0.00022817728318050534,0.005371596376305723,0.018528727078964188,1.8757436474299063,630,155,6.71
port3,0.9,15,23,-0.00021207174700252422,0.005342857405736218,0.018921298803526422,4.460536657335195,634,151,6.748
port3,0.9,15,21,-0.00021898830679671324,0.005537777864141762,0.019286998488258086,2.7391384440094506,648,137,7.553
port3,0.9,15,24,-0.0002231367972338592,0.005515470879095728,0.0191023643293969,2.26238451296475,641,144,6.867
port3,0.9,15,25,-0.00022757168787052522,0.005361310501392971,0.018516039961454792,1.9864500336418542,647,138,6.947
port3,0.9,15,26,-0.00022772991848681365,0.005406122549854796,0.018645295400021772,1.9041964354070662,628,157,6.708
port3,0.9,15,27,-0.00023093740493007316,0.0053309096758033594,0.018322832224372792,1.447884375905968,624,161,6.557
port3,0.9,15,28,-0.00022631804736859492,0.005338771434016913,0.018486003595305892,2.2144960565622527,638,147,7.402
port3,0.9,15,29,-0.00023249942769628442,0.005371876042257605,0.01839952223200603,1.1604608451123624,623,162,6.981
port3,0.9,15,30,-0.0002281016614680659,0.005319620657992648,0.01837451146232492,1.9288848251910427,635,150,7.224
port3,0.9,25,2,-0.0002359442249305737,0.005376733604653882,0.01830995890324942,0.5836619608081262,956,319,11.028
port3,0.9,25,1,-0.00023379741106596675,0.005399869286869233,0.018444798050789166,0.9184180726811152,978,297,11.425
port3,0.9,25,3,-0.00023297979473514918,0.005377143853500668,0.01840092360649678,1.0761955427622123,999,276,10.998
port3,0.9,25,5,-0.00023390559503889128,0.00540604876900305,0.01846014571573082,0.893577402526267,941,334,10.941
port3,0.9,25,6,-0.00023249942769628442,0.005371876042257605,0.01839952223200603,1.1604608451123624,983,292,10.641
port3,0.9,25,4,-0.00023343080052558313,0.005375776002696166,0.01838316862253299,1.0025389511874392,975,300,12.455
port3,0.9,25,8,-0.00023419828047044913,0.005353556661289734,0.018292602805461015,0.8899119841381269,989,286,11.122
port3,0.9,25,9,-0.00023219575025007765,0.005408822427304086,0.01851985398551544,1.1708927103948066,952,323,10.155
port3,0.9,25,7,-0.00023379741106596675,0.005399869286869233,0.018444798050789166,0.9184180726811152,983,292,12.071
port3,0.9,25,10,-0.00023508351212037765,0.0053468010495227244,0.0182451391648995,0.7445516069566177,1002,273,10.702
port3,0.9,25,11,-0.00023256515646222963,0.005411566854665947,0.018517005067545795,1.1067979747244883,1007,268,11.509
port3,0.9,25,12,-0.00023192832637158433,0.00541029389964248,0.018532286049326743,1.2127613225570626,1013,262,11.572
port3,0.9,25,13,-0.00023379741106596675,0.005399869286869233,0.018444798050789166,0.9184180726811152,961,314,10.181
port3,0.9,25,14,-0.00023390559503889128,0.00540604876900305,0.01846014571573082,0.893577402526267,992,283,12.078
port3,0.9,25,15,-0.0002300550165528419,0.005247560928550651,0.0180954591081797,1.5936113077118699,956,319,10.88
port3,0.9,25,17,-0.00023107403095237999,0.00537308348903178,0.01844614738308963,1.3956838422546913,1041,234,11.156
port3,0.9,25,16,-0.00023296392043711236,0.005367893983611246,0.018373455427872387,1.0865319124589103,948,327,12.002
port3,0.9,25,18,-0.00023569267357749577,0.0054300857673660954,0.018478693531233138,0.5702672341105242,1014,261,11.922
port3,0.9,25,19,-0.0002340503386944132,0.005361762541223554,0.01832199393042696,0.9098070776022049,941,334,11.331
port3,0.9,25,21,-0.00023332245375958064,0.005407393129786122,0.018481728491165163,0.9878274247533798,1025,250,11.485
port3,0.9,25,20,-0.00022791728995118232,0.00521641854283804,0.018065453967067817,1.9410760424575346,1032,243,12.17
port3,0.9,25,22,-0.00023419828047044913,0.005353556661289734,0.018292602805461015,0.8899119841381269,973,302,12.752
port3,0.9,25,24,-0.00023259152484335707,0.005357376646774004,0.01835290288374152,1.1561997928873962,1009,266,11.42
port3,0.9,25,23,-0.00022265452971713737,0.005448591647237138,0.018921024021106975,2.568465069428761,966,309,12.032
port3,0.9,25,25,-0.00023130187387465092,0.005357931898954397,0.018393577261303543,1.3707262701090406,916,359,11.023
port3,0.9,25,26,-0.00023273955031204158,0.005357057356430156,0.018347454722990684,1.131712547435505,1003,272,11.624
port3,0.9,25,27,-0.00023460621449173606,0.0053986711620257555,0.01841680698923433,0.7862937703459895,846,429,11.289
port3,0.9,25,28,-0.0002359442249305737,0.005376733604653882,0.01830995890324942,0.5836619608081262,987,288,11.103
port3,0.9,25,29,-0.00023508351212037765,0.0053468010495227244,0.0182451391648995,0.7445516069566177,974,301,11.798
port3,0.9,25,30,-0.00023508351212037765,0.0053468010495227244,0.0182451391648995,0.7445516069566177,978,297,11.708
port3,0.9,50,1,-0.00023569267357749577,0.0054300857673660954,0.018478693531233138,0.5702672341105242,1464,1036,16.995
port3,0.9,50,5,-0.00023390559503889128,0.00540604876900305,0.01846014571573082,0.893577402526267,1177,1323,14.039
port3,0.9,50,2,-0.0002359442249305737,0.005376733604653882,0.01830995890324942,0.5836619608081262,1492,1008,17.476
port3,0.9,50,3,-0.0002359442249305737,0.005376733604653882,0.01830995890324942,0.5836619608081262,1476,1024,17.387
port3,0.9,50,4,-0.0002359442249305737,0.005376733604653882,0.01830995890324942,0.5836619608081262,1345,1155,15.517
port3,0.9,50,6,-0.00023569267357749577,0.0054300857673660954,0.018478693531233138,0.5702672341105242,1506,994,17.659
port3,0.9,50,7,-0.0002359442249305737,0.005376733604653882,0.01830995890324942,0.5836619608081262,1457,1043,16.069
port3,0.9,50,10,-0.00023548002857318233,0.005388621153350439,0.018360043777539838,0.6513644414419739,1410,1090,14.78
port3,0.9,50,8,-0.00023531348781690326,0.005389555994487446,0.018367910170604032,0.678144187104754,1419,1081,15.989
port3,0.9,50,9,-0.00023548002857318233,0.005388621153350439,0.018360043777539838,0.6513644414419739,1511,989,16.247
port3,0.9,50,11,-0.00023569267357749577,0.0054300857673660954,0.018478693531233138,0.5702672341105242,1398,1102,15.79
port3,0.9,50,12,-0.0002359442249305737,0.005376733604653882,0.01830995890324942,0.5836619608081262,1618,882,17.792
port3,0.9,50,13,-0.0002359442249305737,0.005376733604653882,0.01830995890324942,0.5836619608081262,1357,1143,15.788
port3,0.9,50,14,-0.00023569267357749577,0.0054300857673660954,0.018478693531233138,0.5702672341105242,1456,1044,18.078
port3,0.9,50,18,-0.00023569267357749577,0.0054300857673660954,0.018478693531233138,0.5702672341105242,1256,1244,14.526
port3,0.9,50,19,-0.0002359442249305737,0.005376733604653882,0.01830995890324942,0.5836619608081262,1295,1205,15.728
port3,0.9,50,15,-0.00023508351212037765,0.0053468010495227244,0.0182451391648995,0.7445516069566177,1606,894,18.938
port3,0.9,50,16,-0.0002359442249305737,0.005376733604653882,0.01830995890324942,0.5836619608081262,1594,906,18.795
port3,0.9,50,17,-0.0002359442249305737,0.005376733604653882,0.01830995890324942,0.5836619608081262,1500,1000,18.815
port3,0.9,50,20,-0.0002359442249305737,0.005376733604653882,0.01830995890324942,0.5836619608081262,1454,1046,16.32
port3,0.9,50,21,-0.0002359442249305737,0.005376733604653882,0.01830995890324942,0.5836619608081262,1534,966,17.264
port3,0.9,50,22,-0.0002359442249305737,0.005376733604653882,0.01830995890324942,0.5836619608081262,1520,980,17.911
port3,0.9,50,23,-0.0002359442249305737,0.005376733604653882,0.01830995890324942,0.5836619608081262,1534,966,18.784
port3,0.9,50,24,-0.0002359442249305737,0.005376733604653882,0.01830995890324942,0.5836619608081262,1421,1079,17.866
port3,0.9,50,27,-0.00023460621449173606,0.0053986711620257555,0.01841680698923433,0.7862937703459895,1064,1436,12.987
port3,0.9,50,25,-0.0002359442249305737,0.005376733604653882,0.01830995890324942,0.5836619608081262,1375,1125,17.453
port3,0.9,50,28,-0.0002359442249305737,0.005376733604653882,0.01830995890324942,0.5836619608081262,1284,1216,15.353
port3,0.9,50,26,-0.0002359442249305737,0.005376733604653882,0.01830995890324942,0.5836619608081262,1593,907,18.938
port3,0.9,50,30,-0.0002359442249305737,0.005376733604653882,0.01830995890324942,0.5836619608081262,1377,1123,17.662
port3,0.9,50,29,-0.0002359442249305737,0.005376733604653882,0.01830995890324942,0.5836619608081262,1472,1028,18.288
port3,0.9,100,1,-0.00023569267357749577,0.0054300857673660954,0.018478693531233138,0.5702672341105242,1734,3216,21.351
port3,0.9,100,2,-0.0002359442249305737,0.005376733604653882,0.01830995890324942,0.5836619608081262,1764,3186,21.886
port3,0.9,100,5,-0.00023569267357749577,0.0054300857673660954,0.018478693531233138,0.5702672341105242,1424,3526,18.494
port3,0.9,100,3,-0.0002359442249305737,0.005376733604653882,0.01830995890324942,0.5836619608081262,1723,3227,22.631
port3,0.9,100,4,-0.0002359442249305737,0.005376733604653882,0.01830995890324942,0.5836619608081262,1746,3204,22.519
port3,0.9,100,6,-0.0002359442249305737,0.005376733604653882,0.01830995890324942,0.5836619608081262,1865,3085,23.213
port3,0.9,100,7,-0.0002359442249305737,0.005376733604653882,0.01830995890324942,0.5836619608081262,1769,3181,23.497
port3,0.9,100,8,-0.0002359442249305737,0.005376733604653882,0.01830995890324942,0.5836619608081262,1794,3156,22.099
port3,0.9,100,9,-0.0002359442249305737,0.005376733604653882,0.01830995890324942,0.5836619608081262,1839,3111,23.624
port3,0.9,100,11,-0.0002359442249305737,0.005376733604653882,0.01830995890324942,0.5836619608081262,1729,3221,21.336
port3,0.9,100,10,-0.00023548002857318233,0.005388621153350439,0.018360043777539838,0.6513644414419739,1724,3226,22.412
port3,0.9,100,12,-0.0002359442249305737,0.005376733604653882,0.01830995890324942,0.5836619608081262,1859,3091,22.533
port3,0.9,100,13,-0.0002359442249305737,0.005376733604653882,0.01830995890324942,0.5836619608081262,1630,3320,20.256
port3,0.9,100,14,-0.00023569267357749577,0.0054300857673660954,0.018478693531233138,0.5702672341105242,1733,3217,21.566
port3,0.9,100,15,-0.00023508351212037765,0.0053468010495227244,0.0182451391648995,0.7445516069566177,1937,3013,22.845
port3,0.9,100,16,-0.0002359442249305737,0.005376733604653882,0.01830995890324942,0.5836619608081262,1891,3059,23.427
port3,0.9,100,17,-0.0002359442249305737,0.005376733604653882,0.01830995890324942,0.5836619608081262,1929,3021,24.698
port3,0.9,100,18,-0.0002359442249305737,0.005376733604653882,0.01830995890324942,0.5836619608081262,1586,3364,20.293
port3,0.9,100,19,-0.0002359442249305737,0.005376733604653882,0.01830995890324942,0.5836619608081262,1563,3387,19.425
port3,0.9,100,20,-0.0002359442249305737,0.005376733604653882,0.01830995890324942,0.5836619608081262,1742,3208,21.88
port3,0.9,100,21,-0.0002359442249305737,0.005376733604653882,0.01830995890324942,0.5836619608081262,1816,3134,21.395
port3,0.9,100,24,-0.0002359442249305737,0.005376733604653882,0.01830995890324942,0.5836619608081262,1686,3264,20.003
port3,0.9,100,23,-0.0002359442249305737,0.005376733604653882,0.01830995890324942,0.5836619608081262,1833,3117,21.581
port3,0.9,100,22,-0.0002359442249305737,0.005376733604653882,0.01830995890324942,0.5836619608081262,1801,3149,22.769
port3,0.9,100,25,-0.0002359442249305737,0.005376733604653882,0.01830995890324942,0.5836619608081262,1783,3167,21.359
port3,0.9,100,27,-0.0002359442249305737,0.005376733604653882,0.01830995890324942,0.5836619608081262,1577,3373,18.49
port3,0.9,100,28,-0.0002359442249305737,0.005376733604653882,0.01830995890324942,0.5836619608081262,1552,3398,17.776
port3,0.9,100,26,-0.0002359442249305737,0.005376733604653882,0.01830995890324942,0.5836619608081262,1891,3059,21.577
port3,0.9,100,30,-0.0002359442249305737,0.005376733604653882,0.01830995890324942,0.5836619608081262,1643,3307,18.487
port3,0.9,100,29,-0.0002359442249305737,0.005376733604653882,0.01830995890324942,0.5836619608081262,1756,3194,19.451
port4,0.1,10,1,-0.006591212402207435,0.00742281,0.029885882585690155,6.378069497137587,454,86,3.198
port4,0.1,10,3,-0.006630139260693928,0.00746652,0.02995475576700173,5.936784575260066,438,102,3.238
port4,0.1,10,6,-0.006658848170020598,0.007499009999999999,0.03004344021236614,5.669044441177509,465,75,3.254
port4,0.1,10,8,-0.006383990574023086,0.007191409999999999,0.0297116855760347,9.026508638078493,462,78,3.294
port4,0.1,10,2,-0.006706680779845462,0.00755242,0.030082755883485402,5.060139215282808,458,82,3.315
port4,0.1,10,9,-0.006553504000617535,0.007386360000000001,0.030695276408995806,8.087470970366669,446,94,3.306
port4,0.1,10,5,-0.006674952529074823,0.007519700000000001,0.030459394433438747,6.064093468344457,432,108,3.56
port4,0.1,10,4,-0.006708690762251912,0.0075568499999999995,0.030409577068431313,5.522038465775985,470,70,3.836
port4,0.1,10,11,-0.006466555676967273,0.007285019999999997,0.029993719848115642,8.283843990453438,456,84,3.829
port4,0.1,10,12,-0.006457481498598365,0.007282339999999999,0.03108448188431556,9.95089848640247,434,106,3.848
port4,0.1,10,7,-0.006547762041574422,0.007376509999999999,0.030182272682085922,7.426409057984343,446,94,4.077
port4,0.1,10,10,-0.006479535348039629,0.00728874,0.028342662535543395,5.524920000597561,449,91,4.12
port4,0.1,10,14,-0.006550918936399322,0.007373039999999999,0.029123369242015605,5.769174190988263,437,103,3.018
port4,0.1,10,15,-0.006481037538970855,0.007289390000000001,0.028180394076227154,5.231882323161438,451,89,3.091
port4,0.1,10,17,-0.006550744192289754,0.007367959999999999,0.028358386362811027,4.525774753536959,434,106,3.107
port4,0.1,10,16,-0.006475176069766949,0.007276629999999999,0.02716448604944525,3.5305549288945226,447,93,3.247
port4,0.1,10,20,-0.006548623115528095,0.00737818,0.030288427570923076,7.569698649300585,434,106,3.087
port4,0.1,10,19,-0.006491251295728873,0.007302819999999998,0.028510823255585946,5.634170841926798,448,92,3.418
port4,0.1,10,21,-0.006371631122329118,0.007173840000000001,0.029124710757513377,8.317213854030236,437,103,3.139
port4,0.1,10,24,-0.006325776733474859,0.007112299999999999,0.02743961853327056,6.219136141898564,432,108,3.218
port4,0.1,10,13,-0.006287139279282383,0.007061039999999999,0.026037803424562495,4.173192226149241,445,95,5.093
port4,0.1,10,18,-0.006326004367180341,0.00712395,0.029249039782471224,9.153879700005284,440,100,5.128
port4,0.1,10,22,-0.006678632463638136,0.0075219399999999995,0.030185018860663927,5.605638781605892,444,96,4.944
port4,0.1,10,23,-0.006471941573080697,0.00729369,0.030393984095426464,8.788539753346871,444,96,4.983
port4,0.1,10,25,-0.006579965822436882,0.007412810000000002,0.0302594080515662,7.090868768106012,437,103,3.003
port4,0.1,10,27,-0.006695970432386097,0.007545980000000001,0.030888762942841,6.396454599321946,451,89,3.243
port4,0.1,10,28,-0.0065379193856689305,0.0073678300000000006,0.030516817385020677,8.048595314016888,447,93,3.117
port4,0.1,10,26,-0.00670649991346133,0.007552259999999999,0.030088882754045608,5.071946063798276,453,87,3.596
port4,0.1,10,29,-0.006505842489043765,0.007319509999999996,0.028586099936198307,5.548198956945139,448,92,3.314
port4,0.1,10,30,-0.006304060217854513,0.007105789999999999,0.03019118781126129,10.83720816825842,463,77,3.474
port4,0.1,15,1,-0.006719553057540213,0.007571419999999999,0.0307774174452289,5.910939299657579,645,140,4.587
port4,0.1,15,2,-0.006721875600573998,0.0075743500000000005,0.030828460783179294,5.952635817310592,650,135,4.581
port4,0.1,15,3,-0.006705300253486946,0.007552059999999999,0.030257849644853337,5.3431009070533495,636,149,4.505
port4,0.1,15,5,-0.006720040459843249,0.00756753,0.030122506561830433,4.933808116353498,591,194,4.54
port4,0.1,15,7,-0.0067073768829445015,0.00755882,0.03091296120650654,6.2738698581291805,637,148,4.545
port4,0.1,15,4,-0.006724471469331284,0.00757506,0.030509429799443388,5.4508071129400335,652,133,5.881
port4,0.1,15,9,-0.0067047401296447835,0.0075568,0.03104510756225809,6.498100471896591,634,151,4.752
port4,0.1,15,8,-0.006697277486489029,0.007542230000000002,0.030121340194448926,5.2497778781557445,659,126,4.971
port4,0.1,15,11,-0.006715805279417853,0.00756275,0.03011141321528244,4.976129326005996,651,134,4.618
port4,0.1,15,12,-0.006629552990249294,0.007470350000000001,0.0306205829060628,6.928388651356831,635,150,4.457
port4,0.1,15,14,-0.006568402165657447,0.00739239,0.02911165305209474,5.502316251842179,604,181,3.988
port4,0.1,15,6,-0.006731184879319729,0.007584880000000001,0.030855651132373103,5.863436037817588,642,143,6.915
port4,0.1,15,10,-0.0066393777218533515,0.007476770000000001,0.029952508767488627,5.804068186818278,636,149,6.595
port4,0.1,15,13,-0.006417174266020056,0.007214700000000001,0.0275782040713214,5.124810547642391,648,137,5.708
port4,0.1,15,15,-0.006713791932174176,0.007566099999999999,0.030935104303335355,6.21715020827696,647,138,4.556
port4,0.1,15,16,-0.006539348516309858,0.0073550099999999995,0.02831262681033732,4.6130600615883495,643,142,4.577
port4,0.1,15,17,-0.006573447712356054,0.007393269999999998,0.028371691462432087,4.221283375403985,610,175,4.897
port4,0.1,15,19,-0.006521274457929752,0.007345460000000001,0.02993986340487343,7.43853816735816,649,136,4.679
port4,0.1,15,22,-0.0067037983579137286,0.007550099999999999,0.030214506794960287,5.299044308394004,635,150,4.344
port4,0.1,15,21,-0.00666760109692455,0.007511,0.030380734532833364,6.050288008455618,630,155,4.501
port4,0.1,15,23,-0.006709849981586743,0.0075584699999999986,0.03045866353162223,5.578637261921298,629,156,4.34
port4,0.1,15,24,-0.006556048890406753,0.007389219999999999,0.030700017849057702,8.059019037748634,625,160,4.771
port4,0.1,15,20,-0.006583862901133181,0.007416809999999999,0.030210279519861553,6.964319044145515,618,167,6.693
port4,0.1,15,18,-0.00665553421894035,0.00749818,0.030467651872051013,6.345721462486822,649,136,7.113
port4,0.1,15,26,-0.0067372055770406674,0.00759144,0.030836735067015775,5.75310342515437,638,147,4.446
port4,0.1,15,27,-0.006711481436710488,0.00756314,0.03087791497000933,6.167113929082278,623,162,4.784
port4,0.1,15,28,-0.0065755687166828255,0.00740749,0.03019474843696742,7.057050152646248,635,150,4.51
port4,0.1,15,25,-0.0066967384565203075,0.007546669999999999,0.030864954799852257,6.3517930174245825,637,148,6.094
port4,0.1,15,29,-0.0066391322419696655,0.007475749999999999,0.029840033182007963,5.636741874658152,645,140,6.779
port4,0.1,15,30,-0.006694173524523632,0.0075389099999999985,0.0301405831855267,5.322106331531799,642,143,6.383
port4,0.1,25,1,-0.0067372055770406674,0.00759144,0.030836735067015775,5.75310342515437,984,291,7.077
port4,0.1,25,3,-0.006723891290639855,0.00757477,0.03056169323845546,5.5359222675465025,965,310,6.992
port4,0.1,25,2,-0.0067352355957057035,0.00758898,0.030797143421800826,5.723000183652531,983,292,8.521
port4,0.1,25,5,-0.006739965406059027,0.007594869999999998,0.030889738416013297,5.791490160844256,888,387,7.117
port4,0.1,25,6,-0.006733703600621473,0.0075878099999999995,0.030874811639672636,5.8563118307768685,978,297,7.451
port4,0.1,25,9,-0.0067374314069005336,0.007594159999999997,0.03119496643682514,6.26056432381629,972,303,7.013
port4,0.1,25,8,-0.006720045789219211,0.00756862,0.03028402396987383,5.176988659233264,1017,258,7.335
port4,0.1,25,4,-0.0067374314069005336,0.007594159999999997,0.03119496643682514,6.26056432381629,998,277,8.872
port4,0.1,25,10,-0.006711143365202089,0.00755806,0.03018453822703126,5.151597534054311,967,308,7.325
port4,0.1,25,7,-0.006735741784825907,0.00759048,0.030933835063582566,5.913029064716117,982,293,8.809
port4,0.1,25,14,-0.006725830713175148,0.00757415,0.030150337780006885,4.895126482751178,864,411,5.784
port4,0.1,25,13,-0.00671462945286342,0.007562460000000001,0.03026293890827202,5.220808358675724,1012,263,7.033
port4,0.1,25,12,-0.0067217967431632926,0.00757463,0.030882075195282292,6.030892734611325,999,276,7.903
port4,0.1,25,11,-0.00673212658078875,0.007581180000000002,0.030155500196688906,4.815104409280356,1015,260,8.658
port4,0.1,25,15,-0.006735664807226691,0.007590269999999997,0.030915722985773435,5.8881049148842335,991,284,6.602
port4,0.1,25,16,-0.006725485672016565,0.007578829999999998,0.030896816661823638,6.001222727815331,1030,245,7.598
port4,0.1,25,20,-0.0067341431991052025,0.0075898400000000005,0.03109868178794675,6.169859134047064,988,287,6.671
port4,0.1,25,18,-0.006727312147927077,0.00758105,0.03092456177101338,6.015848650663651,993,282,7.125
port4,0.1,25,17,-0.006733948382498027,0.007588110000000001,0.030878895301155923,5.858815536434547,955,320,7.745
port4,0.1,25,22,-0.006736706821176624,0.00759154,0.030932051148182142,5.89718006913567,993,282,6.815
port4,0.1,25,19,-0.006718286595269952,0.0075664700000000005,0.030254983842343805,5.157944710174582,1035,240,8.244
port4,0.1,25,21,-0.006733438557426205,0.00758755,0.030879838499220755,5.867200883596683,983,292,9.116
port4,0.1,25,25,-0.006736346502832725,0.007591510000000001,0.030985883425727348,5.97918606003075,925,350,6.515
port4,0.1,25,23,-0.0067326055993741415,0.007588669999999999,0.031176497658630425,6.300786354513429,984,291,6.963
port4,0.1,25,24,-0.006729462606938248,0.007584499999999999,0.031078512361718894,6.205600156387486,1015,260,7.151
port4,0.1,25,27,-0.006732664888186064,0.007588000000000001,0.031070100066452295,6.1496722601816405,976,299,6.748
port4,0.1,25,26,-0.0067372055770406674,0.00759144,0.030836735067015775,5.75310342515437,924,351,9.137
port4,0.1,25,29,-0.006724313974688912,0.007573420000000001,0.03029257752504541,5.130392709936186,1035,240,7.192
port4,0.1,25,28,-0.006611328046483797,0.00744823,0.030344514086767548,6.779306918849831,1001,274,8.73
port4,0.1,25,30,-0.006714452300207499,0.0075666399999999995,0.03090690857923206,6.167724506761222,1022,253,8.449
port4,0.1,50,3,-0.0067372055770406674,0.00759144,0.030836735067015775,5.75310342515437,1466,1034,10.222
port4,0.1,50,5,-0.006740500791606934,0.00759576,0.030932702499630906,5.845860023096188,1312,1188,9.205
port4,0.1,50,1,-0.006740500791606934,0.00759576,0.030932702499630906,5.845860023096188,1660,840,13.6
port4,0.1,50,7,-0.006740500791606934,0.00759576,0.030932702499630906,5.845860023096188,1391,1109,10.28
port4,0.1,50,4,-0.006740500791606934,0.00759576,0.030932702499630906,5.845860023096188,1674,826,12.361
port4,0.1,50,2,-0.006739965406059027,0.007594869999999998,0.030889738416013297,5.791490160844256,1657,843,15.725
port4,0.1,50,10,-0.006739965406059027,0.007594869999999998,0.030889738416013297,5.791490160844256,1511,989,10.223
port4,0.1,50,9,-0.006740500791606934,0.00759576,0.030932702499630906,5.845860023096188,1474,1026,10.449
port4,0.1,50,6,-0.006740500791606934,0.00759576,0.030932702499630906,5.845860023096188,1437,1063,13.765
port4,0.1,50,8,-0.006738537927522344,0.007593299999999999,0.030892081910686292,5.814538465766544,1678,822,13.356
port4,0.1,50,11,-0.00673212658078875,0.007581180000000002,0.030155500196688906,4.815104409280356,1423,1077,10.311
port4,0.1,50,12,-0.006732010451047241,0.007585980000000001,0.030882284396197005,5.890406059900346,1442,1058,10.489
port4,0.1,50,14,-0.00673212658078875,0.007581180000000002,0.030155500196688906,4.815104409280356,1355,1145,9.461
port4,0.1,50,13,-0.006740500791606934,0.00759576,0.030932702499630906,5.845860023096188,1857,643,12.348
port4,0.1,50,15,-0.006735780596789872,0.0075898699999999986,0.03083867753489568,5.775567302007282,1685,815,10.939
port4,0.1,50,17,-0.006740500791606934,0.00759576,0.030932702499630906,5.845860023096188,1399,1101,10.814
port4,0.1,50,16,-0.006739965406059027,0.007594869999999998,0.030889738416013297,5.791490160844256,1734,766,12.125
port4,0.1,50,20,-0.006739965406059027,0.007594869999999998,0.030889738416013297,5.791490160844256,1508,992,10.346
port4,0.1,50,18,-0.006740500791606934,0.00759576,0.030932702499630906,5.845860023096188,1544,956,11.54
port4,0.1,50,22,-0.006740500791606934,0.00759576,0.030932702499630906,5.845860023096188,1382,1118,10.14
port4,0.1,50,21,-0.006740500791606934,0.00759576,0.030932702499630906,5.845860023096188,1394,1106,11.244
port4,0.1,50,23,-0.006738424103155987,0.007593699999999998,0.03096867721489127,5.925996960035674,1369,1131,10.368
port4,0.1,50,24,-0.006739965406059027,0.007594869999999998,0.030889738416013297,5.791490160844256,1628,872,11.184
port4,0.1,50,19,-0.006740500791606934,0.00759576,0.030932702499630906,5.845860023096188,1576,924,13.327
port4,0.1,50,25,-0.006740500791606934,0.00759576,0.030932702499630906,5.845860023096188,1437,1063,10.84
port4,0.1,50,26,-0.006740500791606934,0.00759576,0.030932702499630906,5.845860023096188,1126,1374,9.413
port4,0.1,50,27,-0.006737496051331588,0.007593489999999999,0.031087770693378924,6.108347183263006,1467,1033,11.98
port4,0.1,50,29,-0.006739965406059027,0.007594869999999998,0.030889738416013297,5.791490160844256,1617,883,11.59
port4,0.1,50,28,-0.006740500791606934,0.00759576,0.030932702499630906,5.845860023096188,1781,719,12.848
port4,0.1,50,30,-0.006738537927522344,0.007593299999999999,0.030892081910686292,5.814538465766544,1701,799,12.08
port4,0.1,100,5,-0.006740500791606934,0.00759576,0.030932702499630906,5.845860023096188,1620,3330,12.574
port4,0.1,100,1,-0.006740500791606934,0.00759576,0.030932702499630906,5.845860023096188,2080,2870,15.506
port4,0.1,100,2,-0.006740500791606934,0.00759576,0.030932702499630906,5.845860023096188,2262,2688,17.044
port4,0.1,100,7,-0.006740500791606934,0.00759576,0.030932702499630906,5.845860023096188,1666,3284,12.626
port4,0.1,100,3,-0.006740500791606934,0.00759576,0.030932702499630906,5.845860023096188,1907,3043,17.236
port4,0.1,100,4,-0.006740500791606934,0.00759576,0.030932702499630906,5.845860023096188,1931,3019,16.918
port4,0.1,100,6,-0.006740500791606934,0.00759576,0.030932702499630906,5.845860023096188,1876,3074,17.033
port4,0.1,100,8,-0.006738537927522344,0.007593299999999999,0.030892081910686292,5.814538465766544,1976,2974,15.108
port4,0.1,100,9,-0.006740500791606934,0.00759576,0.030932702499630906,5.845860023096188,1773,3177,14.291
port4,0.1,100,11,-0.006740500791606934,0.00759576,0.030932702499630906,5.845860023096188,1797,3153,12.762
port4,0.1,100,10,-0.006740500791606934,0.00759576,0.030932702499630906,5.845860023096188,1854,3096,13.669
port4,0.1,100,12,-0.006740500791606934,0.00759576,0.030932702499630906,5.845860023096188,1850,3100,13.38
port4,0.1,100,14,-0.006740500791606934,0.00759576,0.030932702499630906,5.845860023096188,1697,3253,12.589
port4,0.1,100,17,-0.006740500791606934,0.00759576,0.030932702499630906,5.845860023096188,1743,3207,12.749
port4,0.1,100,15,-0.006740500791606934,0.00759576,0.030932702499630906,5.845860023096188,2050,2900,14.232
port4,0.1,100,13,-0.006740500791606934,0.00759576,0.030932702499630906,5.845860023096188,2238,2712,16.914
port4,0.1,100,16,-0.006739965406059027,0.007594869999999998,0.030889738416013297,5.791490160844256,2033,2917,14.368
port4,0.1,100,18,-0.006740500791606934,0.00759576,0.030932702499630906,5.845860023096188,1846,3104,15.107
port4,0.1,100,20,-0.006740500791606934,0.00759576,0.030932702499630906,5.845860023096188,1866,3084,13.14
port4,0.1,100,19,-0.006740500791606934,0.00759576,0.030932702499630906,5.845860023096188,1841,3109,14.718
port4,0.1,100,22,-0.006740500791606934,0.00759576,0.030932702499630906,5.845860023096188,1638,3312,12.218
port4,0.1,100,23,-0.006740500791606934,0.00759576,0.030932702499630906,5.845860023096188,1714,3236,12.332
port4,0.1,100,21,-0.006740500791606934,0.00759576,0.030932702499630906,5.845860023096188,1690,3260,13.705
port4,0.3,10,1,-0.004750149088313588,0.007144569999999996,0.028928066630086045,8.37194179631641,453,87,3.318
port4,0.3,10,2,-0.00462842452423049,0.0068946,0.025677193237677556,5.690772068652795,456,84,3.428
port4,0.1,100,24,-0.006739965406059027,0.007594869999999998,0.030889738416013297,5.791490160844256,1930,3020,13.863
port4,0.3,10,4,-0.00489719139766836,0.00736724,0.029432216041363004,6.351484170062967,454,86,3.396
port4,0.3,10,3,-0.00488745237818641,0.007334970000000003,0.02869533189757477,5.536003608093281,440,100,4.097
port4,0.3,10,6,-0.004635619242873867,0.00689953,0.02543303344904889,5.107083333472178,452,88,3.421
port4,0.3,10,5,-0.004938263926734579,0.007434179999999999,0.029758028231354046,6.030001155816676,428,112,4.127
port4,0.3,10,7,-0.004954498575432483,0.0074691900000000006,0.03021778861131954,6.319044822727832,445,95,3.347
port4,0.1,100,25,-0.006740500791606934,0.00759576,0.030932702499630906,5.845860023096188,1736,3214,13.318
port4,0.1,100,26,-0.006740500791606934,0.00759576,0.030932702499630906,5.845860023096188,1482,3468,11.339
port4,0.3,10,8,-0.004829967224623343,0.0073130983360056,0.031048435847912295,9.518304416123657,435,105,3.475
port4,0.3,10,9,-0.00488395829739892,0.0073745,0.030451694129176702,7.866183152870685,434,106,3.332
port4,0.3,10,10,-0.00488406536774246,0.00727868,0.02652110054639141,2.229769952343239,455,85,4.11
port4,0.3,10,11,-0.004792335704981689,0.007149040000000001,0.026582719638787302,4.094346038776879,461,79,3.667
port4,0.3,10,12,-0.004980542460843803,0.007499671228378042,0.02995704697400521,5.522813798330457,425,115,3.727
port4,0.3,10,13,-0.004867065401116387,0.007312505838581489,0.028964845697883233,6.279667539073419,449,91,3.598
port4,0.3,10,15,-0.004898482603182551,0.00733816,0.028179744310257545,4.5966767086729785,438,102,3.363
port4,0.3,10,14,-0.004891386776573163,0.0073667199999999985,0.029738707852832492,6.851919698566961,441,99,4.127
port4,0.3,10,16,-0.0047249738624719284,0.007054870000000001,0.02667302866992995,5.534503772512789,449,91,3.522
port4,0.3,10,17,-0.004814202348602595,0.007175550000000001,0.026374397395795647,3.317524601046935,441,99,3.572
port4,0.1,100,27,-0.006740500791606934,0.00759576,0.030932702499630906,5.845860023096188,1943,3007,15.535
port4,0.3,10,18,-0.0048872238095911515,0.0073469699999999995,0.02919219018897852,6.216234572137346,457,83,3.622
port4,0.3,10,19,-0.004903019170053349,0.00737816,0.02953488502018421,6.379487086159503,456,84,3.715
port4,0.1,100,28,-0.006740500791606934,0.00759576,0.030932702499630906,5.845860023096188,2072,2878,15.902
port4,0.1,100,29,-0.006739965406059027,0.007594869999999998,0.030889738416013297,5.791490160844256,1921,3029,15.788
port4,0.3,10,20,-0.004932334646946043,0.007423450000000001,0.029669308106411732,6.0228110569359155,442,98,3.319
port4,0.3,10,22,-0.004736264374925884,0.007048259999999999,0.025659152043284363,3.550337080075505,444,96,3.625
port4,0.3,10,21,-0.004645137701532448,0.00691971,0.02573320154117057,5.464421249838963,435,105,4.326
port4,0.3,10,24,-0.004974567311592432,0.007519879999999998,0.03105632991879797,6.97166801575652,449,91,3.344
port4,0.1,100,30,-0.006740500791606934,0.00759576,0.030932702499630906,5.845860023096188,2339,2611,16.419
port4,0.3,10,25,-0.004727369844924661,0.007038880000000001,0.025809956417071477,3.9986501313774,441,99,3.5
port4,0.3,10,23,-0.004775737792727289,0.007198999999999999,0.0296401870930167,8.818598488566119,446,94,4.419
port4,0.3,10,27,-0.004921684308873613,0.00742411,0.030287108980906134,6.992262826627435,442,98,3.285
port4,0.3,10,28,-0.004957322748549776,0.00746088,0.02973736434466591,5.659148465179359,433,107,3.251
port4,0.3,10,26,-0.004890972618561353,0.007369049999999999,0.02985310600471617,7.004284043882404,443,97,4.098
port4,0.3,10,29,-0.004918347310453431,0.00741627,0.03016850949508825,6.905941320486852,448,92,4.119
port4,0.3,10,30,-0.004655163180985104,0.006943470000000001,0.026157587746509076,6.011505804875046,432,108,4.045
port4,0.3,15,1,-0.004979962688640182,0.007515660000000001,0.030604972981517122,6.339839887847156,651,134,4.866
port4,0.3,15,2,-0.0048561175179951295,0.0072717,0.027932805206117427,5.021572716641538,644,141,4.906
port4,0.3,15,4,-0.005016529562921195,0.007557699999999999,0.030213707544689265,5.202449308311576,656,129,4.739
port4,0.3,15,3,-0.005014721916252033,0.0075698499999999995,0.03077732302350584,5.9303047664921165,640,145,4.998
port4,0.3,15,5,-0.005013365400255589,0.007569009999999999,0.03081891192890123,6.004361447664549,631,154,4.986
port4,0.3,15,6,-0.0048156459460086554,0.007248389999999997,0.029338657887466656,7.711905161190897,656,129,4.897
port4,0.3,15,7,-0.005000171980034169,0.007530050000000001,0.030047907301831146,5.285726569390102,641,144,4.716
port4,0.3,15,10,-0.004935085141169642,0.007376000000000001,0.027575040575996704,2.9977339193425934,644,141,4.481
port4,0.3,15,9,-0.004887382050495508,0.007386890000000002,0.030737650609878667,8.144521041659933,635,150,4.85
port4,0.3,15,8,-0.00493217229054024,0.007425149999999998,0.02974517941111126,6.12350780868275,622,163,5.131
port4,0.3,15,11,-0.005003849629377808,0.00755462,0.030788762594069444,6.137052305701521,647,138,4.817
port4,0.3,15,12,-0.0050044757335097004,0.007546300000000001,0.030437601005461317,5.697769813258281,627,158,5.009
port4,0.3,15,13,-0.004953092608719957,0.007461500000000001,0.02999763275549381,6.068229807778274,644,141,5.191
port4,0.3,15,14,-0.0050239372148694235,0.007567570000000001,0.03018618807393964,5.034879402408983,628,157,4.504
port4,0.3,15,15,-0.0050221042622163115,0.007584219999999999,0.03092193060939584,5.972553939468675,626,159,4.525
port4,0.3,15,16,-0.004850957277942311,0.007312579999999999,0.029880245539915192,7.759531120284521,650,135,4.729
port4,0.3,15,19,-0.004921514009566681,0.007407230000000001,0.029639331438328118,6.179808397004766,666,119,4.884
port4,0.3,15,18,-0.004955212408832362,0.007472860000000001,0.030319937948905216,6.4327615985238875,652,133,4.957
port4,0.3,15,17,-0.004977277570194518,0.0075138199999999974,0.030680962056052502,6.4795007715385005,635,150,5.323
port4,0.3,15,20,-0.004932334646946043,0.007423450000000001,0.029669308106411732,6.0228110569359155,639,146,4.392
port4,0.3,15,21,-0.00498675739845262,0.007520810000000001,0.030430773982236033,6.005671389904492,624,161,4.764
port4,0.3,15,22,-0.0050138458773445445,0.007557849999999999,0.030367149062512436,5.442929007708105,647,138,5.496
port4,0.3,15,23,-0.004992186119858217,0.007520159999999999,0.030106803225726377,5.503933815046607,648,137,5.034
port4,0.3,15,24,-0.0050122659009401846,0.007552280000000001,0.030239604222488097,5.311470343429507,656,129,5.369
port4,0.3,15,27,-0.004946581855982307,0.00744657,0.029777908143325156,5.905378986813178,623,162,4.456
port4,0.3,15,26,-0.0050085718049362685,0.007561589999999999,0.030797250692430903,6.063426847970486,635,150,4.78
port4,0.3,15,28,-0.004997699447847677,0.007539080000000001,0.030531762267750086,5.934586023798237,636,149,4.475
port4,0.3,15,25,-0.004930783554956167,0.007452961468873844,0.03089171805168949,7.554719166107553,635,150,5.406
port4,0.3,15,29,-0.005025373758836853,0.00757152,0.03025944707377332,5.101724373524509,645,140,4.623
port4,0.3,15,30,-0.004851846305827778,0.00731305,0.029848991840720634,7.704523135437573,629,156,4.766
port4,0.3,25,3,-0.005035383199112204,0.00758824,0.0303526385941319,5.039801996037535,981,294,6.903
port4,0.3,25,2,-0.005036217086533041,0.00758598,0.030219690791874892,4.8572564803965435,1031,244,7.571
port4,0.3,25,1,-0.0050200868215206865,0.00756604,0.03033925831214476,5.296532899840556,1042,233,8.059
port4,0.3,25,5,-0.005027663652478556,0.00757618,0.03031294264399522,5.128040052174017,1004,271,7.059
port4,0.3,25,4,-0.005035095442177995,0.00758441,0.03022093964025638,4.878935395609603,1039,236,7.739
port4,0.3,25,8,-0.005031564073970919,0.00758057,0.03026741515387357,5.000938529126418,953,322,7.019
port4,0.3,25,6,-0.005019067392995717,0.007565200000000001,0.030362949297034345,5.344361506238579,1021,254,7.981
port4,0.3,25,9,-0.005018055973613685,0.00758438,0.03114535954661172,6.307258583301416,1012,263,7.153
port4,0.3,25,7,-0.00502884488568657,0.00757247,0.030104491044439942,4.842921124705644,1042,233,7.591
port4,0.3,25,11,-0.005033962449591821,0.007584809999999999,0.03029876512380109,4.997517376474696,971,304,6.804
port4,0.3,25,12,-0.005034535604602649,0.007586080000000002,0.03031613406517788,5.009122243738792,976,299,6.756
port4,0.3,25,10,-0.00502884488568657,0.00757247,0.030104491044439942,4.842921124705644,997,278,8.194
port4,0.3,25,13,-0.005036217086533041,0.00758598,0.030219690791874892,4.8572564803965435,1027,248,7.325
port4,0.3,25,15,-0.0050221042622163115,0.007584219999999999,0.03092193060939584,5.972553939468675,957,318,7.854
port4,0.3,25,14,-0.005036217086533041,0.00758598,0.030219690791874892,4.8572564803965435,994,281,8.282
port4,0.3,25,16,-0.005012409855932136,0.0075674,0.0308096383224397,6.010192311795183,995,280,7.424
port4,0.3,25,20,-0.0050374769584668804,0.0075903,0.030316829294036188,4.957381690185128,940,335,6.994
port4,0.3,25,17,-0.005026832618065223,0.007577569999999999,0.03041197033706608,5.266752475254955,986,289,8.6
port4,0.3,25,21,-0.0050374769584668804,0.0075903,0.030316829294036188,4.957381690185128,1003,272,7.765
port4,0.3,25,22,-0.005032105076205725,0.007582620000000001,0.03031660292063712,5.053189517128423,998,277,7.257
port4,0.3,25,19,-0.005032474675455928,0.0075807,0.030222250332278506,4.9275503860155965,1052,223,8.487
port4,0.3,25,18,-0.005034535604602649,0.007586080000000002,0.03031613406517788,5.009122243738792,1035,240,8.662
port4,0.3,25,23,-0.005020582470870591,0.007564839999999999,0.03026579637860799,5.1955033429953525,1043,232,7.843
port4,0.3,25,24,-0.005033739879606822,0.007585019999999999,0.030319087518875954,5.027067730700035,999,276,9.001
port4,0.3,25,28,-0.0050302728004010325,0.0075759,0.030158315580669073,4.885890553743546,989,286,7.102
port4,0.3,25,25,-0.005030569633164975,0.00757975,0.030290557760630353,5.047900701306565,1012,263,8.794
port4,0.3,25,27,-0.005027850133350711,0.00757001,0.030064201671827172,4.8092627733800475,1014,261,7.998
port4,0.3,25,26,-0.005020855198805305,0.0075799000000000005,0.03082611453484937,5.880137025573395,1007,268,8.987
port4,0.3,25,29,-0.005033013537865296,0.007578720000000001,0.0301159128554271,4.782677001961835,1000,275,7.419
port4,0.3,25,30,-0.005021125603206509,0.007581760000000001,0.030881839150407438,5.942080095226533,988,287,7.838
port4,0.3,50,3,-0.0050376394353206155,0.00758941,0.030273616933967677,4.900003236619753,1476,1024,11.642
port4,0.3,50,5,-0.0050374769584668804,0.0075903,0.030316829294036188,4.957381690185128,1576,924,11.789
port4,0.3,50,1,-0.0050374769584668804,0.0075903,0.030316829294036188,4.957381690185128,1823,677,13.432
port4,0.3,50,2,-0.0050374769584668804,0.0075903,0.030316829294036188,4.957381690185128,1773,727,13.528
port4,0.3,50,6,-0.005036217086533041,0.00758598,0.030219690791874892,4.8572564803965435,1524,976,13.296
port4,0.3,50,4,-0.005035095442177995,0.00758441,0.03022093964025638,4.878935395609603,1511,989,15.268
port4,0.3,50,8,-0.0050376394353206155,0.00758941,0.030273616933967677,4.900003236619753,1597,903,13.511
port4,0.3,50,12,-0.0050376394353206155,0.00758941,0.030273616933967677,4.900003236619753,1497,1003,12.209
port4,0.3,50,10,-0.0050376394353206155,0.00758941,0.030273616933967677,4.900003236619753,1547,953,14.021
port4,0.3,50,9,-0.0050374769584668804,0.0075903,0.030316829294036188,4.957381690185128,1626,874,14.857
port4,0.3,50,7,-0.0050376394353206155,0.00758941,0.030273616933967677,4.900003236619753,1586,914,16.081
port4,0.3,50,11,-0.0050374769584668804,0.0075903,0.030316829294036188,4.957381690185128,1581,919,14.762
port4,0.3,50,13,-0.0050376394353206155,0.00758941,0.030273616933967677,4.900003236619753,1728,772,12.151
port4,0.3,50,15,-0.0050374769584668804,0.0075903,0.030316829294036188,4.957381690185128,1502,998,10.975
port4,0.3,50,16,-0.005036217086533041,0.00758598,0.030219690791874892,4.8572564803965435,1599,901,11.375
port4,0.3,50,14,-0.005036217086533041,0.00758598,0.030219690791874892,4.8572564803965435,1542,958,13.299
port4,0.3,50,20,-0.0050374769584668804,0.0075903,0.030316829294036188,4.957381690185128,1233,1267,9.452
port4,0.3,50,17,-0.0050376394353206155,0.00758941,0.030273616933967677,4.900003236619753,1719,781,14.533
port4,0.3,50,18,-0.0050376394353206155,0.00758941,0.030273616933967677,4.900003236619753,1666,834,14.558
port4,0.3,50,19,-0.00503522907242294,0.007583520000000001,0.03017918308906874,4.823548882914363,1764,736,12.539
port4,0.3,50,22,-0.0050376394353206155,0.00758941,0.030273616933967677,4.900003236619753,1483,1017,11.523
port4,0.3,50,21,-0.0050376394353206155,0.00758941,0.030273616933967677,4.900003236619753,1484,1016,12.364
port4,0.3,50,24,-0.005036510296107911,0.00758784,0.03027527615575068,4.922309835529265,1464,1036,12.795
port4,0.3,50,25,-0.0050376394353206155,0.00758941,0.030273616933967677,4.900003236619753,1510,990,10.81
port4,0.3,50,23,-0.0050374769584668804,0.0075903,0.030316829294036188,4.957381690185128,1757,743,15.031
port4,0.3,50,27,-0.005033013537865296,0.007578720000000001,0.0301159128554271,4.782677001961835,1709,791,11.679
port4,0.3,50,26,-0.00503522907242294,0.007583520000000001,0.03017918308906874,4.823548882914363,1784,716,13.418
port4,0.3,50,28,-0.0050376394353206155,0.00758941,0.030273616933967677,4.900003236619753,1639,861,13.684
port4,0.3,50,29,-0.0050376394353206155,0.00758941,0.030273616933967677,4.900003236619753,1578,922,12.332
port4,0.3,50,30,-0.005036510296107911,0.00758784,0.03027527615575068,4.922309835529265,1745,755,12.433
port4,0.3,100,3,-0.0050376394353206155,0.00758941,0.030273616933967677,4.900003236619753,1826,3124,13.385
port4,0.3,100,4,-0.005035095442177995,0.00758441,0.03022093964025638,4.878935395609603,1765,3185,12.702
port4,0.3,100,2,-0.0050376394353206155,0.00758941,0.030273616933967677,4.900003236619753,2318,2632,16.759
port4,0.3,100,6,-0.005036217086533041,0.00758598,0.030219690791874892,4.8572564803965435,1919,3031,13.845
port4,0.3,100,1,-0.0050376394353206155,0.00758941,0.030273616933967677,4.900003236619753,2416,2534,19.02
port4,0.3,100,5,-0.0050374769584668804,0.0075903,0.030316829294036188,4.957381690185128,1991,2959,15.914
port4,0.3,100,7,-0.0050376394353206155,0.00758941,0.030273616933967677,4.900003236619753,1982,2968,14.219
port4,0.3,100,8,-0.0050376394353206155,0.00758941,0.030273616933967677,4.900003236619753,2100,2850,15.407
port4,0.3,100,9,-0.0050376394353206155,0.00758941,0.030273616933967677,4.900003236619753,1946,3004,14.532
port4,0.3,100,10,-0.0050376394353206155,0.00758941,0.030273616933967677,4.900003236619753,1849,3101,14.013
port4,0.3,100,12,-0.0050376394353206155,0.00758941,0.030273616933967677,4.900003236619753,1758,3192,12.842
port4,0.3,100,11,-0.0050376394353206155,0.00758941,0.030273616933967677,4.900003236619753,1915,3035,15.671
port4,0.3,100,13,-0.0050376394353206155,0.00758941,0.030273616933967677,4.900003236619753,2026,2924,15.515
port4,0.3,100,14,-0.0050376394353206155,0.00758941,0.030273616933967677,4.900003236619753,1968,2982,16.132
port4,0.3,100,15,-0.0050374769584668804,0.0075903,0.030316829294036188,4.957381690185128,1806,3144,15.919
port4,0.3,100,20,-0.0050376394353206155,0.00758941,0.030273616933967677,4.900003236619753,1598,3352,12.162
port4,0.3,100,16,-0.0050376394353206155,0.00758941,0.030273616933967677,4.900003236619753,2170,2780,15.745
port4,0.3,100,17,-0.0050376394353206155,0.00758941,0.030273616933967677,4.900003236619753,2110,2840,17.779
port4,0.3,100,19,-0.005036510296107911,0.00758784,0.03027527615575068,4.922309835529265,2125,2825,17.104
port4,0.3,100,18,-0.0050376394353206155,0.00758941,0.030273616933967677,4.900003236619753,1951,2999,17.437
port4,0.3,100,22,-0.0050376394353206155,0.00758941,0.030273616933967677,4.900003236619753,1865,3085,14.184
port4,0.3,100,21,-0.0050376394353206155,0.00758941,0.030273616933967677,4.900003236619753,1850,3100,17.564
port4,0.5,10,3,-0.0032665577913807953,0.007431009999999999,0.02996488640456373,6.400207362598699,440,100,3.589
port4,0.5,10,1,-0.0032545353755885037,0.00741208,0.03005011229301803,6.773040667893744,437,103,4.046
port4,0.3,100,23,-0.0050374769584668804,0.0075903,0.030316829294036188,4.957381690185128,2082,2868,16.814
port4,0.5,10,2,-0.003240394847223782,0.00718456,0.026528669502114816,3.5092774199758545,452,88,4.869
port4,0.3,100,24,-0.0050376394353206155,0.00758941,0.030273616933967677,4.900003236619753,1943,3007,15.438
port4,0.5,10,4,-0.003309764919686144,0.007383889788521876,0.027647060407023142,3.0288882918327062,444,96,3.936
port4,0.5,10,5,-0.0033162717938704034,0.007469703674769315,0.028933718859291274,4.211809437038943,456,84,3.789
port4,0.3,100,25,-0.0050376394353206155,0.00758941,0.030273616933967677,4.900003236619753,1806,3144,14.605
port4,0.5,10,6,-0.0031627417493039246,0.007257429999999998,0.030527798829790377,9.442820079288186,459,81,4.138
port4,0.5,10,7,-0.0031684232402709126,0.00722318,0.029771354007807154,8.717902138582938,438,102,3.59
port4,0.5,10,9,-0.0032902149836096066,0.007284709999999998,0.02653827486444412,2.1838369416469323,447,93,3.572
port4,0.5,10,8,-0.0033000909309103023,0.00736956,0.027737666415533116,3.3853181806220176,454,86,4.225
port4,0.5,10,10,-0.0032744084797498674,0.00744803,0.02998688113992961,6.220749302631348,430,110,3.578
port4,0.3,100,29,-0.0050376394353206155,0.00758941,0.030273616933967677,4.900003236619753,1837,3113,13.899
port4,0.3,100,28,-0.0050376394353206155,0.00758941,0.030273616933967677,4.900003236619753,1973,2977,14.487
port4,0.5,10,14,-0.0032546908545264784,0.00721472136862187,0.026558231484210573,3.163899062938575,426,114,3.392
port4,0.5,10,11,-0.003214651841255953,0.007273299999999999,0.029051614713955124,6.925782741927869,459,81,4.383
port4,0.5,10,15,-0.003167809930897314,0.007061839999999998,0.026948471908540016,5.971631749110054,448,92,3.721
port4,0.5,10,12,-0.003247325517545191,0.007425009999999999,0.030501786257686903,7.311971209501581,435,105,4.42
port4,0.5,10,13,-0.0032700284035250865,0.007412081351504335,0.0295300617075915,5.941214696510584,449,91,4.742
port4,0.5,10,16,-0.003297843614360575,0.00753786,0.03069483297362687,6.201592445779477,448,92,3.902
port4,0.3,100,26,-0.0050376394353206155,0.00758941,0.030273616933967677,4.900003236619753,2589,2361,19.382
port4,0.5,10,17,-0.0032343901405262974,0.0072574699999999985,0.028083620118271868,5.476144967014209,445,95,3.647
port4,0.5,10,18,-0.0032980726836305202,0.0075060364072433525,0.030164400209225322,5.772636288009858,453,87,3.798
port4,0.5,10,19,-0.0031393145438640595,0.006965970000000001,0.026217187344791268,5.8271788823106405,455,85,3.763
port4,0.5,10,20,-0.003307986859308753,0.007459497087092186,0.029043473767348817,4.529291586516287,442,98,3.529
port4,0.5,10,22,-0.003084394708232384,0.006970059999999999,0.028306723292094976,9.595603487959302,455,85,3.591
port4,0.5,10,23,-0.003275893689447618,0.007279059999999998,0.026967992530122834,3.1175527305299076,438,102,3.53
port4,0.3,100,27,-0.0050376394353206155,0.00758941,0.030273616933967677,4.900003236619753,2471,2479,19.575
port4,0.5,10,21,-0.0032281348635294547,0.007246250000000001,0.028106587714290223,5.662854048403136,447,93,4.313
port4,0.5,10,25,-0.0032053263560550102,0.0070899081760463,0.02606252988365251,3.8327933906915916,428,112,3.499
port4,0.5,10,24,-0.0032858694379784247,0.007458639999999999,0.029780885212551216,5.757655902583226,428,112,4.077
port4,0.5,10,26,-0.003255515649780055,0.00729205,0.027946711800136494,4.7808056500935265,463,77,3.895
port4,0.5,10,27,-0.0032109343581529694,0.007210709999999999,0.028086318443221805,6.089909271132948,451,89,3.741
port4,0.5,10,29,-0.0031932666880120342,0.00714338,0.027510845569991702,5.939921007231208,454,86,3.797
port4,0.5,10,30,-0.002953156973006199,0.00659016,0.026150450359173606,10.780333951470476,452,88,3.747
port4,0.5,10,28,-0.0033245583629196813,0.007487835035626096,0.028960633794631162,4.025370282238504,465,75,4.415
port4,0.3,100,30,-0.0050376394353206155,0.00758941,0.030273616933967677,4.900003236619753,2284,2666,20.031
port4,0.5,15,1,-0.0033018252584560478,0.007552489999999999,0.030803238191591222,6.185613441478062,630,155,4.827
port4,0.5,15,2,-0.003282269539717926,0.00726241,0.02641724664994723,2.2356025712880725,656,129,5.573
port4,0.5,15,3,-0.0033151573331640376,0.007473151891721997,0.029031659018973116,4.334481215586886,635,150,5.523
port4,0.5,15,5,-0.00333993368400219,0.007517796051413893,0.028946997830682095,3.6179249168991126,650,135,5.241
port4,0.5,15,4,-0.00332814911801423,0.007497872275621957,0.02900989554606318,3.9809226533692,642,143,5.609
port4,0.5,15,8,-0.0033333461482251657,0.007509121384591623,0.029024628992310873,3.862026323609606,654,131,5.207
port4,0.5,15,7,-0.0032633255173044034,0.00733736,0.028472951469617508,5.122158695859638,644,141,5.71
port4,0.5,15,6,-0.0032754873111975756,0.007270729999999998,0.026828257073556742,2.953670017143674,656,129,6.451
port4,0.5,15,10,-0.0033312549116809803,0.007497489464385521,0.028896014275736376,3.7907249167879997,605,180,4.7
port4,0.5,15,9,-0.0032976534332176534,0.00729585,0.026467775379972774,1.8896891644301637,644,141,5.195
port4,0.5,15,12,-0.0033093397656175677,0.007458328099569336,0.028976690085898326,4.430906657734457,615,170,5.573
port4,0.5,15,11,-0.003320175995774243,0.00748492819837657,0.029061593329136024,4.234583526635141,665,120,6.104
port4,0.5,15,13,-0.003316638464492107,0.007476614437015605,0.02904027389732045,4.3047831952973405,634,151,5.1
port4,0.5,15,14,-0.003302722807510175,0.007516096897962785,0.030176999236876324,5.666282338399679,622,163,4.842
port4,0.5,15,16,-0.0033037573852665596,0.0075283694199983165,0.030345586985016413,5.777978251166664,648,137,5.075
port4,0.5,15,17,-0.0033254032397724504,0.007496123521159109,0.0290743364776259,4.112992238394123,650,135,5.145
port4,0.5,15,18,-0.0033073001020984595,0.00756977653212363,0.030905927067905792,6.127339491169729,634,151,4.913
port4,0.5,15,15,-0.003300721304843852,0.007556012302501383,0.030896111289508255,6.283157380358071,646,139,6.07
port4,0.5,15,19,-0.0032845402401229635,0.0073345500000000004,0.02766711983120168,3.714036000014837,654,131,5.158
port4,0.5,15,20,-0.003322627114512022,0.007489808693132412,0.029061219246761957,4.171505302487289,636,149,5.457
port4,0.5,15,21,-0.003305228543061039,0.007543416994350313,0.030544392418711378,5.9000815693176385,640,145,5.465
port4,0.5,15,22,-0.0033382317833861416,0.007519214529162362,0.029030173309680347,3.7422834369833264,661,124,5.138
port4,0.5,15,24,-0.00331596873170378,0.0074676431927309,0.028908575359628843,4.1952295646871285,624,161,4.914
port4,0.5,15,23,-0.0032980641165246847,0.0073066500000000005,0.02665561417320244,2.1279481874205555,631,154,5.03
port4,0.5,15,25,-0.0032697790658296096,0.007303398349492628,0.027637659413079975,4.06859446193661,613,172,4.709
port4,0.5,15,26,-0.0033112727095449494,0.007363786384537226,0.027225740861312242,2.4937604811620027,657,128,5.025
port4,0.5,15,27,-0.003309792812268543,0.007458709084817265,0.028967627798633752,4.410598456865646,645,140,4.947
port4,0.5,15,28,-0.003326791737626132,0.007488854952434908,0.028901063599505172,3.9102017250198617,635,150,5.045
port4,0.5,15,29,-0.00328912797186488,0.007339959999999999,0.02759898650802667,3.516379030197734,629,156,4.953
port4,0.5,15,30,-0.0031063191393720744,0.0068537599999999995,0.02532038153851262,5.495952738355195,636,149,5.275
port4,0.5,25,1,-0.0033356069845301025,0.007516050532402424,0.029066072375575965,3.8440206987801897,972,303,7.051
port4,0.5,25,3,-0.0033320469780861854,0.007509957990219706,0.02908374174770734,3.95202774025505,969,306,7.665
port4,0.5,25,4,-0.003338286227255525,0.007526731683207808,0.02915749009597292,3.8628328101705756,1001,274,7.627
port4,0.5,25,2,-0.00333405212983085,0.007515954363236831,0.029117865711194055,3.9333244736605257,1012,263,8.315
port4,0.5,25,5,-0.0033407898366797657,0.007516534901339868,0.028895591843399522,3.54560139880554,972,303,7.372
port4,0.5,25,6,-0.0033324167558087645,0.007500206779832323,0.028902824571567284,3.767574993636629,987,288,7.576
port4,0.5,25,7,-0.0033327844899740016,0.007500493187834719,0.02889505507672058,3.7505294612535605,1012,263,7.618
port4,0.5,25,8,-0.0033405831159378616,0.007525368619208597,0.029055161113524627,3.7061931359272986,1003,272,7.572
port4,0.5,25,10,-0.003340673399332337,0.007519973511110095,0.02895905234025142,3.6107230125084353,845,430,6.839
port4,0.5,25,9,-0.0033353171788763495,0.007514301233216897,0.029045944217122612,3.8320921301723954,1017,258,7.597
port4,0.5,25,11,-0.003335199684731298,0.007518400133465372,0.02912045267510064,3.906454752664458,1014,261,7.59
port4,0.5,25,12,-0.0033348748590981353,0.007508126651184985,0.028954739387338925,3.7551788941384316,992,283,7.662
port4,0.5,25,13,-0.003338056175319077,0.007524261061976045,0.029122992829341734,3.835860436533964,969,306,8.342
port4,0.5,25,15,-0.003311850798055545,0.00757714,0.03087779791191252,5.993243266558148,1008,267,8.385
port4,0.5,25,17,-0.003328183987184595,0.007501622553671374,0.029073262274849437,4.040825424426367,1012,263,7.688
port4,0.5,25,14,-0.0033358743140950446,0.007507336501834769,0.028906536867025084,3.6824840829623477,977,298,8.483
port4,0.5,25,18,-0.003313444064010945,0.007582779201724761,0.030917488153193676,5.983666018575476,1017,258,7.922
port4,0.5,25,19,-0.0033356069845301025,0.007516050532402424,0.029066072375575965,3.8440206987801897,1057,218,7.944
port4,0.5,25,16,-0.0033252244193343935,0.007489828048868767,0.028972041871431507,4.019329579458778,1022,253,9.284
port4,0.5,25,20,-0.0033412347897806096,0.007521636847902809,0.02896838394425187,3.6054263822692167,990,285,7.824
port4,0.5,25,21,-0.00333189300701023,0.0075027507109806015,0.028964887311366167,3.8414757762795935,960,315,8.212
port4,0.5,25,23,-0.003338467342132736,0.00751198873433709,0.028897301778394772,3.606886901828892,1004,271,7.614
port4,0.5,25,24,-0.0033407898366797657,0.007516534901339868,0.028895591843399522,3.54560139880554,978,297,7.982
port4,0.5,25,22,-0.0033383471999334194,0.007519952224446904,0.029038901917601254,3.747748711472384,1056,219,9.307
port4,0.5,25,25,-0.0032974199583533604,0.007355702702673862,0.02758374133374842,3.280949042923506,970,305,8.902
port4,0.5,25,27,-0.0033370816183592527,0.00751557849555699,0.029007158751564843,3.749494309300901,1030,245,7.756
port4,0.5,25,26,-0.0033412347897806096,0.007521636847902809,0.02896838394425187,3.6054263822692167,1024,251,8.139
port4,0.5,25,28,-0.0033347900417544396,0.007506360869878557,0.028927163469128464,3.7304745670652926,962,313,8.166
port4,0.5,25,29,-0.0033158373470968784,0.007378741626390824,0.027332525170519227,2.501497630492034,1003,272,7.924
port4,0.5,25,30,-0.0033341869177769294,0.007504711489465296,0.028919503002497078,3.7384595531357068,1005,270,7.782
port4,0.5,50,1,-0.003341322370524582,0.0075275460789047954,0.029067186617483823,3.698854126305698,1482,1018,12.941
port4,0.5,50,4,-0.003341322370524582,0.0075275460789047954,0.029067186617483823,3.698854126305698,1530,970,12.391
port4,0.5,50,3,-0.003341322370524582,0.0075275460789047954,0.029067186617483823,3.698854126305698,1492,1008,13.122
port4,0.5,50,5,-0.0033407898366797657,0.007516534901339868,0.028895591843399522,3.54560139880554,1369,1131,11.803
port4,0.5,50,2,-0.0033405831159378616,0.007525368619208597,0.029055161113524627,3.7061931359272986,1740,760,14.213
port4,0.5,50,6,-0.0033412347897806096,0.007521636847902809,0.02896838394425187,3.6054263822692167,1421,1079,13.129
port4,0.5,50,8,-0.0033405831159378616,0.007525368619208597,0.029055161113524627,3.7061931359272986,1293,1207,10.809
port4,0.5,50,11,-0.0033412347897806096,0.007521636847902809,0.02896838394425187,3.6054263822692167,1376,1124,11.169
port4,0.5,50,10,-0.0033407898366797657,0.007516534901339868,0.028895591843399522,3.54560139880554,1156,1344,11.435
port4,0.5,50,9,-0.0033412347897806096,0.007521636847902809,0.02896838394425187,3.6054263822692167,1529,971,12.445
port4,0.5,50,7,-0.0033407898366797657,0.007516534901339868,0.028895591843399522,3.54560139880554,1796,704,15.254
port4,0.5,50,12,-0.0033405831159378616,0.007525368619208597,0.029055161113524627,3.7061931359272986,1785,715,15.61
port4,0.5,50,13,-0.003338056175319077,0.007524261061976045,0.029122992829341734,3.835860436533964,1396,1104,11.797
port4,0.5,50,17,-0.0033410887860924623,0.007525075457673036,0.029032703723354973,3.6715826426499203,1517,983,12.704
port4,0.5,50,14,-0.003341322370524582,0.0075275460789047954,0.029067186617483823,3.698854126305698,1628,872,13.767
port4,0.5,50,15,-0.0033176392504015275,0.007562046901200535,0.030442871093204742,5.5092409867074,1525,975,14.54
port4,0.5,50,16,-0.003341322370524582,0.0075275460789047954,0.029067186617483823,3.698854126305698,1813,687,16.808
port4,0.5,50,18,-0.003340673399332337,0.007519973511110095,0.02895905234025142,3.6107230125084353,1874,626,15.499
port4,0.5,50,19,-0.003341322370524582,0.0075275460789047954,0.029067186617483823,3.698854126305698,1848,652,14.742
port4,0.5,50,20,-0.0033412347897806096,0.007521636847902809,0.02896838394425187,3.6054263822692167,1660,840,13.99
port4,0.5,50,22,-0.003341322370524582,0.0075275460789047954,0.029067186617483823,3.698854126305698,1549,951,13.273
port4,0.5,50,21,-0.003341322370524582,0.0075275460789047954,0.029067186617483823,3.698854126305698,1628,872,15.738
port4,0.5,50,24,-0.0033407898366797657,0.007516534901339868,0.028895591843399522,3.54560139880554,1442,1058,13.357
port4,0.5,50,23,-0.003341322370524582,0.0075275460789047954,0.029067186617483823,3.698854126305698,1564,936,15.6
port4,0.5,50,25,-0.0033412347897806096,0.007521636847902809,0.02896838394425187,3.6054263822692167,1755,745,14.886
port4,0.5,50,27,-0.003341322370524582,0.0075275460789047954,0.029067186617483823,3.698854126305698,1762,738,14.346
port4,0.5,50,28,-0.0033405831159378616,0.007525368619208597,0.029055161113524627,3.7061931359272986,1546,954,13.88
port4,0.5,50,29,-0.003341322370524582,0.0075275460789047954,0.029067186617483823,3.698854126305698,1403,1097,13.381
port4,0.5,50,30,-0.003341322370524582,0.0075275460789047954,0.029067186617483823,3.698854126305698,1615,885,13.349
port4,0.5,50,26,-0.003341322370524582,0.0075275460789047954,0.029067186617483823,3.698854126305698,1825,675,18.634
port4,0.5,100,1,-0.003341322370524582,0.0075275460789047954,0.029067186617483823,3.698854126305698,1785,3165,15.868
port4,0.5,100,3,-0.003341322370524582,0.0075275460789047954,0.029067186617483823,3.698854126305698,1839,3111,17.397
port4,0.5,100,4,-0.003341322370524582,0.0075275460789047954,0.029067186617483823,3.698854126305698,1977,2973,17.394
port4,0.5,100,2,-0.003341322370524582,0.0075275460789047954,0.029067186617483823,3.698854126305698,2228,2722,19.676
port4,0.5,100,6,-0.003341322370524582,0.0075275460789047954,0.029067186617483823,3.698854126305698,1924,3026,16.363
port4,0.5,100,5,-0.0033407898366797657,0.007516534901339868,0.028895591843399522,3.54560139880554,1675,3275,18.794
port4,0.5,100,8,-0.003341322370524582,0.0075275460789047954,0.029067186617483823,3.698854126305698,1693,3257,15.3
port4,0.5,100,10,-0.0033407898366797657,0.007516534901339868,0.028895591843399522,3.54560139880554,1458,3492,14.3
port4,0.5,100,11,-0.0033412347897806096,0.007521636847902809,0.02896838394425187,3.6054263822692167,1668,3282,15.025
port4,0.5,100,7,-0.003341322370524582,0.0075275460789047954,0.029067186617483823,3.698854126305698,2353,2597,20.05
port4,0.5,100,9,-0.0033412347897806096,0.007521636847902809,0.02896838394425187,3.6054263822692167,1877,3073,19.579
port4,0.5,100,13,-0.0033410887860924623,0.007525075457673036,0.029032703723354973,3.6715826426499203,1828,3122,16.465
port4,0.5,100,14,-0.003341322370524582,0.0075275460789047954,0.029067186617483823,3.698854126305698,2025,2925,17.374
port4,0.5,100,15,-0.0033405633154645455,0.007514064280108107,0.028860659195157273,3.5170025754191627,1812,3138,16.387
port4,0.5,100,12,-0.003341322370524582,0.0075275460789047954,0.029067186617483823,3.698854126305698,2269,2681,22.174
port4,0.5,100,17,-0.0033410887860924623,0.007525075457673036,0.029032703723354973,3.6715826426499203,1814,3136,15.619
port4,0.5,100,16,-0.003341322370524582,0.0075275460789047954,0.029067186617483823,3.698854126305698,2266,2684,20.551
port4,0.5,100,18,-0.003341322370524582,0.0075275460789047954,0.029067186617483823,3.698854126305698,2488,2462,20.095
port4,0.5,100,22,-0.003341322370524582,0.0075275460789047954,0.029067186617483823,3.698854126305698,1829,3121,16.11
port4,0.5,100,20,-0.003341322370524582,0.0075275460789047954,0.029067186617483823,3.698854126305698,2055,2895,17.64
port4,0.5,100,21,-0.003341322370524582,0.0075275460789047954,0.029067186617483823,3.698854126305698,1979,2971,16.92
port4,0.5,100,19,-0.003341322370524582,0.0075275460789047954,0.029067186617483823,3.698854126305698,2269,2681,19.59
port4,0.7,10,1,-0.0016588167144391639,0.007253793321183159,0.027185113623761702,3.872748677288268,444,96,3.841
port4,0.5,100,23,-0.003341322370524582,0.0075275460789047954,0.029067186617483823,3.698854126305698,1935,3015,17.788
port4,0.7,10,2,-0.001539167515007701,0.006586082660287155,0.024975910767847772,8.463780685424146,433,107,3.948
port4,0.7,10,3,-0.001669188618921688,0.00711038,0.02574394189702869,2.8825425241538687,437,103,4.092
port4,0.5,100,24,-0.003341322370524582,0.0075275460789047954,0.029067186617483823,3.698854126305698,1845,3105,16.677
port4,0.7,10,4,-0.0016589317258948579,0.007223811326431039,0.026944696590144313,3.807638910601928,455,85,5.175
port4,0.7,10,5,-0.0017021262042373644,0.007259998058633799,0.026073336499540127,1.5486541056189627,429,111,3.856
port4,0.7,10,6,-0.0016956414931567027,0.007292172733766224,0.026511731284017452,2.029347577497469,436,104,3.946
port4,0.7,10,7,-0.0016875781562240254,0.007278156837269651,0.026615486763399098,2.4286103462617215,438,102,4.049
port4,0.7,10,9,-0.0016032960880311988,0.006907617562281735,0.025884059646633102,5.94163291764352,432,108,4.163
port4,0.7,10,8,-0.0016093471401855564,0.006656099794286283,0.023527576467393344,4.0989693418637865,455,85,5.378
port4,0.5,100,28,-0.0033405831159378616,0.007525368619208597,0.029055161113524627,3.7061931359272986,1971,2979,17.266
port4,0.7,10,10,-0.0016835552162339394,0.007169013267891637,0.02583322235675693,2.273678226368148,459,81,5.043
port4,0.7,10,11,-0.0016676566995465437,0.007009749189360167,0.024936148667618705,2.4849192992409592,457,83,4.258
port4,0.7,10,12,-0.0015929191099936203,0.0069654804790779,0.026638453240428586,6.664776811841988,440,100,4.243
port4,0.5,100,27,-0.003341322370524582,0.0075275460789047954,0.029067186617483823,3.698854126305698,2378,2572,19.844
port4,0.7,10,13,-0.0016710788616681766,0.007081627721442184,0.025450496901252905,2.64089633115407,434,106,4.063
port4,0.7,10,14,-0.0016736937920475371,0.007138809476487118,0.025855340727610903,2.732533449916364,441,99,3.876
port4,0.7,10,15,-0.001676045774484344,0.007124136550252042,0.02566807885824807,2.531319784232574,452,88,3.971
port4,0.5,100,29,-0.003341322370524582,0.0075275460789047954,0.029067186617483823,3.698854126305698,1712,3238,17.081
port4,0.5,100,26,-0.003341322370524582,0.0075275460789047954,0.029067186617483823,3.698854126305698,2272,2678,21.97
port4,0.7,10,16,-0.0016440610542760993,0.007163973560301234,0.02686290628395198,4.44606604448187,441,99,4.344
port4,0.7,10,17,-0.0016100500472093736,0.0071568299999999994,0.027697316857946123,6.101594001038495,450,90,3.948
port4,0.5,100,25,-0.003341322370524582,0.0075275460789047954,0.029067186617483823,3.698854126305698,2677,2273,24.365
port4,0.7,10,19,-0.0016739752333161284,0.007006827888911572,0.02472919423785068,2.0483404011659205,438,102,3.93
port4,0.7,10,21,-0.0016632470099157187,0.007169257785073034,0.026390753943817735,3.4356697006862698,422,118,3.853
port4,0.7,10,18,-0.0016208938988066593,0.006781891231538267,0.0243097120701883,4.224446659654024,441,99,4.394
port4,0.7,10,20,-0.0016103486846237077,0.006919489389947999,0.025787542185013404,5.580510102153406,459,81,4.646
port4,0.5,100,30,-0.003341322370524582,0.0075275460789047954,0.029067186617483823,3.698854126305698,2038,2912,17.674
port4,0.7,10,23,-0.0016583828396168222,0.0071202999999999995,0.02612352963417076,3.5473730517335103,445,95,4.169
port4,0.7,10,22,-0.0016130919520018507,0.006974925668622699,0.026169386383574203,5.6095941909774085,432,108,4.881
port4,0.7,10,25,-0.0016311923913635469,0.00680962,0.024251468545708834,3.694209417276844,453,87,4.167
port4,0.7,10,24,-0.0016504932558021048,0.007149729999999999,0.026576728386151667,4.073145112296678,429,111,4.82
port4,0.7,10,26,-0.0016726452018693153,0.007319295983616039,0.027337666145957895,3.2967577447827883,447,93,4.147
port4,0.7,10,27,-0.0017004922026374605,0.007234319162805542,0.025906522791545383,1.5413410998109558,456,84,4.199
port4,0.7,10,29,-0.0016580858737000497,0.006936040000000001,0.024574264305219536,2.6774282954375352,442,98,4.032
port4,0.7,10,30,-0.0016217797114939192,0.007012034833149682,0.02623603678832898,5.242579595181233,454,86,4.431
port4,0.7,10,28,-0.0016297505335970256,0.007119381115338372,0.026887697691495762,5.088677803641644,449,91,4.74
port4,0.7,15,1,-0.0016837332875221087,0.007174554662542256,0.025874231837888666,2.2858731238002226,638,147,5.529
port4,0.7,15,3,-0.0016833733665866596,0.007181391479796584,0.02594070373955396,2.3344217616217136,630,155,5.782
port4,0.7,15,2,-0.001616503831975804,0.00682231,0.024790239093648938,4.76590363637875,632,153,6.644
port4,0.7,15,6,-0.0017015813003771222,0.007247283118990393,0.025983611189692973,1.5301472705739951,644,141,5.335
port4,0.7,15,4,-0.0016938671521879918,0.007268914429032056,0.026371174103598856,2.052871215857214,659,126,5.787
port4,0.7,15,5,-0.001707708855284793,0.007258990974760004,0.025911620039313004,1.2165354296448967,602,183,5.73
port4,0.7,15,8,-0.001619192721386161,0.006694816430902382,0.023581233697417523,3.6784872311082726,646,139,5.955
port4,0.7,15,7,-0.0016875781562240254,0.007278156837269651,0.026615486763399098,2.4286103462617215,636,149,6.225
port4,0.7,15,9,-0.0016190308156606122,0.006867559674372156,0.025106546859649255,4.840675483724022,631,154,5.689
port4,0.7,15,10,-0.0016985725980422873,0.007283105147578869,0.026359030608431873,1.836451300111644,664,121,5.588
port4,0.7,15,12,-0.0016908483614171397,0.007297197371991257,0.026680941570990806,2.3056648743937895,631,154,5.546
port4,0.7,15,11,-0.001686098738519898,0.007275415342528658,0.026633112157578256,2.5009661845928006,653,132,6.272
port4,0.7,15,13,-0.0016973272871733714,0.0072639276551084726,0.026236588665427052,1.8397719077731034,622,163,5.421
port4,0.7,15,14,-0.0016736937920475371,0.007138809476487118,0.025855340727610903,2.732533449916364,644,141,5.835
port4,0.7,15,16,-0.00167368083448517,0.00712634,0.0257521473588634,2.6821522149045585,642,143,5.51
port4,0.7,15,15,-0.001687786021125764,0.0071724865196365955,0.025744900598127184,2.03632935330831,649,136,5.757
port4,0.7,15,17,-0.0016949128225727235,0.007257740078072152,0.02625178091506834,1.9551680789945736,655,130,5.736
port4,0.7,15,18,-0.0016830011966680327,0.007163716830775437,0.025804591301455276,2.2845237862378194,638,147,5.804
port4,0.7,15,19,-0.0016991636767865216,0.0072493475607186735,0.026066962983523827,1.6795678128672369,634,151,5.551
port4,0.7,15,21,-0.0016971883084121683,0.0072909859671096006,0.02646041468524829,1.9399567858674711,616,169,5.911
port4,0.7,15,20,-0.0016487661989865476,0.007140264317575277,0.026546807617759578,4.140457870879641,649,136,6.468
port4,0.7,15,22,-0.0016496221282332598,0.007261728060055523,0.027487563156125654,4.338272379944759,622,163,5.967
port4,0.7,15,23,-0.0016850670550434326,0.007268169116690808,0.02660246175407215,2.53617534464014,646,139,5.553
port4,0.7,15,24,-0.0016998682264620397,0.007274715958228749,0.02625551808685953,1.733669004784385,626,159,5.411
port4,0.7,15,25,-0.0016838952080883759,0.00716599005616494,0.02579872114109275,2.240914415153058,636,149,5.471
port4,0.7,15,27,-0.0017040084970018445,0.007263982062300074,0.02605450664851278,1.4545903595714114,654,131,5.516
port4,0.7,15,28,-0.0016729692062737776,0.007303369999999999,0.02720403840100171,3.2521235114097067,643,142,5.511
port4,0.7,15,26,-0.0016963186944995898,0.007262025222058498,0.02624850668182206,1.890432560481753,641,144,6.164
port4,0.7,15,29,-0.0016744986650004785,0.00700242896345441,0.024675899868838055,1.9853298836885283,611,174,5.707
port4,0.7,15,30,-0.0016842000838088148,0.007270044406879868,0.02664081825896778,2.58848700889154,640,145,6.09
port4,0.7,25,1,-0.001710264199647894,0.007286262624638996,0.026066250422003147,1.1773824063226355,1005,270,8.646
port4,0.7,25,5,-0.0017102765297633095,0.007273928513021782,0.025964316836305096,1.1267075111605573,946,329,7.685
port4,0.7,25,2,-0.0017114065104567695,0.007280695954332095,0.025989071215275404,1.087878908027503,1009,266,9.099
port4,0.7,25,4,-0.00171019908847563,0.0072743933510311595,0.025970282930240497,1.1332057665362523,1040,235,8.679
port4,0.7,25,6,-0.0017075602175182832,0.007262686994682781,0.025946259870480406,1.2407576951969284,1032,243,8.659
port4,0.7,25,3,-0.0016948115340423343,0.007206077800230278,0.025829435202794435,1.7602664638966314,1004,271,9.56
port4,0.7,25,7,-0.0017047678539877666,0.00726088772443695,0.02600819824987386,1.3978665351508517,1002,273,8.515
port4,0.7,25,8,-0.0017096295442363008,0.007276001258861015,0.02599919870803726,1.1733598602913151,974,301,8.509
port4,0.7,25,9,-0.0017056422758657244,0.007271554171741992,0.026071987585388978,1.3890751002369748,1019,256,8.544
port4,0.7,25,10,-0.0017088188525958283,0.007272923984962377,0.025996108029936356,1.2085415692226944,1012,263,9.154
port4,0.7,25,11,-0.0017050692351320354,0.007282463208842134,0.026177136357641927,1.464114714656253,1038,237,9.766
port4,0.7,25,12,-0.00170485265945635,0.007309519884561973,0.026403552410132838,1.5730270519713339,1009,266,9.258
port4,0.7,25,14,-0.0016883246065777192,0.0071871333910671934,0.025851648489642897,2.066196430994503,995,280,8.379
port4,0.7,25,13,-0.0017114065104567695,0.007280695954332095,0.025989071215275404,1.087878908027503,972,303,9.496
port4,0.7,25,15,-0.0017026121801261734,0.007254113917982816,0.026011590693070217,1.497092965764448,1018,257,8.852
port4,0.7,25,17,-0.0017077952071527548,0.0072807896628089225,0.026088905460529773,1.2998383779825813,985,290,8.625
port4,0.7,25,16,-0.001709142435072225,0.0072713075627424285,0.025973883414760618,1.182869262039954,1032,243,9.447
port4,0.7,25,18,-0.0017003795212643534,0.007257617858142509,0.02610161013584083,1.6408746171516655,1036,239,8.951
port4,0.7,25,19,-0.0017080851222541632,0.007260807435343209,0.025916269251704743,1.2018280897163525,1017,258,9.147
port4,0.7,25,21,-0.0017086848919718703,0.007266182398612636,0.025944166082788548,1.188725387313964,988,287,8.136
port4,0.7,25,22,-0.0017029738171922709,0.007342697017305516,0.02672172171525802,1.7790391719294716,997,278,8.804
port4,0.7,25,20,-0.0017081429128311257,0.007277438262886786,0.0260518320176997,1.2663362877514033,1050,225,9.967
port4,0.7,25,24,-0.001706923756477815,0.007281971019608802,0.026122446543834013,1.3550564539937517,990,285,8.544
port4,0.7,25,23,-0.0017059757823941811,0.007270062328078215,0.026050580361763373,1.363739831183981,1030,245,9.966
port4,0.7,25,25,-0.0017052331891541036,0.007273187959529352,0.026096611676742973,1.4192505641915085,1007,268,8.291
port4,0.7,25,26,-0.0017045437194048614,0.007291029642340511,0.026261464796957658,1.5257867036753332,1010,265,8.789
port4,0.7,25,27,-0.0017087556437174497,0.007266325186463316,0.025943397514631893,1.1851312456598233,1002,273,8.997
port4,0.7,25,29,-0.0017086805726912273,0.0072785971925452215,0.026046622623736495,1.2395013124749852,961,314,8.372
port4,0.7,25,28,-0.0017043470925716627,0.007287627887420911,0.026239045977174955,1.5246666618810236,1031,244,8.647
port4,0.7,25,30,-0.0017068424321942273,0.007271319396071792,0.026037154404189154,1.3180626846576529,1015,260,8.925
port4,0.7,50,1,-0.0017114065104567695,0.007280695954332095,0.025989071215275404,1.087878908027503,1410,1090,13.931
port4,0.7,50,5,-0.0017114065104567695,0.007280695954332095,0.025989071215275404,1.087878908027503,1295,1205,11.114
port4,0.7,50,2,-0.0017114065104567695,0.007280695954332095,0.025989071215275404,1.087878908027503,1546,954,14.459
port4,0.7,50,3,-0.0017114065104567695,0.007280695954332095,0.025989071215275404,1.087878908027503,1674,826,14.464
port4,0.7,50,6,-0.0017114065104567695,0.007280695954332095,0.025989071215275404,1.087878908027503,1608,892,13.682
port4,0.7,50,4,-0.0017114065104567695,0.007280695954332095,0.025989071215275404,1.087878908027503,1680,820,15.501
port4,0.7,50,10,-0.0017114065104567695,0.007280695954332095,0.025989071215275404,1.087878908027503,1451,1049,13.359
port4,0.7,50,7,-0.0017077952071527548,0.0072807896628089225,0.026088905460529773,1.2998383779825813,1595,905,15.705
port4,0.7,50,8,-0.0017114065104567695,0.007280695954332095,0.025989071215275404,1.087878908027503,1476,1024,15.067
port4,0.7,50,12,-0.0017114065104567695,0.007280695954332095,0.025989071215275404,1.087878908027503,1575,925,13.848
port4,0.7,50,9,-0.0017114065104567695,0.007280695954332095,0.025989071215275404,1.087878908027503,1633,867,15.972
port4,0.7,50,11,-0.0017114065104567695,0.007280695954332095,0.025989071215275404,1.087878908027503,1811,689,15.887
port4,0.7,50,14,-0.0017114065104567695,0.007280695954332095,0.025989071215275404,1.087878908027503,1576,924,13.446
port4,0.7,50,13,-0.0017114065104567695,0.007280695954332095,0.025989071215275404,1.087878908027503,1425,1075,15.328
port4,0.7,50,16,-0.001710921699305501,0.007275430534908207,0.025958963801875606,1.094786600956135,1571,929,13.275
port4,0.7,50,17,-0.0017114065104567695,0.007280695954332095,0.025989071215275404,1.087878908027503,1370,1130,12.12
port4,0.7,50,15,-0.001710921699305501,0.007275430534908207,0.025958963801875606,1.094786600956135,1789,711,16.725
port4,0.7,50,18,-0.0017114065104567695,0.007280695954332095,0.025989071215275404,1.087878908027503,1777,723,15.818
port4,0.7,50,21,-0.001710921699305501,0.007275430534908207,0.025958963801875606,1.094786600956135,1530,970,13.487
port4,0.7,50,19,-0.0017114065104567695,0.007280695954332095,0.025989071215275404,1.087878908027503,1567,933,15.215
port4,0.7,50,20,-0.0017114065104567695,0.007280695954332095,0.025989071215275404,1.087878908027503,1666,834,15.891
port4,0.7,50,22,-0.0017102872991932078,0.007291516575118893,0.02610877447861052,1.1967016876100665,1709,791,15.57
port4,0.7,50,23,-0.0017114065104567695,0.007280695954332095,0.025989071215275404,1.087878908027503,1623,877,14.754
port4,0.7,50,24,-0.0017114065104567695,0.007280695954332095,0.025989071215275404,1.087878908027503,1806,694,16.8
port4,0.7,50,25,-0.0017077952071527548,0.0072807896628089225,0.026088905460529773,1.2998383779825813,1471,1029,12.724
port4,0.7,50,27,-0.0017114065104567695,0.007280695954332095,0.025989071215275404,1.087878908027503,1542,958,13.174
port4,0.7,50,28,-0.0017114065104567695,0.007280695954332095,0.025989071215275404,1.087878908027503,1653,847,13.68
port4,0.7,50,26,-0.001710921699305501,0.007275430534908207,0.025958963801875606,1.094786600956135,1555,945,15.108
port4,0.7,50,29,-0.0017114065104567695,0.007280695954332095,0.025989071215275404,1.087878908027503,1708,792,15.34
port4,0.7,50,30,-0.001710921699305501,0.007275430534908207,0.025958963801875606,1.094786600956135,1850,650,17.411
port4,0.7,100,1,-0.0017114065104567695,0.007280695954332095,0.025989071215275404,1.087878908027503,1655,3295,16.165
port4,0.7,100,5,-0.0017114065104567695,0.007280695954332095,0.025989071215275404,1.087878908027503,1668,3282,16.65
port4,0.7,100,2,-0.0017114065104567695,0.007280695954332095,0.025989071215275404,1.087878908027503,1845,3105,20.175
port4,0.7,100,4,-0.0017114065104567695,0.007280695954332095,0.025989071215275404,1.087878908027503,1954,2996,18.708
port4,0.7,100,3,-0.0017114065104567695,0.007280695954332095,0.025989071215275404,1.087878908027503,2129,2821,21.218
port4,0.7,100,6,-0.0017114065104567695,0.007280695954332095,0.025989071215275404,1.087878908027503,1949,3001,19.211
port4,0.7,100,8,-0.0017114065104567695,0.007280695954332095,0.025989071215275404,1.087878908027503,1750,3200,16.937
port4,0.7,100,7,-0.0017114065104567695,0.007280695954332095,0.025989071215275404,1.087878908027503,2032,2918,19.693
port4,0.7,100,9,-0.0017114065104567695,0.007280695954332095,0.025989071215275404,1.087878908027503,1926,3024,18.686
port4,0.7,100,10,-0.0017114065104567695,0.007280695954332095,0.025989071215275404,1.087878908027503,1737,3213,18.774
port4,0.7,100,13,-0.0017114065104567695,0.007280695954332095,0.025989071215275404,1.087878908027503,1672,3278,16.27
port4,0.7,100,12,-0.0017114065104567695,0.007280695954332095,0.025989071215275404,1.087878908027503,1856,3094,17.317
port4,0.7,100,11,-0.0017114065104567695,0.007280695954332095,0.025989071215275404,1.087878908027503,2222,2728,23.862
port4,0.7,100,16,-0.001710921699305501,0.007275430534908207,0.025958963801875606,1.094786600956135,1859,3091,18.278
port4,0.7,100,14,-0.0017114065104567695,0.007280695954332095,0.025989071215275404,1.087878908027503,1968,2982,20.137
port4,0.7,100,17,-0.0017114065104567695,0.007280695954332095,0.025989071215275404,1.087878908027503,1667,3283,16.955
port4,0.7,100,20,-0.0017114065104567695,0.007280695954332095,0.025989071215275404,1.087878908027503,2000,2950,19.792
port4,0.7,100,19,-0.0017114065104567695,0.007280695954332095,0.025989071215275404,1.087878908027503,1887,3063,19.964
port4,0.7,100,15,-0.0017114065104567695,0.007280695954332095,0.025989071215275404,1.087878908027503,2333,2617,25.053
port4,0.7,100,21,-0.0017114065104567695,0.007280695954332095,0.025989071215275404,1.087878908027503,1900,3050,20.231
port4,0.7,100,18,-0.0017114065104567695,0.007280695954332095,0.025989071215275404,1.087878908027503,2290,2660,24.009
port4,0.7,100,22,-0.001710921699305501,0.007275430534908207,0.025958963801875606,1.094786600956135,2093,2857,23.237
port4,0.9,10,1,-0.00024887373892005035,0.005062546071644785,0.016910906022262938,6.243100972852753,443,97,6.099
port4,0.9,10,2,-0.00024548884095912675,0.005475671341651861,0.018320549882760957,5.462611098186284,452,88,6.626
port4,0.9,10,3,-0.0002504308152397859,0.005357216908967408,0.017804209104620765,5.25623556655642,441,99,6.419
port4,0.7,100,23,-0.0017114065104567695,0.007280695954332095,0.025989071215275404,1.087878908027503,1977,2973,23.509
port4,0.7,100,25,-0.0017114065104567695,0.007280695954332095,0.025989071215275404,1.087878908027503,1865,3085,20.577
port4,0.9,10,4,-0.00023982391583787565,0.005736642897617427,0.019259640412123396,4.846560929512663,436,104,6.015
port4,0.7,100,27,-0.0017114065104567695,0.007280695954332095,0.025989071215275404,1.087878908027503,1817,3133,18.526
port4,0.7,100,24,-0.0017114065104567695,0.007280695954332095,0.025989071215275404,1.087878908027503,2265,2685,24.758
port4,0.9,10,5,-0.0002445432270544292,0.0056166760947964555,0.018771265938047624,4.926183755429736,458,82,6.817
port4,0.9,10,6,-0.0002366429013922717,0.005018102479748366,0.017164800758871005,8.335071539632741,449,91,5.077
port4,0.7,100,26,-0.0017114065104567695,0.007280695954332095,0.025989071215275404,1.087878908027503,1920,3030,21.204
port4,0.9,10,8,-0.00025917061026856,0.00531633845751972,0.017399337007912175,4.068498979625793,440,100,4.978
port4,0.9,10,7,-0.00023362593209603984,0.0050227962723449595,0.0172772713618035,8.791108858247936,462,78,6.768
port4,0.7,100,28,-0.0017114065104567695,0.007280695954332095,0.025989071215275404,1.087878908027503,1967,2983,22.316
port4,0.9,10,10,-0.0002620952851052236,0.0053733501564260135,0.01748776494636488,3.475103639298285,447,93,5.893
port4,0.9,10,9,-0.00024618769479659074,0.005086651733610282,0.017077518638531033,6.648410949645059,467,73,6.453
port4,0.9,10,12,-0.00024016143398829937,0.005297080624197127,0.017936512370996312,6.910087068007049,449,91,5.067
port4,0.9,10,11,-0.00025207948527522354,0.005086614742310353,0.01688464091533458,5.660289821826333,433,107,6.068
port4,0.9,10,14,-0.0002316533131341174,0.005254233358432981,0.018066851865876747,8.2261850877236,442,98,4.931
port4,0.7,100,29,-0.0017114065104567695,0.007280695954332095,0.025989071215275404,1.087878908027503,2028,2922,20.551
port4,0.9,10,15,-0.0002405158912033925,0.005419286433984774,0.018300356772329298,6.350847865023353,447,93,4.85
port4,0.9,10,13,-0.00024362871200679122,0.005316297921238366,0.017888577364621547,6.359400242827032,439,101,7.238
port4,0.9,10,16,-0.00023007214603766775,0.0053925971245640456,0.01853487902483485,7.7799423765887,440,100,5.597
port4,0.9,10,17,-0.000249538097080675,0.005362176513401469,0.01784748828452003,5.365640148726827,451,89,5.125
port4,0.9,10,20,-0.0002507531213515488,0.005235291904170198,0.017409322823816457,5.57924707908716,444,96,4.693
port4,0.9,10,21,-0.00023763404830200825,0.005491655685272278,0.01860500291812869,6.37339442127967,441,99,4.755
port4,0.9,10,18,-0.0002523563598579597,0.005332560149555086,0.017666655820674303,5.058387978424567,453,87,6.292
port4,0.9,10,23,-0.0002488078165951415,0.005332506209329764,0.01777772652437235,5.572513543237994,446,94,4.837
port4,0.9,10,22,-0.00023719824417399882,0.005215714492365867,0.0177755514076869,7.630920087952647,457,83,4.9
port4,0.9,10,19,-0.0002337118093239649,0.0051646343475774525,0.01772479824156541,8.309665169563303,454,86,6.178
port4,0.7,100,30,-0.0017114065104567695,0.007280695954332095,0.025989071215275404,1.087878908027503,2371,2579,25.071
port4,0.9,10,24,-0.00023938849869444283,0.005580477178971574,0.018816636232709797,5.721424697206668,435,105,4.801
port4,0.9,10,25,-0.0002456158405708474,0.005360477091232014,0.01796391038079633,5.917863250638507,444,96,4.954
port4,0.9,10,26,-0.00024129495270912456,0.005459912198619618,0.01839976651883379,6.068834177488807,470,70,4.892
port4,0.9,10,27,-0.0002596594088805947,0.005499179988182425,0.017958550731480644,3.459061622312978,455,85,4.675
port4,0.9,10,28,-0.00024762085471358153,0.005054101577863424,0.016924318567367317,6.468743236875946,451,89,5.35
port4,0.9,10,29,-0.0002522635909427318,0.005317514625651393,0.017622204163510666,5.11834251041379,440,100,4.768
port4,0.9,10,30,-0.0002450285968683499,0.005307002915323975,0.01781608806868567,6.1979861141110675,451,89,4.531
port4,0.9,15,4,-0.00024813578209038597,0.005497359045511938,0.01830604400679391,5.026084598017729,622,163,6.377
port4,0.9,15,1,-0.0002553876633175207,0.005286575616416274,0.017425074472154158,4.731053959308384,641,144,7.219
port4,0.9,15,2,-0.00027015915784490404,0.005417153702572666,0.017370351893459878,2.103673599163659,660,125,7.227
port4,0.9,15,3,-0.0002632212761655397,0.005380274613944471,0.017473986546003083,3.2833150545989445,635,150,7.555
port4,0.9,15,6,-0.0002471818109960954,0.0050275134954290875,0.01685129531937838,6.583303853919764,641,144,6.699
port4,0.9,15,5,-0.00025057838821217725,0.005527159584179376,0.01832234732068284,4.581393958227825,650,135,7.104
port4,0.9,15,7,-0.00024580018536521044,0.005254212673348935,0.01762640323711634,6.267331763654589,668,117,7.157
port4,0.9,15,8,-0.0002673496243307302,0.005270043572888133,0.01698544255656338,2.7989483707998972,641,144,6.84
port4,0.9,15,9,-0.00025099908128730123,0.00542906335168597,0.018009480647743274,4.918075555574149,670,115,7.167
port4,0.9,15,11,-0.0002617996710440202,0.005215653579264298,0.016989071221831253,3.821174018799064,619,166,6.802
port4,0.9,15,10,-0.00026357958258578794,0.005445690608850744,0.01766948022562213,3.0576678606723466,640,145,7.337
port4,0.9,15,12,-0.0002594702763791384,0.005285549633584276,0.017291124472761838,4.0891096389020225,649,136,6.867
port4,0.9,15,13,-0.0002497336937377952,0.005272368007246548,0.01755952122186009,5.630072279657729,624,161,6.769
port4,0.9,15,14,-0.00025896787981063063,0.005491452387666951,0.0179560376399962,3.583286723369378,640,145,6.664
port4,0.9,15,15,-0.0002487041383889789,0.005436778634535032,0.018103827866090275,5.2005600741573685,642,143,6.679
port4,0.9,15,16,-0.00025066586374321786,0.005424232558869632,0.01800485712688987,4.982076315117258,639,146,6.714
port4,0.9,15,18,-0.0002588405699086775,0.005283164164869939,0.01730368767948729,4.195085857729987,646,139,6.981
port4,0.9,15,17,-0.0002584877320529394,0.0054917392464060265,0.017971773936669044,3.6497949377386916,655,130,7.382
port4,0.9,15,20,-0.0002588237972883914,0.005101761061513563,0.016711682835102878,4.45382879342242,635,150,6.49
port4,0.9,15,19,-0.0002605905854884459,0.005296257905729932,0.0172895345700657,3.8868368318473805,650,135,7.0
port4,0.9,15,21,-0.0002704238113828243,0.005512519979370897,0.01766440823785581,1.8435061366056087,637,148,6.649
port4,0.9,15,24,-0.0002606198739540922,0.005469065441663536,0.017835254420272388,3.4225433774105505,622,163,6.652
port4,0.9,15,22,-0.0002652697669218644,0.005441044836665985,0.017601600834543235,2.814912619931781,650,135,7.311
port4,0.9,15,23,-0.00026775683026278557,0.005469391205817117,0.017612567808210328,2.3617557707572776,643,142,7.3
port4,0.9,15,25,-0.000255073089629657,0.0053634285347460165,0.01767829063647603,4.563398318896091,641,144,6.991
port4,0.9,15,26,-0.00026071902759561017,0.005342942543991656,0.017434806400593403,3.7630398420714606,657,128,6.959
port4,0.9,15,27,-0.000269508999302724,0.005565163768070361,0.017857689831439625,1.8311918137014649,648,137,6.96
port4,0.9,15,28,-0.00025850444498464245,0.00530265820891041,0.01737691239376094,4.205134619205677,655,130,6.864
port4,0.9,15,29,-0.00025454051636828975,0.005471827918624034,0.018032140302314315,4.270712036628499,620,165,7.086
port4,0.9,15,30,-0.00025838111042295563,0.005195039758783713,0.017033394176519376,4.431844251245738,651,134,7.083
port4,0.9,25,1,-0.00026971944875312084,0.0055806702816654594,0.017899335164978894,1.7531190352887425,1021,254,10.836
port4,0.9,25,3,-0.0002737985410178546,0.005481763453669398,0.017460361595755654,1.3908411995943553,923,352,10.204
port4,0.9,25,2,-0.0002718455552612798,0.0053460012643487004,0.017086530470701515,1.9362886055625166,1017,258,11.546
port4,0.9,25,4,-0.0002631008143488899,0.005496876609426217,0.017844602252462524,2.974961004573347,1013,262,10.503
port4,0.9,25,5,-0.00026584439786224656,0.005526333227225462,0.0178508924414408,2.484421954996689,1028,247,11.74
port4,0.9,25,6,-0.0002660303889566737,0.005499834143755334,0.01776241429469853,2.5371897873632916,1005,270,11.836
port4,0.9,25,10,-0.0002700852049752371,0.005477691632958005,0.017565242140867073,1.983010769558846,934,341,10.742
port4,0.9,25,7,-0.0002605097696499708,0.005394852635963124,0.017606043594501596,3.6612275905900953,1047,228,11.848
port4,0.9,25,8,-0.0002718455552612798,0.0053460012643487004,0.017086530470701515,1.9362886055625166,977,298,12.006
port4,0.9,25,9,-0.00026680174151230734,0.0055012594632374,0.017742735753335865,2.418691866797472,1050,225,12.023
port4,0.9,25,11,-0.00027222301966390504,0.0055482015525753926,0.01771995534210682,1.4767234946429852,990,285,12.676
port4,0.9,25,12,-0.00027118322838372137,0.005587719342830821,0.01787576590120953,1.5184510851444535,1001,274,13.036
port4,0.9,25,13,-0.00026290910048570735,0.0053770789650444606,0.017473751617107767,3.33961019636615,951,324,11.139
port4,0.9,25,16,-0.00026721544882183414,0.005578242925925406,0.01796938271896908,2.1211007231324417,1033,242,12.37
port4,0.9,25,14,-0.0002715847783027011,0.005558355844594664,0.017771725551084576,1.544579178341103,996,279,14.676
port4,0.9,25,15,-0.00026864523016104384,0.005488177056991967,0.01764377370626668,2.1775309476276936,1015,260,14.449
port4,0.9,25,18,-0.00026856671624921025,0.00564533347531617,0.018134271767457532,1.7024318605681275,940,335,12.83
port4,0.9,25,17,-0.00027002798771425234,0.005465548815531986,0.017528608166808218,2.020706375774921,1024,251,13.286
port4,0.9,25,20,-0.00026828845155115345,0.0051613869111952265,0.016594853270697082,2.683365866758415,1008,267,11.553
port4,0.9,25,21,-0.0002713392013146608,0.005545172750353511,0.017738159547543257,1.617854082901902,979,296,13.666
port4,0.9,25,22,-0.0002681015318729764,0.0053941073088361385,0.017362449872278248,2.4804767989721337,999,276,14.026
port4,0.9,25,23,-0.00027094687851436324,0.0055589422927648895,0.017793486659827884,1.637789479994679,1028,247,13.215
port4,0.9,25,19,-0.0002687302184397482,0.005499836254621897,0.017677776601724843,2.133695872435168,1030,245,16.472
port4,0.9,25,24,-0.0002707476975656059,0.0055433498331478245,0.01775097135837224,1.7114525325813086,981,294,13.435
port4,0.9,25,25,-0.0002674499144910147,0.005439482059095406,0.01752770161197303,2.483555473087056,1035,240,13.673
port4,0.9,25,26,-0.00027071203227479394,0.005326013979624588,0.01705837577547772,2.154695926940907,1005,270,11.956
port4,0.9,25,27,-0.0002714524571655838,0.005505344169223441,0.017609402783638067,1.704509115152448,1009,266,11.577
port4,0.9,25,30,-0.00026592301165353404,0.005501728854895901,0.01777169640611647,2.547478151095362,964,311,10.697
port4,0.9,25,28,-0.0002643706093845409,0.0052450768533138905,0.01700121158907499,3.3425762281971214,1041,234,12.925
port4,0.9,25,29,-0.0002656989112430248,0.0054645335526136134,0.017662088841430838,2.6868525486565327,979,296,12.861
port4,0.9,50,1,-0.0002737985410178546,0.005481763453669398,0.017460361595755654,1.3908411995943553,1544,956,17.721
port4,0.9,50,3,-0.0002737985410178546,0.005481763453669398,0.017460361595755654,1.3908411995943553,1252,1248,14.614
port4,0.9,50,4,-0.0002686840518629257,0.005414561129522818,0.017409194923288733,2.3454099106351696,1485,1015,15.713
port4,0.9,50,2,-0.00027196506032893465,0.0053781360493070675,0.017186834257062772,1.873088473078003,1421,1079,17.706
port4,0.9,50,8,-0.0002737985410178546,0.005481763453669398,0.017460361595755654,1.3908411995943553,1338,1162,15.411
port4,0.9,50,6,-0.0002737985410178546,0.005481763453669398,0.017460361595755654,1.3908411995943553,1641,859,19.355
port4,0.9,50,10,-0.0002730193010493541,0.005480182952982536,0.017480115504605015,1.5179137945414374,1307,1193,15.351
port4,0.9,50,5,-0.0002730193010493541,0.005480182952982536,0.017480115504605015,1.5179137945414374,1671,829,20.902
port4,0.9,50,12,-0.0002730193010493541,0.005480182952982536,0.017480115504605015,1.5179137945414374,1347,1153,15.843
port4,0.9,50,11,-0.00027222301966390504,0.0055482015525753926,0.01771995534210682,1.4767234946429852,1360,1140,16.945
port4,0.9,50,7,-0.0002737985410178546,0.005481763453669398,0.017460361595755654,1.3908411995943553,1761,739,21.66
port4,0.9,50,9,-0.0002710357681873723,0.005450090110777376,0.0174474844697632,1.8964396376499792,1649,851,20.612
port4,0.9,50,14,-0.0002730193010493541,0.005480182952982536,0.017480115504605015,1.5179137945414374,1396,1104,16.358
port4,0.9,50,15,-0.0002730193010493541,0.005480182952982536,0.017480115504605015,1.5179137945414374,1525,975,17.742
port4,0.9,50,13,-0.0002737985410178546,0.005481763453669398,0.017460361595755654,1.3908411995943553,1730,770,21.393
port4,0.9,50,16,-0.0002737985410178546,0.005481763453669398,0.017460361595755654,1.3908411995943553,1770,730,21.77
port4,0.9,50,21,-0.0002737985410178546,0.005481763453669398,0.017460361595755654,1.3908411995943553,1289,1211,15.846
port4,0.9,50,18,-0.0002737985410178546,0.005481763453669398,0.017460361595755654,1.3908411995943553,1391,1109,19.368
port4,0.9,50,22,-0.00027222301966390504,0.0055482015525753926,0.01771995534210682,1.4767234946429852,1457,1043,17.202
port4,0.9,50,17,-0.0002737985410178546,0.005481763453669398,0.017460361595755654,1.3908411995943553,1630,870,21.496
port4,0.9,50,20,-0.0002730193010493541,0.005480182952982536,0.017480115504605015,1.5179137945414374,1817,683,22.365
port4,0.9,50,19,-0.00027222301966390504,0.0055482015525753926,0.01771995534210682,1.4767234946429852,1793,707,23.168
port4,0.9,50,23,-0.0002737985410178546,0.005481763453669398,0.017460361595755654,1.3908411995943553,1560,940,19.31
port4,0.9,50,24,-0.0002737985410178546,0.005481763453669398,0.017460361595755654,1.3908411995943553,1555,945,19.238
port4,0.9,50,26,-0.0002737985410178546,0.005481763453669398,0.017460361595755654,1.3908411995943553,1396,1104,15.897
port4,0.9,50,27,-0.0002737985410178546,0.005481763453669398,0.017460361595755654,1.3908411995943553,1337,1163,15.548
port4,0.9,50,25,-0.0002737985410178546,0.005481763453669398,0.017460361595755654,1.3908411995943553,1478,1022,20.516
port4,0.9,50,30,-0.0002737985410178546,0.005481763453669398,0.017460361595755654,1.3908411995943553,1379,1121,15.316
port4,0.9,50,29,-0.0002712640892790137,0.005547651856724522,0.017748273668583416,1.6222745444214808,1572,928,18.4
port4,0.9,50,28,-0.00027237699192093554,0.005664190056834449,0.018075213653647646,1.1040828434079968,1719,781,21.093
port4,0.9,100,2,-0.00027196506032893465,0.0053781360493070675,0.017186834257062772,1.873088473078003,1700,3250,20.625
port4,0.9,100,1,-0.0002737985410178546,0.005481763453669398,0.017460361595755654,1.3908411995943553,1809,3141,21.181
port4,0.9,100,3,-0.0002737985410178546,0.005481763453669398,0.017460361595755654,1.3908411995943553,1518,3432,18.449
port4,0.9,100,4,-0.0002737985410178546,0.005481763453669398,0.017460361595755654,1.3908411995943553,2101,2849,23.117
port4,0.9,100,5,-0.0002737985410178546,0.005481763453669398,0.017460361595755654,1.3908411995943553,2077,2873,24.886
port4,0.9,100,6,-0.0002737985410178546,0.005481763453669398,0.017460361595755654,1.3908411995943553,2016,2934,25.43
port4,0.9,100,8,-0.0002737985410178546,0.005481763453669398,0.017460361595755654,1.3908411995943553,1624,3326,19.963
port4,0.9,100,7,-0.0002737985410178546,0.005481763453669398,0.017460361595755654,1.3908411995943553,2043,2907,24.291
port4,0.9,100,9,-0.0002737985410178546,0.005481763453669398,0.017460361595755654,1.3908411995943553,2046,2904,24.348
port4,0.9,100,10,-0.0002737985410178546,0.005481763453669398,0.017460361595755654,1.3908411995943553,1733,3217,20.642
port4,0.9,100,11,-0.00027222301966390504,0.0055482015525753926,0.01771995534210682,1.4767234946429852,1628,3322,18.694
port4,0.9,100,12,-0.0002730193010493541,0.005480182952982536,0.017480115504605015,1.5179137945414374,1612,3338,21.28
port4,0.9,100,14,-0.0002737985410178546,0.005481763453669398,0.017460361595755654,1.3908411995943553,1745,3205,20.623
port4,0.9,100,15,-0.0002730193010493541,0.005480182952982536,0.017480115504605015,1.5179137945414374,1844,3106,22.285
port4,0.9,100,13,-0.0002737985410178546,0.005481763453669398,0.017460361595755654,1.3908411995943553,2080,2870,26.883
port4,0.9,100,18,-0.0002737985410178546,0.005481763453669398,0.017460361595755654,1.3908411995943553,1666,3284,21.403
port4,0.9,100,16,-0.0002737985410178546,0.005481763453669398,0.017460361595755654,1.3908411995943553,2149,2801,26.249
port4,0.9,100,17,-0.0002737985410178546,0.005481763453669398,0.017460361595755654,1.3908411995943553,1922,3028,24.658
port4,0.9,100,21,-0.0002737985410178546,0.005481763453669398,0.017460361595755654,1.3908411995943553,1556,3394,20.488
port4,0.9,100,22,-0.00027222301966390504,0.0055482015525753926,0.01771995534210682,1.4767234946429852,1833,3117,24.135
port4,0.9,100,23,-0.0002737985410178546,0.005481763453669398,0.017460361595755654,1.3908411995943553,1878,3072,24.766
port4,0.9,100,19,-0.0002737985410178546,0.005481763453669398,0.017460361595755654,1.3908411995943553,2393,2557,32.608
port4,0.9,100,24,-0.0002737985410178546,0.005481763453669398,0.017460361595755654,1.3908411995943553,1813,3137,23.381
port4,0.9,100,20,-0.0002730193010493541,0.005480182952982536,0.017480115504605015,1.5179137945414374,2497,2453,31.127
port4,0.9,100,26,-0.0002737985410178546,0.005481763453669398,0.017460361595755654,1.3908411995943553,1661,3289,21.023
port4,0.9,100,25,-0.0002737985410178546,0.005481763453669398,0.017460361595755654,1.3908411995943553,1849,3101,23.937
port4,0.9,100,27,-0.0002737985410178546,0.005481763453669398,0.017460361595755654,1.3908411995943553,1605,3345,19.414
port4,0.9,100,30,-0.0002737985410178546,0.005481763453669398,0.017460361595755654,1.3908411995943553,1621,3329,17.736
port4,0.9,100,29,-0.0002712640892790137,0.005547651856724522,0.017748273668583416,1.6222745444214808,1849,3101,20.658
port4,0.9,100,28,-0.0002730193010493541,0.005480182952982536,0.017480115504605015,1.5179137945414374,2123,2827,22.776
port5,0.1,10,4,-0.0027604297718696246,0.0031600400000000002,0.02891474159150929,15.04289187226938,442,98,2.979
port5,0.1,10,3,-0.002724694808514821,0.003105599999999999,0.026522667943700333,13.838085462661677,427,113,3.04
port5,0.1,10,11,-0.002380375429926897,0.0027313099999999994,0.027893291321230335,25.694425831596497,431,109,3.187
port5,0.1,10,8,-0.0023375946106866338,0.00268674,0.02836747949913178,27.32241817114018,440,100,3.204
port5,0.1,10,2,-0.0027683703313450643,0.00316213,0.02784720249054397,13.924340733613576,446,94,3.218
port5,0.1,10,6,-0.002405077340130151,0.002776429999999999,0.030612033560325255,26.595756130512655,451,89,3.337
port5,0.1,10,5,-0.002483642911566267,0.00282623,0.024487565912873654,10.837061529044382,455,85,3.366
port5,0.1,10,1,-0.002774039928637382,0.003158059999999998,0.02611782367706328,11.735267311830645,435,105,3.768
port5,0.1,10,10,-0.0023482121144853168,0.0026934699999999995,0.02755193015283733,26.402551678867393,452,88,3.924
port5,0.1,10,7,-0.0027237584073416324,0.0030975499999999997,0.025305452506992874,9.720019717462533,448,92,3.957
port5,0.1,10,9,-0.0028377652639585194,0.0032384499999999995,0.02771998124845691,11.704515769179517,459,81,4.08
port5,0.1,10,12,-0.002659397618350229,0.0030440199999999997,0.028323202793782122,17.615325388012174,438,102,4.21
port5,0.1,10,13,-0.002333236928722556,0.0026870699999999997,0.029176372508837273,27.96055822418682,445,95,3.031
port5,0.1,10,18,-0.002891077430360998,0.003295309999999999,0.02733158788636356,9.68970690810892,435,105,2.806
port5,0.1,10,16,-0.002973433929914134,0.003382509999999998,0.026612979931954953,6.296612425731393,452,88,3.065
port5,0.1,10,17,-0.0024353144688885105,0.0027831,0.026358211455159212,20.09535150994837,463,77,3.718
port5,0.1,10,23,-0.002446619502598946,0.0027894299999999994,0.02527201958709535,15.035131522094588,428,112,2.901
port5,0.1,10,21,-0.002614643397036137,0.0029909100000000003,0.02778049728926088,18.516545845643986,451,89,3.094
port5,0.1,10,19,-0.0023269572299843356,0.0026695999999999985,0.02751050163404216,27.014718439688554,453,87,3.711
port5,0.1,10,22,-0.0025972861789103716,0.0029634500000000003,0.026423251330907095,17.066226629145547,452,88,3.507
port5,0.1,10,24,-0.0023991672114371293,0.0027449600000000003,0.026701458492537633,22.366297458813936,439,101,3.372
port5,0.1,10,14,-0.00244029360604143,0.0027918899999999983,0.026908622030599866,22.438710013720954,447,93,5.175
port5,0.1,10,20,-0.002442673199787321,0.002788599999999999,0.025897258583231983,17.89608953333012,459,81,4.567
port5,0.1,10,15,-0.0024960254494062906,0.002861299999999997,0.028132641289737956,22.38554534142242,447,93,5.383
port5,0.1,10,27,-0.002868466023036283,0.00327518,0.028141779788015752,11.168525958238803,448,92,3.642
port5,0.1,10,26,-0.0026782626914947628,0.0030596399999999998,0.02746148366444121,16.296453346183856,453,87,3.86
port5,0.1,10,30,-0.0025694030990679262,0.0029437099999999996,0.028272937755400206,20.283178305688256,442,98,3.182
port5,0.1,10,25,-0.002434683391459891,0.00278271,0.026411287083387143,20.34433741236874,455,85,4.307
port5,0.1,10,29,-0.0026548100916677715,0.00304295,0.028955985276316962,18.227368802182884,460,80,3.361
port5,0.1,10,28,-0.0026770467601574277,0.0030476199999999987,0.02565370145662649,12.140093555331758,448,92,3.68
port5,0.1,15,3,-0.0030287258061481746,0.0034433800000000002,0.026517200804727824,4.457839673912194,613,172,4.365
port5,0.1,15,2,-0.0030076528723144576,0.00342283,0.026998912512459183,5.748290199477223,644,141,4.761
port5,0.1,15,4,-0.0028654833295977044,0.0032745199999999995,0.028563030371845193,11.621148924243197,616,169,4.098
port5,0.1,15,1,-0.002774039928637382,0.003158059999999998,0.02611782367706328,11.735267311830645,630,155,5.885
port5,0.1,15,5,-0.0027091177423697317,0.0030757699999999994,0.024305402204092108,5.760991548320551,646,139,4.807
port5,0.1,15,6,-0.002670889664307061,0.00306837,0.03010703168579388,18.497776208299754,652,133,5.848
port5,0.1,15,9,-0.002972082225389254,0.0033814599999999993,0.026689281483536498,6.441839426494321,652,133,4.451
port5,0.1,15,8,-0.00245905584424212,0.0028176499999999997,0.027718072760904437,23.175639054180955,642,143,4.712
port5,0.1,15,7,-0.002845328874717377,0.0032412599999999993,0.026796478366125427,10.47296763388539,643,142,4.903
port5,0.1,15,11,-0.002822488581517662,0.0032100699999999976,0.02580201900672421,9.682171590026947,628,157,4.857
port5,0.1,15,10,-0.002762550179594279,0.00314094,0.025356620517277356,9.153114037191452,650,135,5.015
port5,0.1,15,12,-0.00285142502755297,0.0032582399999999978,0.028458912917929208,11.956090995593566,639,146,4.809
port5,0.1,15,13,-0.002778765387992629,0.00317209,0.02758905797727994,13.36689268299186,647,138,4.571
port5,0.1,15,15,-0.0028392686792382224,0.0032344699999999993,0.026786996987676216,10.647268468788695,646,139,4.841
port5,0.1,15,14,-0.002864885244387763,0.003267939999999999,0.02761535000905042,10.779828069784841,640,145,4.945
port5,0.1,15,16,-0.0030014068723018916,0.0034135899999999993,0.026612802877207114,5.435348600180586,648,137,4.843
port5,0.1,15,17,-0.00280300300822069,0.0031919099999999983,0.026403786050358147,11.261821952015287,668,117,5.386
port5,0.1,15,18,-0.0029661890892911085,0.0033818599999999996,0.027836111565535202,7.9303118549596245,632,153,4.42
port5,0.1,15,19,-0.0027627943815535863,0.00314989,0.026852675555037987,13.072366088948657,658,127,4.722
port5,0.1,15,20,-0.0027033503912342353,0.00307832,0.025910926028562677,12.700177866267794,652,133,4.855
port5,0.1,15,21,-0.0029244723292773025,0.00333652,0.02799922690409457,9.348354479268504,647,138,4.84
port5,0.1,15,23,-0.002618501283316292,0.00297979,0.0251614221942458,11.188160718332721,630,155,4.438
port5,0.1,15,24,-0.002626601242096577,0.003000869999999999,0.027236328295756417,17.649982732306462,638,147,5.019
port5,0.1,15,22,-0.002791866591009499,0.0031866100000000003,0.027583039896012317,12.963481304918163,640,145,5.326
port5,0.1,15,25,-0.0028837832202215224,0.0032910099999999987,0.027950989209413832,10.531773832005253,652,133,4.598
port5,0.1,15,26,-0.0030268975235083597,0.0034419299999999984,0.026615686444583595,4.654788006295364,640,145,4.353
port5,0.1,15,27,-0.002909403447528047,0.0033209099999999994,0.028180765154969145,9.970200891026352,648,137,4.375
port5,0.1,15,28,-0.0029153980224786748,0.00332496,0.02776075962961488,9.393050724958492,630,155,4.223
port5,0.1,15,29,-0.0028341663941495016,0.0032371499999999994,0.028154680934171155,12.21355902465289,650,135,4.338
port5,0.1,15,30,-0.0030325518805049074,0.0034481499999999992,0.026605097161087755,4.465835958357692,638,147,4.39
port5,0.1,25,3,-0.0030666532838499847,0.0034907300000000005,0.0273868063399178,4.4064521880983625,987,288,6.376
port5,0.1,25,4,-0.003017857440503177,0.0034357199999999993,0.02725629459351039,5.743193780088962,997,278,6.432
port5,0.1,25,1,-0.0030103747266865735,0.0034199,0.025987549579255583,4.164125400903592,1008,267,7.087
port5,0.1,25,2,-0.0030466007784672932,0.003465039999999999,0.02682074225906237,4.328019106022768,1022,253,7.172
port5,0.1,25,5,-0.0028725826342577017,0.00326855,0.026289230826005296,8.944001619609226,1012,263,6.402
port5,0.1,25,6,-0.0029991755043046243,0.00341914,0.027937518804535218,7.032988216858638,1027,248,6.659
port5,0.1,25,8,-0.002813252452230197,0.0032031199999999994,0.026373385783740905,10.902285054767813,1025,250,7.178
port5,0.1,25,7,-0.002930821972198915,0.00333314,0.02626861774077303,7.1093766981345174,1022,253,7.847
port5,0.1,25,9,-0.0030762884640513706,0.0034980600000000003,0.026826392964509716,3.4247971318552457,1009,266,7.527
port5,0.1,25,11,-0.0029705554190557,0.0033754400000000004,0.025950063765682818,5.3351689332782435,1004,271,6.757
port5,0.1,25,10,-0.00303277199836039,0.00344797,0.026533187075737645,4.356327285150501,1030,245,7.872
port5,0.1,25,12,-0.00299867407008898,0.003418759999999999,0.027966038316325652,7.076045455899465,1008,267,6.755
port5,0.1,25,14,-0.0030670985854670905,0.00349091,0.027335035125806897,4.333700854443873,1001,274,7.073
port5,0.1,25,15,-0.002876148402116052,0.00327534,0.026768936826842473,9.4925881601715,1007,268,6.832
port5,0.1,25,16,-0.003059497643211218,0.003478189999999999,0.02662205040728113,3.6604379586162223,1050,225,6.729
port5,0.1,25,13,-0.002940594878512317,0.0033499399999999996,0.02726740205587663,8.11081003583246,1033,242,7.818
port5,0.1,25,17,-0.0030068815136729096,0.0034229399999999993,0.027159618246045025,5.96537780497032,1044,231,7.852
port5,0.1,25,18,-0.0030659099734367213,0.0034860299999999993,0.026742667511540114,3.6306560952560387,991,284,7.918
port5,0.1,25,20,-0.0029623672401017384,0.0033644599999999997,0.025621623660155024,4.943989601781412,1022,253,7.498
port5,0.1,25,21,-0.002982732491346459,0.00340096,0.027952013997839496,7.543884162849669,1037,238,7.529
port5,0.1,25,22,-0.0029972251192840263,0.00340781,0.026420424053367038,5.287194090199053,1036,239,7.301
port5,0.1,25,19,-0.0029648517933037613,0.0033822799999999997,0.028142531282071778,8.264518367099159,1041,234,8.372
port5,0.1,25,23,-0.002944783205354551,0.0033500199999999987,0.026501847981876308,7.024045893327969,1003,272,7.555
port5,0.1,25,24,-0.0030203169702574507,0.0034431500000000007,0.02802106881304664,6.476223986209944,1025,250,8.221
port5,0.1,25,25,-0.0030188400727565014,0.0034356399999999985,0.02706213724809943,5.4834878488655585,1048,227,7.056
port5,0.1,25,28,-0.003047607975953127,0.0034693199999999993,0.027345936452583208,4.939635187233915,1012,263,6.988
port5,0.1,25,27,-0.003054896439129505,0.003477569999999999,0.027370889804771432,4.746129363642828,1022,253,7.845
port5,0.1,25,30,-0.0030418001644276103,0.0034585799999999997,0.02663115385641207,4.21785270589378,1028,247,6.715
port5,0.1,25,26,-0.003077020968377917,0.0034982500000000005,0.026721532819448005,3.260416918577845,1000,275,8.967
port5,0.1,25,29,-0.003078906898654833,0.00350062,0.026767723352046083,3.2655880967835023,991,284,7.898
port5,0.1,50,3,-0.0030666532838499847,0.0034907300000000005,0.0273868063399178,4.4064521880983625,1462,1038,10.434
port5,0.1,50,1,-0.003078906898654833,0.00350062,0.026767723352046083,3.2655880967835023,1633,867,11.696
port5,0.1,50,5,-0.003078906898654833,0.00350062,0.026767723352046083,3.2655880967835023,1770,730,12.034
port5,0.1,50,4,-0.0030793961720169583,0.0035010700000000002,0.026751977120026353,3.229151434015053,1723,777,13.129
port5,0.1,50,6,-0.003078906898654833,0.00350062,0.026767723352046083,3.2655880967835023,1662,838,12.351
port5,0.1,50,2,-0.0030793961720169583,0.0035010700000000002,0.026751977120026353,3.229151434015053,1836,664,15.492
port5,0.1,50,7,-0.0029543957015130172,0.0033599800000000003,0.02637921501617947,6.548724812024683,1720,780,12.864
port5,0.1,50,9,-0.0030762884640513706,0.0034980600000000003,0.026826392964509716,3.4247971318552457,1457,1043,12.262
port5,0.1,50,10,-0.003062212602909894,0.0034858099999999993,0.027389121397026556,4.54418910091913,1643,857,12.019
port5,0.1,50,8,-0.0030729702654200145,0.003498100000000001,0.027444441072826876,4.279378514859651,1816,684,13.28
port5,0.1,50,12,-0.0030705989906530473,0.00349528,0.027414049198714263,4.317271081628181,1540,960,12.086
port5,0.1,50,11,-0.0030718461577661895,0.00349314,0.026829059289101183,3.5646084383048535,1780,720,13.236
port5,0.1,50,13,-0.0030793961720169583,0.0035010700000000002,0.026751977120026353,3.229151434015053,1642,858,12.055
port5,0.1,50,14,-0.0030793961720169583,0.0035010700000000002,0.026751977120026353,3.229151434015053,1676,824,13.441
port5,0.1,50,17,-0.0030704501118765035,0.0034908299999999995,0.026701477135824644,3.434651181498919,1713,787,12.255
port5,0.1,50,16,-0.003077020968377917,0.0034982500000000005,0.026721532819448005,3.260416918577845,1676,824,13.126
port5,0.1,50,18,-0.003067998022061783,0.00348805,0.026692129540037916,3.4971296987631395,1321,1179,11.34
port5,0.1,50,15,-0.0030312062773401663,0.0034474199999999997,0.02673419582853265,4.685219728692998,1612,888,14.588
port5,0.1,50,20,-0.003014920263966214,0.0034282,0.026544252868330353,4.922404065618096,1612,888,11.314
port5,0.1,50,22,-0.003077020968377917,0.0034982500000000005,0.026721532819448005,3.260416918577845,1641,859,12.952
port5,0.1,50,23,-0.0030085911731583996,0.00342091,0.026500533360972234,5.054457202182917,1493,1007,12.506
port5,0.1,50,19,-0.0030793961720169583,0.0035010700000000002,0.026751977120026353,3.229151434015053,1729,771,14.982
port5,0.1,50,21,-0.0030793961720169583,0.0035010700000000002,0.026751977120026353,3.229151434015053,1825,675,14.659
port5,0.1,50,24,-0.0030749548366553123,0.0034961500000000004,0.026754469410677526,3.3689555736817565,1833,667,15.339
port5,0.1,50,26,-0.003077020968377917,0.0034982500000000005,0.026721532819448005,3.260416918577845,1324,1176,10.103
port5,0.1,50,25,-0.0030793961720169583,0.0035010700000000002,0.026751977120026353,3.229151434015053,1693,807,12.961
port5,0.1,50,27,-0.0030690394852327407,0.00349363,0.02742763474440687,4.380030963168861,1634,866,11.921
port5,0.1,50,28,-0.003078906898654833,0.00350062,0.026767723352046083,3.2655880967835023,1625,875,12.933
port5,0.1,50,29,-0.0030793961720169583,0.0035010700000000002,0.026751977120026353,3.229151434015053,1526,974,12.855
port5,0.1,50,30,-0.003058586692329957,0.0034776300000000002,0.026698372173232437,3.7950209773273174,1590,910,12.498
port5,0.1,100,3,-0.0030729702654200145,0.003498100000000001,0.027444441072826876,4.279378514859651,1835,3115,13.871
port5,0.1,100,1,-0.0030793961720169583,0.0035010700000000002,0.026751977120026353,3.229151434015053,2204,2746,19.774
port5,0.1,100,4,-0.0030793961720169583,0.0035010700000000002,0.026751977120026353,3.229151434015053,2052,2898,18.236
port5,0.1,100,5,-0.003078906898654833,0.00350062,0.026767723352046083,3.2655880967835023,2112,2838,20.624
port5,0.1,100,2,-0.0030793961720169583,0.0035010700000000002,0.026751977120026353,3.229151434015053,2425,2525,22.38
port5,0.1,100,7,-0.0030793961720169583,0.0035010700000000002,0.026751977120026353,3.229151434015053,2211,2739,18.082
port5,0.1,100,6,-0.0030793961720169583,0.0035010700000000002,0.026751977120026353,3.229151434015053,2143,2807,21.491
port5,0.1,100,8,-0.0030793961720169583,0.0035010700000000002,0.026751977120026353,3.229151434015053,2304,2646,20.616
port5,0.1,100,12,-0.003078906898654833,0.00350062,0.026767723352046083,3.2655880967835023,2061,2889,16.611
port5,0.1,100,9,-0.0030793961720169583,0.0035010700000000002,0.026751977120026353,3.229151434015053,1958,2992,18.792
port5,0.1,100,10,-0.0030729702654200145,0.003498100000000001,0.027444441072826876,4.279378514859651,2308,2642,17.397
port5,0.1,100,11,-0.0030793961720169583,0.0035010700000000002,0.026751977120026353,3.229151434015053,2431,2519,19.52
port5,0.1,100,13,-0.0030793961720169583,0.0035010700000000002,0.026751977120026353,3.229151434015053,2023,2927,16.529
port5,0.1,100,14,-0.0030793961720169583,0.0035010700000000002,0.026751977120026353,3.229151434015053,2203,2747,20.068
port5,0.1,100,15,-0.0030312062773401663,0.0034474199999999997,0.02673419582853265,4.685219728692998,2018,2932,18.597
port5,0.1,100,17,-0.0030793961720169583,0.0035010700000000002,0.026751977120026353,3.229151434015053,2154,2796,18.391
port5,0.1,100,18,-0.003078906898654833,0.00350062,0.026767723352046083,3.2655880967835023,1955,2995,18.251
port5,0.1,100,16,-0.003078906898654833,0.00350062,0.026767723352046083,3.2655880967835023,2104,2846,20.094
port5,0.1,100,20,-0.0030793961720169583,0.0035010700000000002,0.026751977120026353,3.229151434015053,2139,2811,16.689
port5,0.1,100,19,-0.0030793961720169583,0.0035010700000000002,0.026751977120026353,3.229151434015053,2144,2806,18.312
port5,0.1,100,22,-0.003077020968377917,0.0034982500000000005,0.026721532819448005,3.260416918577845,1961,2989,17.207
port5,0.1,100,23,-0.0030793961720169583,0.0035010700000000002,0.026751977120026353,3.229151434015053,2284,2666,18.192
port5,0.3,10,1,-0.0016713096845613821,0.00267331,0.025820361179930414,19.60702012374922,450,90,3.234
port5,0.1,100,21,-0.0030793961720169583,0.0035010700000000002,0.026751977120026353,3.229151434015053,2367,2583,20.035
port5,0.3,10,2,-0.00198018847675226,0.0031892099999999996,0.028997616180629928,14.33540585961535,447,93,3.061
port5,0.3,10,3,-0.0021308566070683804,0.00334507,0.026501093872493848,7.160239315263097,437,103,3.011
port5,0.3,10,4,-0.0020180204907502986,0.0031787899999999995,0.02627625729625518,11.42344880582698,442,98,2.896
port5,0.1,100,25,-0.0030793961720169583,0.0035010700000000002,0.026751977120026353,3.229151434015053,2075,2875,18.259
port5,0.1,100,24,-0.0030793961720169583,0.0035010700000000002,0.026751977120026353,3.229151434015053,2366,2584,20.181
port5,0.3,10,5,-0.0017788547040704975,0.0028214099999999986,0.025569010926608127,15.81782428503352,443,97,3.456
port5,0.3,10,6,-0.0017300714220195373,0.0028020199999999997,0.027769442317078348,23.651877405754078,453,87,3.537
port5,0.3,10,7,-0.0019900575991228073,0.0031465999999999994,0.026618439778794495,12.839700878833254,442,98,3.118
port5,0.3,10,8,-0.0014048927000999386,0.0023449200000000003,0.02808031931798862,36.26516060754981,449,91,3.199
port5,0.3,10,9,-0.0021147473910263447,0.0033686299999999988,0.02847768769719284,8.992730781620331,449,91,3.028
port5,0.3,10,10,-0.0019550688029680388,0.0030934099999999996,0.026477550052321785,14.11029283729016,448,92,3.219
port5,0.3,10,11,-0.001858671186880607,0.0029612899999999992,0.026722762651554332,18.110961583597838,434,106,3.514
port5,0.3,10,14,-0.0019061227716535688,0.00310924,0.030019173225703133,17.34312510932791,438,102,2.954
port5,0.3,10,12,-0.002031922880997177,0.00323967,0.02803843308762831,12.021852797555654,448,92,3.553
port5,0.3,10,15,-0.0020443908217314863,0.003259109999999999,0.028106119041264123,11.56646712320301,448,92,3.214
port5,0.3,10,13,-0.0015944081558401998,0.0026716099999999996,0.030316048783870238,29.175432080952707,445,95,3.764
port5,0.1,100,26,-0.0030793961720169583,0.0035010700000000002,0.026751977120026353,3.229151434015053,1826,3124,15.888
port5,0.3,10,16,-0.002097800861792824,0.0033285499999999996,0.027819905236309735,9.36315670867542,459,81,3.258
port5,0.1,100,27,-0.0030793961720169583,0.0035010700000000002,0.026751977120026353,3.229151434015053,2220,2730,16.757
port5,0.3,10,17,-0.0017942343101128404,0.00285484,0.026086630668291845,17.55442802695391,447,93,3.481
port5,0.3,10,19,-0.0019773406228164093,0.003166339999999999,0.02823103358502189,14.211838313929785,455,85,3.397
port5,0.3,10,18,-0.0017895352235189187,0.0028426699999999985,0.025841425172326214,16.668823811576463,451,89,3.787
port5,0.3,10,21,-0.0020599282976634203,0.00328465,0.028244568937324292,11.020609717627712,445,95,3.165
port5,0.1,100,29,-0.0030793961720169583,0.0035010700000000002,0.026751977120026353,3.229151434015053,1875,3075,15.342
port5,0.1,100,28,-0.003078906898654833,0.00350062,0.026767723352046083,3.2655880967835023,1998,2952,16.222
port5,0.3,10,24,-0.0018309833429005313,0.0029018899999999994,0.02584180444547607,15.60222769808429,436,104,3.354
port5,0.3,10,20,-0.0017825564564116208,0.002860149999999998,0.02705232852506277,21.30428398486669,440,100,4.698
port5,0.3,10,22,-0.0019218418134172833,0.0030378999999999996,0.026120757172710785,14.361221788154854,443,97,4.117
port5,0.3,10,23,-0.0017985425179330083,0.0028726999999999997,0.02660497961328491,19.558646107764318,458,82,4.538
port5,0.3,10,25,-0.0017206080810733021,0.0027868099999999994,0.02769831035320251,23.99722747591634,445,95,4.075
port5,0.3,10,26,-0.0020526425742719108,0.0032633799999999993,0.02779229064135642,11.106751842077182,450,90,3.819
port5,0.3,10,30,-0.001722720227162667,0.00277755,0.02717626248752963,23.713554662035172,424,116,3.131
port5,0.3,10,28,-0.002060710912969098,0.00321659,0.02522578621377346,7.163597386747919,448,92,3.235
port5,0.3,10,29,-0.0018201717517391054,0.002935299999999999,0.02796058226986065,20.211428950961487,454,86,3.423
port5,0.3,10,27,-0.0019903004106378895,0.0031888300000000006,0.02839486980436844,13.76805594132651,451,89,4.29
port5,0.1,100,30,-0.003078906898654833,0.00350062,0.026767723352046083,3.2655880967835023,2430,2520,18.439
port5,0.3,15,4,-0.002074343675818325,0.0032760626611454966,0.027012354394703814,9.80764539121384,638,147,4.827
port5,0.3,15,3,-0.0021549343548880615,0.0033780599999999996,0.026439090069562913,6.144595050351711,639,146,4.861
port5,0.3,15,2,-0.0020616322499653742,0.00329336,0.02850261684095137,11.051592421368632,641,144,5.118
port5,0.3,15,1,-0.0020984086831578362,0.00329785,0.02646295000197849,8.411003001693102,646,139,5.758
port5,0.3,15,5,-0.0020524192265533444,0.003233509591941763,0.026522788177080828,10.289538626564624,644,141,5.465
port5,0.3,15,6,-0.0020135004505522497,0.00321163,0.027966679545949575,12.706651472422084,647,138,5.276
port5,0.3,15,10,-0.0020395368365837287,0.003217569999999998,0.026630944620639446,10.892095899700172,637,148,4.553
port5,0.3,15,9,-0.002189453369767705,0.00344069,0.02702033988389086,5.286483110500743,636,149,4.773
port5,0.3,15,7,-0.0021551538467728133,0.0033839099999999995,0.026682275841663525,6.3634660036501325,641,144,5.141
port5,0.3,15,8,-0.0018158758759717502,0.0028972,0.02659349068401576,19.051992093870226,641,144,5.276
port5,0.3,15,11,-0.0021340064422847548,0.0033525200000000003,0.02663065637664263,7.154332455768239,634,151,4.649
port5,0.3,15,12,-0.002152215492128607,0.003383740498274323,0.026857826709261692,6.62619251294676,637,148,4.542
port5,0.3,15,15,-0.0021275467494609544,0.003343569999999998,0.02664283834598235,7.420583318967288,648,137,4.844
port5,0.3,15,13,-0.001826843507901724,0.0029755499999999995,0.029214236945838325,20.258268895389403,649,136,4.942
port5,0.3,15,14,-0.0019396123262570872,0.0031611699999999996,0.030177622710816306,16.088718864397805,644,141,5.032
port5,0.3,15,16,-0.0021480445273856343,0.0033713356878463958,0.026576333714217925,6.549572950615919,653,132,4.702
port5,0.3,15,17,-0.0019555929050654596,0.0030998699999999985,0.026728018690414218,14.285947354782667,639,146,4.696
port5,0.3,15,21,-0.0021492117831855783,0.003381279999999998,0.026937224356790485,6.806616629333839,617,168,4.143
port5,0.3,15,20,-0.002042630833029981,0.0032513899999999994,0.027889195456903975,11.541082076008813,631,154,4.574
port5,0.3,15,18,-0.0019659992108940734,0.0031080400000000003,0.026434118679333506,13.639341995420558,633,152,4.832
port5,0.3,15,22,-0.0020552733087335824,0.00322419,0.025926800243918604,9.532056035569221,622,163,4.377
port5,0.3,15,19,-0.002039490939199514,0.00322642,0.02701870098040034,11.182650759925627,634,151,4.919
port5,0.3,15,23,-0.0019384398869018256,0.0030738499999999986,0.026661777453761602,14.915018122926874,653,132,4.752
port5,0.3,15,24,-0.002035211194357268,0.0031835499999999994,0.025382001867644405,8.463534210276642,642,143,5.144
port5,0.3,15,26,-0.0021637043134289605,0.0034143399999999996,0.027467173533209835,6.59992458283797,637,148,4.277
port5,0.3,15,25,-0.002105024794060652,0.0033127599999999997,0.02670250961609837,8.362038835969289,639,146,4.379
port5,0.3,15,27,-0.0020326934695291702,0.0032419499999999995,0.028087454522783516,12.01230037262016,637,148,4.538
port5,0.3,15,28,-0.002073897060289433,0.0032363099999999996,0.025266574738876287,6.952340064656778,647,138,4.647
port5,0.3,15,30,-0.0020530542759806367,0.003216240413132474,0.02571082866628351,9.231038833245947,624,161,4.304
port5,0.3,15,29,-0.0019652701331185143,0.0031389799999999995,0.027809822418316237,14.514289779741832,649,136,5.04
port5,0.3,25,3,-0.0022246897322115247,0.00348301,0.02667191205422383,3.605134483714626,1006,269,6.655
port5,0.3,25,1,-0.0021443866483455997,0.00336815,0.02666573029529347,6.774666114983066,999,276,6.946
port5,0.3,25,4,-0.0021012829294551733,0.0033138705262798,0.02698310823093381,8.727181211260303,1002,273,6.624
port5,0.3,25,2,-0.002182865777774975,0.0034186200000000003,0.026468107993396172,5.065345100929679,1003,272,7.551
port5,0.3,25,5,-0.0022292174361003138,0.00348811,0.026612000043820194,3.3696884352957683,1018,257,7.558
port5,0.3,25,6,-0.002127185751745973,0.0033330929208969717,0.026203008280342336,6.9964791791884355,1018,257,7.814
port5,0.3,25,7,-0.002188376278470428,0.003426047844463973,0.026448516823844352,4.826856096281042,992,283,6.731
port5,0.3,25,8,-0.0021407770845227455,0.00336323,0.026676076390482282,6.926391187894417,1019,256,7.44
port5,0.3,25,9,-0.002228205629409012,0.0034895600000000005,0.026738634382417997,3.5269091587294836,996,279,7.326
port5,0.3,25,10,-0.002143760406628671,0.003376489999999998,0.027066744255101922,7.116991873034528,1031,244,7.751
port5,0.3,25,11,-0.0022194685592454326,0.0034779100000000003,0.026774891269904826,3.9039531041297177,1015,260,7.84
port5,0.3,25,12,-0.002234562905133749,0.0034982499999999996,0.026721532819448005,3.260416918577869,968,307,7.854
port5,0.3,25,15,-0.0022065846560035242,0.0034582199999999997,0.026718866243191985,4.3633185212819665,1003,272,6.729
port5,0.3,25,14,-0.0021628676876489623,0.0034259399999999993,0.02800537521923469,6.925854968754236,1003,272,7.114
port5,0.3,25,13,-0.0021668047766957976,0.0034036576163136386,0.026817628202592744,6.018277628533103,1017,258,7.546
port5,0.3,25,16,-0.002165139378565783,0.0033947933111291195,0.026533999524170314,5.8326873516873965,1011,264,7.027
port5,0.3,25,17,-0.002162471357312878,0.00338386,0.026218990743805144,5.6084972761605,1016,259,7.961
port5,0.3,25,19,-0.002151166596518324,0.0033849459688437074,0.02697502435416082,6.75836948925073,984,291,7.42
port5,0.3,25,20,-0.0021794137788847595,0.00344938,0.027997155874316972,6.2796179690773,1015,260,7.291
port5,0.3,25,21,-0.002189453369767705,0.00344069,0.02702033988389086,5.286483110500743,974,301,7.585
port5,0.3,25,18,-0.002197370903406054,0.0034281,0.025967870955852703,3.894577718339631,1035,240,8.969
port5,0.3,25,22,-0.00207709935919084,0.0032595700000000003,0.026115106790844254,8.893300298654623,976,299,7.612
port5,0.3,25,24,-0.002184913357832322,0.0034175800000000004,0.026292751990341263,4.798424571578494,1011,264,8.129
port5,0.3,25,23,-0.0021006946522044026,0.0032940458274160443,0.026149405792281963,7.9913980520439525,1002,273,8.738
port5,0.3,25,27,-0.002064327269741083,0.00329667,0.02848050387305422,10.939684804378102,1000,275,7.163
port5,0.3,25,25,-0.002174645291359328,0.00340145,0.026227829281170817,5.133598825913117,1021,254,7.954
port5,0.3,25,26,-0.002216358559223706,0.00349062,0.027512145243891457,4.570601535014714,1003,272,7.705
port5,0.3,25,28,-0.0021781873274738703,0.00339365,0.025649410163856884,4.182397107804545,1035,240,7.156
port5,0.3,25,29,-0.0020758327730050386,0.0032591300000000007,0.02617621229252247,9.013750278675694,1015,260,6.734
port5,0.3,25,30,-0.002206325855885991,0.003460407325984031,0.026830285891310122,4.470067227333762,984,291,6.306
port5,0.3,50,3,-0.0022246897322115247,0.00348301,0.02667191205422383,3.605134483714626,1382,1118,10.436
port5,0.3,50,1,-0.0022360485160508757,0.00350107,0.026751977120026353,3.229151434015065,1558,942,12.714
port5,0.3,50,2,-0.0022360485160508757,0.00350107,0.026751977120026353,3.229151434015065,1734,766,12.386
port5,0.3,50,5,-0.0022296903356295097,0.0034908300000000003,0.026701477135824644,3.434651181498895,1418,1082,10.575
port5,0.3,50,4,-0.0022360485160508757,0.00350107,0.026751977120026353,3.229151434015065,1706,794,13.552
port5,0.3,50,6,-0.002235480695964498,0.00350062,0.026767723352046083,3.2655880967835023,1538,962,12.6
port5,0.3,50,8,-0.0021484363647885606,0.0033742500000000005,0.026679494948458053,6.62657776084539,1526,974,12.801
port5,0.3,50,7,-0.002234562905133749,0.0034982499999999996,0.026721532819448005,3.260416918577869,1547,953,13.167
port5,0.3,50,11,-0.002235480695964498,0.00350062,0.026767723352046083,3.2655880967835023,1452,1048,12.019
port5,0.3,50,10,-0.002226686270668664,0.00348511,0.026638989553618347,3.495457299596179,1877,623,14.889
port5,0.3,50,12,-0.0022360485160508757,0.00350107,0.026751977120026353,3.229151434015065,1243,1257,13.685
port5,0.3,50,9,-0.0022360485160508757,0.00350107,0.026751977120026353,3.229151434015065,1536,964,15.301
port5,0.3,50,13,-0.002235480695964498,0.00350062,0.026767723352046083,3.2655880967835023,1692,808,15.97
port5,0.3,50,14,-0.0022312649454260427,0.00349524,0.026795712006087692,3.456620848012737,1737,763,15.494
port5,0.3,50,15,-0.002235480695964498,0.00350062,0.026767723352046083,3.2655880967835023,1642,858,15.535
port5,0.3,50,19,-0.0021549061577465175,0.003392266338790481,0.027060443418812096,6.674413587099445,1321,1179,11.666
port5,0.3,50,18,-0.002197370903406054,0.0034281,0.025967870955852703,3.894577718339631,1636,864,13.923
port5,0.3,50,17,-0.0022360485160508757,0.00350107,0.026751977120026353,3.229151434015065,1688,812,15.661
port5,0.3,50,16,-0.002234562905133749,0.0034982499999999996,0.026721532819448005,3.260416918577869,1824,676,17.279
port5,0.3,50,21,-0.0022360485160508757,0.00350107,0.026751977120026353,3.229151434015065,1666,834,13.351
port5,0.3,50,20,-0.002235480695964498,0.00350062,0.026767723352046083,3.2655880967835023,1854,646,14.855
port5,0.3,50,22,-0.0021934106263512766,0.00342046,0.025878651024137184,3.9250311915724856,1586,914,14.13
port5,0.3,50,23,-0.0022360485160508757,0.00350107,0.026751977120026353,3.229151434015065,1750,750,15.501
port5,0.3,50,24,-0.002189933388816212,0.0034254000000000003,0.026321512822770905,4.630571270034649,1825,675,15.69
port5,0.3,50,28,-0.002232612176036334,0.0034953000000000002,0.026714404601492076,3.3309810330486,1448,1052,10.77
port5,0.3,50,26,-0.0022327453921541112,0.0034980600000000003,0.026826392964509716,3.4247971318552457,1515,985,11.532
port5,0.3,50,25,-0.002229125077991245,0.0034903800000000004,0.026717093280566942,3.471201697306571,1823,677,13.561
port5,0.3,50,30,-0.0022360485160508757,0.00350107,0.026751977120026353,3.229151434015065,1696,804,12.025
port5,0.3,50,27,-0.0022239290645650975,0.003486319127210079,0.026863502159495012,3.80394773173273,1907,593,14.549
port5,0.3,50,29,-0.0022327453921541112,0.0034980600000000003,0.026826392964509716,3.4247971318552457,1940,560,14.324
port5,0.3,100,3,-0.0022360485160508757,0.00350107,0.026751977120026353,3.229151434015065,1930,3020,15.307
port5,0.3,100,1,-0.0022360485160508757,0.00350107,0.026751977120026353,3.229151434015065,2172,2778,18.849
port5,0.3,100,5,-0.0022296903356295097,0.0034908300000000003,0.026701477135824644,3.434651181498895,1787,3163,14.719
port5,0.3,100,2,-0.0022360485160508757,0.00350107,0.026751977120026353,3.229151434015065,2187,2763,19.486
port5,0.3,100,6,-0.002235480695964498,0.00350062,0.026767723352046083,3.2655880967835023,1885,3065,16.239
port5,0.3,100,4,-0.0022360485160508757,0.00350107,0.026751977120026353,3.229151434015065,2256,2694,18.558
port5,0.3,100,8,-0.0021484363647885606,0.0033742500000000005,0.026679494948458053,6.62657776084539,1875,3075,15.356
port5,0.3,100,9,-0.0022360485160508757,0.00350107,0.026751977120026353,3.229151434015065,1949,3001,16.698
port5,0.3,100,7,-0.002235480695964498,0.00350062,0.026767723352046083,3.2655880967835023,1969,2981,18.789
port5,0.3,100,10,-0.0022311263201794866,0.0034924800000000005,0.02668393273242119,3.3617984107702097,2311,2639,17.47
port5,0.3,100,12,-0.0022360485160508757,0.00350107,0.026751977120026353,3.229151434015065,1684,3266,16.099
port5,0.3,100,11,-0.0022360485160508757,0.00350107,0.026751977120026353,3.229151434015065,1981,2969,17.53
port5,0.3,100,15,-0.002235480695964498,0.00350062,0.026767723352046083,3.2655880967835023,1975,2975,16.204
port5,0.3,100,13,-0.002235480695964498,0.00350062,0.026767723352046083,3.2655880967835023,2113,2837,21.829
port5,0.3,100,16,-0.002235480695964498,0.00350062,0.026767723352046083,3.2655880967835023,2275,2675,19.595
port5,0.3,100,14,-0.002235480695964498,0.00350062,0.026767723352046083,3.2655880967835023,2366,2584,20.518
port5,0.3,100,17,-0.0022360485160508757,0.00350107,0.026751977120026353,3.229151434015065,2052,2898,19.037
port5,0.3,100,18,-0.0022031613796136486,0.0034481540257289165,0.026491913130651357,4.2842599515068756,2125,2825,22.664
port5,0.3,100,21,-0.0022360485160508757,0.00350107,0.026751977120026353,3.229151434015065,2038,2912,17.904
port5,0.3,100,19,-0.0022360485160508757,0.00350107,0.026751977120026353,3.229151434015065,2116,2834,21.604
port5,0.3,100,22,-0.002201701890365114,0.003445445660691404,0.026464446094012523,4.314391478013434,2232,2718,19.063
port5,0.3,100,20,-0.002235480695964498,0.00350062,0.026767723352046083,3.2655880967835023,2250,2700,21.531
port5,0.5,10,1,-0.0011752145333442739,0.0031100022190286084,0.027560354720867812,15.030495458761138,441,99,3.358
port5,0.5,10,2,-0.0011078949214242293,0.002968519203369606,0.027435913699404055,18.76127906265127,448,92,3.952
port5,0.3,100,23,-0.0022360485160508757,0.00350107,0.026751977120026353,3.229151434015065,2314,2636,20.85
port5,0.5,10,4,-0.0011733945806421265,0.0030724999999999997,0.026939020745300805,15.31935939579097,450,90,3.385
port5,0.5,10,3,-0.0012407427214642457,0.0031644699999999995,0.026133973235455576,11.584151412028582,441,99,3.607
port5,0.5,10,5,-0.0010862282661236672,0.002821370184868604,0.0254737836337924,15.387187672520652,443,97,3.262
port5,0.3,100,24,-0.0022360485160508757,0.00350107,0.026751977120026353,3.229151434015065,2626,2324,22.227
port5,0.3,100,25,-0.0022311263201794866,0.0034924800000000005,0.02668393273242119,3.3617984107702097,2345,2605,17.676
port5,0.3,100,28,-0.002232612176036334,0.0034953000000000002,0.026714404601492076,3.3309810330486,1787,3163,14.101
port5,0.5,10,6,-0.0008257340908246604,0.002391311546471547,0.027200061853279424,31.170829026128064,444,96,3.66
port5,0.5,10,7,-0.001231416596881378,0.0031237799999999996,0.025708885744762332,10.987249300903226,450,90,3.63
port5,0.5,10,8,-0.0009481439753573797,0.002514569999999999,0.024865277985279807,17.873304864500362,429,111,3.244
port5,0.3,100,26,-0.0022327453921541112,0.0034980600000000003,0.026826392964509716,3.4247971318552457,1889,3061,16.348
port5,0.5,10,10,-0.0011714586527322166,0.0030597399999999983,0.026773544676332386,15.456371619534732,416,124,2.992
port5,0.5,10,9,-0.0011490468196653134,0.0031557499999999997,0.029285770617645913,15.492183418944691,438,102,3.483
port5,0.5,10,11,-0.0011113683724265,0.0029339999999999995,0.026669519214770242,18.706462736409097,450,90,3.502
port5,0.5,10,12,-0.0011728856731085331,0.0030169199999999993,0.025906536892895075,13.806449312421316,452,88,3.45
port5,0.5,10,13,-0.000975343483361809,0.00279681,0.029088194053195918,24.948369576780046,451,89,3.4
port5,0.5,10,14,-0.0010885246868087093,0.00296892,0.028140195919406488,19.473573587307968,420,120,3.514
port5,0.5,10,15,-0.0011449052208955225,0.0030377299999999993,0.027348118001225497,16.76781147015755,441,99,3.584
port5,0.5,10,18,-0.0010306419766029965,0.0027407999999999994,0.026067528590067883,19.53631777916563,419,121,3.209
port5,0.5,10,16,-0.0011971480776033624,0.0031203099999999994,0.02694464408362587,14.00892807928729,447,93,3.496
port5,0.5,10,17,-0.0009269138232358002,0.0024953200000000005,0.025327699333504417,20.39310923156979,442,98,3.551
port5,0.5,10,19,-0.0010334577184553152,0.00286396,0.028231977668760115,22.40532558678039,458,82,3.56
port5,0.5,10,20,-0.001023393412229681,0.0026534600000000003,0.024630736398667384,14.432701078019843,447,93,3.397
port5,0.5,10,21,-0.0012341787002600646,0.00322158,0.02744490115631447,11.846508888117356,445,95,3.425
port5,0.3,100,27,-0.002235480695964498,0.00350062,0.026767723352046083,3.2655880967835023,2559,2391,20.591
port5,0.3,100,29,-0.0022360485160508757,0.00350107,0.026751977120026353,3.229151434015065,2569,2381,20.328
port5,0.5,10,22,-0.0010486030379744575,0.0028715299999999997,0.027826676482308924,21.814553981404327,457,83,3.374
port5,0.5,10,23,-0.0008226599034385609,0.0022601399999999995,0.02479556801371725,21.670640383853826,447,93,3.523
port5,0.5,10,24,-0.0012968731322225578,0.00326982,0.0260014179527749,8.39640055012405,450,90,3.525
port5,0.5,10,25,-0.001214839184533611,0.0031189898500848003,0.02625474206724528,13.055159921322005,429,111,3.142
port5,0.3,100,30,-0.0022360485160508757,0.00350107,0.026751977120026353,3.229151434015065,2231,2719,17.635
port5,0.5,10,27,-0.0012826187867388892,0.00330083,0.027121807213425532,9.270771367863873,436,104,3.147
port5,0.5,10,26,-0.0011346769982665413,0.0029088799999999995,0.02528885136709291,13.005095910076076,437,103,3.424
port5,0.5,10,28,-0.0010824221137620783,0.00287558,0.02665962813836388,19.75062208378536,442,98,3.53
port5,0.5,10,29,-0.001189126396416775,0.00309482,0.026768772985821553,14.480674252398824,446,94,3.549
port5,0.5,10,30,-0.0012338631369785396,0.0031693499999999996,0.02648818087455083,12.017825684930855,458,82,4.242
port5,0.5,15,1,-0.001213383441190024,0.0032004682844140766,0.027815488527689558,12.845978285105973,630,155,4.852
port5,0.5,15,3,-0.00130991111815886,0.0032959999999999986,0.026003418307643293,7.666792371491738,637,148,4.781
port5,0.5,15,2,-0.0012233626510027092,0.0032247499999999985,0.027893094091451735,12.270123507808846,643,142,5.089
port5,0.5,15,5,-0.001258767138278483,0.00311393,0.02442121461850403,5.600403113122497,637,148,5.311
port5,0.5,15,4,-0.0013321887222064789,0.003375509999999999,0.026667068747559055,6.5729712693557145,647,138,5.753
port5,0.5,15,8,-0.0012068252988452542,0.00309899,0.026178987801469544,13.48062270571273,632,153,4.907
port5,0.5,15,6,-0.001193351504436621,0.0031260699999999986,0.02719130359373667,14.159710410480239,629,156,5.233
port5,0.5,15,10,-0.0013206942906976403,0.00332953,0.02623244972557308,7.147479335142568,618,167,4.651
port5,0.5,15,9,-0.001233827317893576,0.00326978,0.028321817812648392,11.503828040925141,643,142,5.418
port5,0.5,15,7,-0.001325138444785688,0.003335979999999999,0.026185933445814446,6.885651543538368,654,131,5.769
port5,0.5,15,11,-0.0012403534457843233,0.0032690899999999997,0.02807816070242766,11.265712199852114,659,126,5.319
port5,0.5,15,12,-0.0012482471610300294,0.0031673799999999996,0.02590146092288891,10.995738395165466,648,137,4.894
port5,0.5,15,13,-0.0012859869487440191,0.0032159699999999994,0.025377078289510833,7.818377092401533,647,138,4.939
port5,0.5,15,14,-0.0011008932692346603,0.0029950599999999995,0.02816511071397872,18.78880042545316,611,174,5.125
port5,0.5,15,15,-0.0012132593904218307,0.0031293099999999997,0.026510209715434892,13.161920902724331,631,154,5.459
port5,0.5,15,16,-0.0013149428277688736,0.0033384199999999986,0.026618308444795135,7.526118738662638,643,142,4.864
port5,0.5,15,18,-0.0010867471153420752,0.0028536599999999996,0.026079987908659955,17.545965861483023,612,173,4.827
port5,0.5,15,19,-0.0012602076570245406,0.003163096350857911,0.025351154545874832,8.717905535093081,658,127,4.875
port5,0.5,15,21,-0.001330430096428528,0.0033602599999999995,0.026446168099423087,6.650596410142099,637,148,4.745
port5,0.5,15,20,-0.0012114616340054907,0.0030369200000000002,0.02477895744354508,8.503746234660662,638,147,5.529
port5,0.5,15,17,-0.0011134165304131198,0.00298601,0.027553165683343178,18.410400916394185,641,144,6.441
port5,0.5,15,23,-0.0011732241420797343,0.0030553399999999993,0.026625020485260296,15.376746596522052,655,130,5.236
port5,0.5,15,24,-0.0013229849110476535,0.0033170300000000003,0.025904829239056827,6.883040844064595,643,142,5.063
port5,0.5,15,22,-0.0012352942462588456,0.0032108899999999992,0.027208482270834364,11.852003156800263,656,129,7.018
port5,0.5,15,25,-0.0013140051661858945,0.00332346684721015,0.026371509529004238,7.551656455004385,628,157,5.268
port5,0.5,15,27,-0.0013412408166405803,0.00337727,0.026358838493356254,6.033736531394672,624,161,4.977
port5,0.5,15,30,-0.001249333083067284,0.00324802,0.02737432800755904,11.03790375532949,657,128,5.269
port5,0.5,15,28,-0.0012105880793792903,0.003153159999999998,0.027055199892837927,13.245888271530829,639,146,6.183
port5,0.5,15,26,-0.0013544344879885934,0.00336292,0.025574421284220945,4.879624858852627,626,159,7.941
port5,0.5,15,29,-0.0012675523611399375,0.0031741700000000005,0.02527974045990435,8.203858133052927,632,153,7.23
port5,0.5,25,1,-0.0013717585444543592,0.00344879,0.02655697481060826,4.3717949665502145,981,294,7.9
port5,0.5,25,4,-0.0013845411445298898,0.00348121,0.02668572110586896,3.6764238132130425,1006,269,7.512
port5,0.5,25,2,-0.0013496241490727114,0.0034064000000000004,0.026592324115326537,5.602708469412463,1033,242,8.429
port5,0.5,25,3,-0.0013772461129877844,0.0034586599999999993,0.02653615974523124,4.06458681388962,1008,267,8.545
port5,0.5,25,6,-0.0012167220849587984,0.00317073,0.027153007753882498,12.885855592064372,987,288,8.634
port5,0.5,25,5,-0.001389955726833857,0.00348811,0.026612000043820198,3.36968843529578,1008,267,9.373
port5,0.5,25,7,-0.0013609854916243089,0.003417,0.026363402981242432,4.936087430144289,1028,247,8.207
port5,0.5,25,8,-0.001351300538443044,0.0033791000000000003,0.026009592905578367,5.350923076636073,1014,261,8.826
port5,0.5,25,9,-0.0013661248254799915,0.0034386299999999976,0.02657781685993066,4.686584814789564,1034,241,8.472
port5,0.5,25,10,-0.0013631367940006064,0.00341567,0.026256359458211035,4.7877660419845895,992,283,9.183
port5,0.5,25,12,-0.00133476925149592,0.00333386,0.02577443495031773,6.141240324097265,1009,266,9.037
port5,0.5,25,14,-0.001353810942003669,0.00343072,0.02689048374411777,5.37704101354914,923,352,7.188
port5,0.5,25,13,-0.0013851985408043271,0.0034791700000000006,0.02662278945548993,3.634465851250098,1018,257,8.134
port5,0.5,25,11,-0.0013622849079117905,0.0034289499999999983,0.026540161720992165,4.895068549476512,1035,240,10.412
port5,0.5,25,16,-0.0013700182493294171,0.0034152799999999993,0.025985447876478204,4.2893825737481235,1004,271,7.37
port5,0.5,25,15,-0.00137043983529921,0.0034502499999999967,0.026634007009865727,4.452988720722952,1026,249,9.345
port5,0.5,25,18,-0.0012920756720631713,0.00330804,0.026905178978658694,8.78106070825154,1004,271,7.707
port5,0.5,25,20,-0.0013912106925814262,0.00349343,0.02666474479227483,3.3055653482412524,1003,272,7.632
port5,0.5,25,17,-0.0013001842518025708,0.0033607299999999993,0.027574653150943852,8.197571768526974,1012,263,9.651
port5,0.5,25,19,-0.001388930559382517,0.0034908300000000003,0.026701477135824644,3.434651181498895,1041,234,9.3
port5,0.5,25,21,-0.0013851876300625553,0.003481540000000001,0.026667672187029947,3.6392222976870126,1010,265,8.064
port5,0.5,25,22,-0.001347884256918595,0.00343775,0.027239337109460086,5.665080430957872,1032,243,7.98
port5,0.5,25,23,-0.0013761054279647724,0.003468699999999999,0.026767314846103913,4.147035281221911,1011,264,7.853
port5,0.5,25,26,-0.001366732168266406,0.00338849,0.02559346915654827,4.200503308138552,994,281,7.331
port5,0.5,25,25,-0.001379844579677491,0.00346237,0.026508127822330606,3.9161407369390915,998,277,8.512
port5,0.5,25,24,-0.0013774522264513134,0.0034677599999999994,0.02669935480676214,4.069571449314672,1013,262,9.125
port5,0.5,25,27,-0.0013901337755146438,0.00349212,0.02668056313068959,3.3665041904511437,972,303,8.386
port5,0.5,25,29,-0.0013583057328953783,0.0034005699999999995,0.026152600907161087,5.021873701622,974,301,7.623
port5,0.5,25,28,-0.0012881370116295551,0.0032471899999999996,0.02590204580223132,8.838151106436035,1012,263,9.764
port5,0.5,25,30,-0.0013260643364530038,0.0033496000000000003,0.0264096824497,6.887503943523235,1038,237,8.196
port5,0.5,50,3,-0.0013902238669658107,0.00349248,0.026683932732421187,3.3617984107702217,1588,912,12.584
port5,0.5,50,1,-0.0013927008600847935,0.0035010700000000002,0.026751977120026357,3.229151434015053,1535,965,15.027
port5,0.5,50,2,-0.0013873323627798656,0.00349359,0.026812781922811914,3.5277999138847687,1771,729,15.219
port5,0.5,50,5,-0.001389955726833857,0.00348811,0.026612000043820198,3.36968843529578,1454,1046,13.115
port5,0.5,50,4,-0.0013921048418895814,0.0034982499999999996,0.026721532819448005,3.260416918577869,1545,955,14.964
port5,0.5,50,9,-0.0013826393295598488,0.0034702199999999996,0.02655073145659649,3.7674939844652098,1547,953,12.469
port5,0.5,50,7,-0.0013920544932741633,0.0035006199999999994,0.02676772335204608,3.2655880967835023,1555,945,14.18
port5,0.5,50,8,-0.0013927008600847935,0.0035010700000000002,0.026751977120026357,3.229151434015053,1788,712,14.621
port5,0.5,50,10,-0.0013908671338784544,0.003492929999999999,0.026668253265691978,3.3248810203608317,1612,888,13.026
port5,0.5,50,11,-0.0013893537782397557,0.00348529,0.02658161852710418,3.3993487421664548,1552,948,12.195
port5,0.5,50,6,-0.0013819819366675866,0.00347112,0.026592407312329338,3.809336043116844,1772,728,16.656
port5,0.5,50,12,-0.0013832896887407138,0.0034730399999999997,0.026579326976403524,3.735210654538195,1771,729,14.149
port5,0.5,50,13,-0.0013927008600847935,0.0035010700000000002,0.026751977120026357,3.229151434015053,1544,956,12.042
port5,0.5,50,15,-0.0013908202933938896,0.0034953,0.026714404601492072,3.3309810330486003,1591,909,12.763
port5,0.5,50,14,-0.0013809392423960274,0.0034660299999999993,0.026535853391363644,3.8596649146483593,1571,929,13.566
port5,0.5,50,19,-0.001388930559382517,0.0034908300000000003,0.026701477135824644,3.434651181498895,1465,1035,11.618
port5,0.5,50,16,-0.0013921048418895814,0.0034982499999999996,0.026721532819448005,3.260416918577869,1639,861,14.343
port5,0.5,50,17,-0.0013927008600847935,0.0035010700000000002,0.026751977120026357,3.229151434015053,1663,837,13.505
port5,0.5,50,22,-0.0013484418183530508,0.0034406500000000004,0.027272080289077672,5.628767352031012,1436,1064,10.863
port5,0.5,50,18,-0.0013908671338784544,0.003492929999999999,0.026668253265691978,3.3248810203608317,1827,673,14.511
port5,0.5,50,21,-0.0013851985408043271,0.0034791700000000006,0.02662278945548993,3.634465851250098,1604,896,12.772
port5,0.5,50,23,-0.0013873997233248515,0.0034899199999999997,0.026741738039070984,3.5216990445034915,1509,991,12.095
port5,0.5,50,20,-0.0013927008600847935,0.0035010700000000002,0.026751977120026357,3.229151434015053,1752,748,14.075
port5,0.5,50,24,-0.0013927008600847935,0.0035010700000000002,0.026751977120026357,3.229151434015053,1720,780,15.091
port5,0.5,50,25,-0.0013921048418895814,0.0034982499999999996,0.026721532819448005,3.260416918577869,1550,950,14.117
port5,0.5,50,26,-0.0013893537782397557,0.00348529,0.02658161852710418,3.3993487421664548,1391,1109,11.532
port5,0.5,50,27,-0.0013901337755146438,0.00349212,0.02668056313068959,3.3665041904511437,1393,1107,11.415
port5,0.5,50,29,-0.0013927008600847935,0.0035010700000000002,0.026751977120026357,3.229151434015053,1501,999,12.621
port5,0.5,50,30,-0.0013886149090434044,0.0034952400000000006,0.026795712006087696,3.4566208480127365,1571,929,13.053
port5,0.5,50,28,-0.0013908202933938896,0.0034953,0.026714404601492072,3.3309810330486003,1816,684,14.168
port5,0.5,100,1,-0.0013927008600847935,0.0035010700000000002,0.026751977120026357,3.229151434015053,1900,3050,17.517
port5,0.5,100,4,-0.0013927008600847935,0.0035010700000000002,0.026751977120026357,3.229151434015053,2035,2915,17.601
port5,0.5,100,5,-0.0013927008600847935,0.0035010700000000002,0.026751977120026357,3.229151434015053,1916,3034,19.655
port5,0.5,100,2,-0.0013927008600847935,0.0035010700000000002,0.026751977120026357,3.229151434015053,2550,2400,23.169
port5,0.5,100,3,-0.0013921048418895814,0.0034982499999999996,0.026721532819448005,3.260416918577869,2335,2615,23.469
port5,0.5,100,7,-0.0013927008600847935,0.0035010700000000002,0.026751977120026357,3.229151434015053,1911,3039,16.474
port5,0.5,100,6,-0.0013908202933938896,0.0034953,0.026714404601492072,3.3309810330486003,2419,2531,20.252
port5,0.5,100,9,-0.0013921048418895814,0.0034982499999999996,0.026721532819448005,3.260416918577869,2125,2825,18.437
port5,0.5,100,8,-0.0013927008600847935,0.0035010700000000002,0.026751977120026357,3.229151434015053,2220,2730,21.982
port5,0.5,100,11,-0.0013927008600847935,0.0035010700000000002,0.026751977120026357,3.229151434015053,2216,2734,20.507
port5,0.5,100,12,-0.0013927008600847935,0.0035010700000000002,0.026751977120026357,3.229151434015053,2318,2632,20.661
port5,0.5,100,10,-0.0013927008600847935,0.0035010700000000002,0.026751977120026357,3.229151434015053,2213,2737,22.375
port5,0.5,100,13,-0.0013927008600847935,0.0035010700000000002,0.026751977120026357,3.229151434015053,2017,2933,17.464
port5,0.5,100,15,-0.0013908202933938896,0.0034953,0.026714404601492072,3.3309810330486003,1958,2992,17.998
port5,0.5,100,16,-0.0013921048418895814,0.0034982499999999996,0.026721532819448005,3.260416918577869,2028,2922,18.644
port5,0.5,100,14,-0.0013908671338784544,0.003492929999999999,0.026668253265691978,3.3248810203608317,2371,2579,23.921
port5,0.5,100,17,-0.0013927008600847935,0.0035010700000000002,0.026751977120026357,3.229151434015053,2263,2687,19.328
port5,0.5,100,19,-0.0013927008600847935,0.0035010700000000002,0.026751977120026357,3.229151434015053,1922,3028,18.379
port5,0.5,100,20,-0.0013927008600847935,0.0035010700000000002,0.026751977120026357,3.229151434015053,2305,2645,19.92
port5,0.5,100,21,-0.0013927008600847935,0.0035010700000000002,0.026751977120026357,3.229151434015053,2074,2876,17.897
port5,0.5,100,22,-0.0013883403863010645,0.0034880099999999997,0.026670756033488643,3.4649542505257562,1880,3070,15.86
port5,0.5,100,18,-0.0013927008600847935,0.0035010700000000002,0.026751977120026357,3.229151434015053,2329,2621,24.147
port5,0.7,10,1,-0.0004393327565537585,0.002964579999999999,0.025355789517703044,12.316880068258596,457,83,3.656
port5,0.5,100,25,-0.0013921048418895814,0.0034982499999999996,0.026721532819448005,3.260416918577869,1888,3062,16.726
port5,0.7,10,2,-0.00030388302570905383,0.0028696,0.02820833145141308,22.230713632187978,441,99,3.914
port5,0.7,10,3,-0.000348658844032307,0.0024583590569253956,0.0235690133451685,12.615680803119266,441,99,3.869
port5,0.5,100,23,-0.0013908671338784544,0.003492929999999999,0.026668253265691978,3.3248810203608317,1979,2971,20.146
port5,0.5,100,24,-0.0013927008600847935,0.0035010700000000002,0.026751977120026357,3.229151434015053,2152,2798,19.795
port5,0.7,10,5,-0.0005225175608177615,0.0031422199999999985,0.024499225619897178,5.439498461851976,436,104,3.476
port5,0.7,10,4,-0.00041765429009808265,0.0030730643676409476,0.026839869602466978,15.175796831803972,456,84,5.553
port5,0.7,10,6,-0.00035421207652994684,0.002628710896250177,0.024911305303447682,16.1592623788908,449,91,4.357
port5,0.7,10,7,-0.0005042598307280251,0.0033120099999999998,0.026439774401241324,7.98080744157685,434,106,4.128
port5,0.5,100,26,-0.0013908671338784544,0.003492929999999999,0.026668253265691978,3.3248810203608317,1966,2984,16.832
port5,0.7,10,8,-0.00038620774471837265,0.0027828227305786582,0.025316258876608613,15.352803670224965,462,78,4.234
port5,0.7,10,9,-0.00047087004804682327,0.003007689999999998,0.024826165688447577,9.22146943781994,449,91,4.337
port5,0.7,10,10,-0.0003650957421068562,0.0027447929827891034,0.025588561974050468,17.26912570186875,449,91,4.365
port5,0.7,10,11,-0.0003613596838311923,0.0025387207518791336,0.02391223660843807,12.965777435372312,440,100,4.383
port5,0.7,10,12,-0.00035092104971553656,0.002641297822001049,0.025113123970340358,16.88358638353942,451,89,4.38
port5,0.7,10,13,-0.0003082437787136674,0.0024304999999999995,0.02452130913792365,17.61946023384193,449,91,4.152
port5,0.7,10,15,-0.0003791315082909201,0.00278704,0.025550523945119294,16.34531743658753,443,97,4.294
port5,0.5,100,29,-0.0013927008600847935,0.0035010700000000002,0.026751977120026357,3.229151434015053,2038,2912,17.426
port5,0.7,10,14,-0.00031809798903233144,0.0027013520383295463,0.0265197398841621,22.333821484763973,447,93,4.735
port5,0.7,10,16,-0.000352865913540535,0.00269726,0.025531831294049536,17.84881454369658,440,100,4.385
port5,0.7,10,18,-0.0005039170644951015,0.003282576061782585,0.02620947903879909,8.417279518453343,444,96,3.624
port5,0.7,10,17,-0.0003174093018436732,0.002494597500531791,0.024812725661179362,17.957253262447924,442,98,4.413
port5,0.5,100,27,-0.0013901337755146438,0.00349212,0.02668056313068959,3.3665041904511437,1726,3224,20.074
port5,0.7,10,20,-0.00035094340119672937,0.0025842739360408427,0.024621093732683872,15.55341863160793,446,94,3.767
port5,0.7,10,19,-0.00031998885350399524,0.0025584787551526647,0.02528564734168955,19.115669805870667,447,93,4.323
port5,0.5,100,30,-0.0013921048418895814,0.0034982499999999996,0.026721532819448005,3.260416918577869,2156,2794,18.622
port5,0.7,10,21,-0.0005093268188752869,0.0032560822882084254,0.025842873225576168,8.470479955027123,443,97,3.465
port5,0.7,10,23,-0.0004508884123637753,0.0030366000604845644,0.02563735014671241,12.268324639939635,431,109,3.503
port5,0.7,10,22,-0.0003837240428960499,0.00283552,0.025827226970885648,16.73347419567009,459,81,3.807
port5,0.7,10,24,-0.0004098054948485115,0.0029572899999999996,0.026114623849250455,15.811378215889587,433,107,3.612
port5,0.7,10,25,-0.00045568370565436406,0.00294146,0.024691071097105877,9.77159143517659,451,89,3.67
port5,0.7,10,26,-0.00042149321889362095,0.00290477,0.025352874762507686,13.364001152445786,450,90,3.732
port5,0.7,10,29,-0.0004021754507304696,0.003063633857586612,0.027174428803183808,15.853956517896894,443,97,3.852
port5,0.5,100,28,-0.0013927008600847935,0.0035010700000000002,0.026751977120026357,3.229151434015053,2517,2433,24.032
port5,0.7,10,27,-0.0005178971170208882,0.0032873955220656323,0.025865629140916543,7.6363557069944985,441,99,4.349
port5,0.7,10,28,-0.0003889890390457092,0.0027733524295388313,0.025157125937820143,14.793283022979923,452,88,4.491
port5,0.7,10,30,-0.00037133835281737734,0.0025364099999999994,0.023591301277699272,11.486471271110691,459,81,4.629
port5,0.7,15,2,-0.00047093284614873785,0.00321915,0.026587111642707703,10.784012087948648,635,150,5.309
port5,0.7,15,1,-0.0005033919255894566,0.003247790548833488,0.025937982052266516,8.891615329663967,660,125,5.679
port5,0.7,15,5,-0.0005407026382225233,0.0032135700000000002,0.024592924701962456,4.531999679490187,612,173,4.818
port5,0.7,15,4,-0.0004738019443283342,0.0033333599999999996,0.027417566206244644,8.7541641642845,643,142,5.493
port5,0.7,15,6,-0.0004242016862027321,0.00283548719174644,0.024682106628116544,11.558342588182704,642,143,5.593
port5,0.7,15,7,-0.0005196956106390873,0.0032766220997189964,0.025726335013994954,7.651822745482608,621,164,5.312
port5,0.7,15,3,-0.00042401335952686026,0.0027552093920710447,0.023980630817821442,9.726942325678714,635,150,6.625
port5,0.7,15,9,-0.0005110673546036366,0.0031413299999999995,0.02482313567726583,6.849581521380402,650,135,5.512
port5,0.7,15,8,-0.00047045543894083897,0.00310846,0.025692760543978732,11.199190399810215,668,117,5.746
port5,0.7,15,10,-0.0005079253873369599,0.003244159999999999,0.025782680029791866,8.683473683541024,646,139,6.553
port5,0.7,15,13,-0.0004921495385934754,0.003112969999999999,0.025120892312590123,8.643141648112248,661,124,5.438
port5,0.7,15,14,-0.0004849068051845277,0.00328392,0.02673331775720735,9.204429227446084,644,141,5.376
port5,0.7,15,11,-0.0004902906257300494,0.00300815,0.024265035817875622,6.744964973869492,636,149,7.331
port5,0.7,15,15,-0.0004909886205027369,0.0031522644772459117,0.025486431198666053,9.501284386898837,632,153,5.3
port5,0.7,15,12,-0.0005172530135766219,0.00313343,0.024575713517424887,5.925047650863633,642,143,7.233
port5,0.7,15,17,-0.0003884309280695366,0.0028143892432275198,0.025519903853903063,15.72019339135901,646,139,5.629
port5,0.7,15,16,-0.0005172652419585184,0.0032240999999999993,0.02535363479271003,7.560335853280429,645,140,6.421
port5,0.7,15,19,-0.00043290602368053626,0.00301737,0.025975399799465868,14.100739550318115,637,148,5.489
port5,0.7,15,21,-0.000522415429441395,0.0032916985720803987,0.025776349685674618,7.3321996870232224,650,135,5.287
port5,0.7,15,18,-0.0005077732934831197,0.0032112699999999996,0.025512117751511184,8.483911288143057,636,149,6.693
port5,0.7,15,20,-0.0004163309916089155,0.0026558399999999996,0.02331219816782268,8.268735496137545,644,141,6.149
port5,0.7,15,22,-0.0004570430950415018,0.0031024811780013335,0.026013767189122287,12.699596849796043,660,125,6.129
port5,0.7,15,23,-0.000549954242986568,0.003428618725706328,0.026148787863885244,4.231387945718724,619,166,6.066
port5,0.7,15,25,-0.000488705781736674,0.0031974083065548775,0.025926178447655934,10.28233476379228,646,139,5.779
port5,0.7,15,24,-0.000509897108450844,0.00322306,0.02555165333060399,8.420872167705237,632,153,6.092
port5,0.7,15,26,-0.0004799710158225821,0.0029853767116561052,0.02436748412109434,7.584491257595941,638,147,5.658
port5,0.7,15,27,-0.0005391767674071755,0.003359742946835574,0.025877351284293176,5.627807897857299,639,146,5.927
port5,0.7,15,28,-0.00048450402273050186,0.0031412500000000004,0.02557540607887357,10.089166563746172,654,131,5.775
port5,0.7,15,30,-0.00038001697713198037,0.0025565,0.023510879635607607,10.786649640598853,648,137,7.824
port5,0.7,15,29,-0.0005050766836223574,0.00319754,0.02547226268421742,8.580576701611681,643,142,8.025
port5,0.7,25,1,-0.0005142275822932578,0.0032884328110992715,0.025975325133026965,7.8246475693838535,1031,244,8.312
port5,0.7,25,3,-0.000499578950151018,0.0030554682648042167,0.02440905948004456,6.563750474013544,1011,264,8.643
port5,0.7,25,4,-0.0005193805267953713,0.003370040590811123,0.026501526922262045,6.467887791752646,1003,272,8.65
port5,0.7,25,7,-0.0005323246182570782,0.0032705100000000003,0.02532159952471187,6.5061527874589045,972,303,7.845
port5,0.7,25,6,-0.000514890049354884,0.0031641636398229227,0.02491009670773202,6.806775305748861,1014,261,8.635
port5,0.7,25,2,-0.0005161916342566647,0.0033713752056830962,0.026598091431214284,6.582178081236487,1016,259,11.255
port5,0.7,25,8,-0.0005214593016501106,0.0032374599999999997,0.02534839240746243,7.276032322559497,1047,228,8.572
port5,0.7,25,9,-0.0005535554114703802,0.0033343132250354558,0.02526257978117767,4.920251719547023,1022,253,8.22
port5,0.7,25,5,-0.0005593923096500307,0.0033441760810481516,0.025181073240046634,4.415456714490419,955,320,10.415
port5,0.7,25,10,-0.0005646133847318443,0.0033965333650070586,0.025476785645262956,3.6963431437614767,1024,251,8.859
port5,0.7,25,11,-0.0005569215750647855,0.003369554204588878,0.025465514112559533,4.433971765171629,1013,262,9.51
port5,0.7,25,13,-0.0005168624055595161,0.0032957372835058607,0.025963127136444927,7.596027751273646,1038,237,9.03
port5,0.7,25,14,-0.0005506381815617078,0.00338685296888358,0.025785314455640012,4.672589572622797,1006,269,8.999
port5,0.7,25,12,-0.0005518899994910529,0.00333845797558289,0.025344692123480613,5.016561517783284,1042,233,12.15
port5,0.7,25,16,-0.0005540581337296758,0.0033977540255660243,0.025781169039772636,4.356871371003547,1022,253,9.097
port5,0.7,25,17,-0.0005452174201123594,0.0033724062470456965,0.025815401106464377,5.14295771757769,1035,240,9.032
port5,0.7,25,18,-0.0005520096401841508,0.0033999331434685347,0.02585592783252199,4.454182277091174,1029,246,9.24
port5,0.7,25,15,-0.0005595205006785952,0.0033726294592669507,0.02541845047265273,4.231075420092537,1021,254,10.549
port5,0.7,25,19,-0.0005442706223605407,0.0033699135817230625,0.025820906594584452,5.224675959382726,1022,253,9.874
port5,0.7,25,22,-0.0005575323313895032,0.003349370782042053,0.02527785318707473,4.531618872938426,1033,242,9.714
port5,0.7,25,20,-0.0005234807679259151,0.0031420839197403667,0.024469935139040517,5.315857876481895,1020,255,11.535
port5,0.7,25,21,-0.0005496849315078057,0.003391947810186001,0.02585396934288523,4.674502107200917,1026,249,10.451
port5,0.7,25,23,-0.000551293521290507,0.003431399506619408,0.026134988335161397,4.128004368227241,975,300,8.716
port5,0.7,25,24,-0.0005520547729307049,0.003434797006255547,0.02614203863910605,4.046252840465648,1002,273,8.414
port5,0.7,25,25,-0.0005440821803787727,0.0033396633666123,0.025573893764789492,5.536230643401294,1043,232,8.846
port5,0.7,25,26,-0.0005272523467250395,0.0031948466656879244,0.0248193948637333,5.848201947308237,1014,261,8.149
port5,0.7,25,27,-0.0005645799813896435,0.0033875758758537084,0.025402271590393228,3.766108366397661,1004,271,7.738
port5,0.7,25,28,-0.0005479086977128529,0.003325103769402797,0.025343988667588174,5.394708635812862,1049,226,8.376
port5,0.7,25,29,-0.0005205473474025618,0.0033113513707272286,0.025990604451158528,7.211915395927501,1014,261,8.446
port5,0.7,25,30,-0.0005241062162292024,0.0031692699999999996,0.024688770835885165,5.764361821426789,1027,248,8.908
port5,0.7,50,2,-0.0005660495133554657,0.00339175916663646,0.02539623809699473,3.632037383753779,1741,759,14.183
port5,0.7,50,1,-0.0005640948053345,0.003388027074512626,0.025419714425148947,3.7970000986846144,1719,781,15.795
port5,0.7,50,5,-0.0005657655573206308,0.0033982252465844147,0.025458706527986333,3.604122809610268,1557,943,13.392
port5,0.7,50,3,-0.000540545990013567,0.0033270699999999997,0.02556713878584979,5.877008916145735,1705,795,15.814
port5,0.7,50,4,-0.0005660495133554657,0.00339175916663646,0.02539623809699473,3.632037383753779,1653,847,17.873
port5,0.7,50,7,-0.0005649141721896258,0.0034042667222133676,0.025533335199146592,3.6132849770280955,1667,833,14.354
port5,0.7,50,11,-0.0005652268694620278,0.003397784280191478,0.025470106135720743,3.644575533589489,1525,975,12.631
port5,0.7,50,6,-0.0005657454530780918,0.003382109766829243,0.025323266460783256,3.7188387403728824,1908,592,17.122
port5,0.7,50,9,-0.0005660495133554657,0.00339175916663646,0.02539623809699473,3.632037383753779,1624,876,16.407
port5,0.7,50,12,-0.000561283110383338,0.0033561269279584233,0.025229092277544215,4.207377535580687,1686,814,13.986
port5,0.7,50,8,-0.0005657454530780918,0.003382109766829243,0.025323266460783256,3.7188387403728824,1775,725,16.872
port5,0.7,50,10,-0.0005646133847318443,0.0033965333650070586,0.025476785645262956,3.6963431437614767,1612,888,16.632
port5,0.7,50,14,-0.0005543551200200047,0.0034078130072885578,0.025856438329651853,4.2338102700854785,1621,879,13.507
port5,0.7,50,16,-0.0005656603963216619,0.003385819903531825,0.025357038322380905,3.7008874742159823,1504,996,12.513
port5,0.7,50,15,-0.0005658300641984568,0.0033936357024105307,0.02541823435827973,3.634043546383403,1638,862,14.088
port5,0.7,50,13,-0.0005652268694620278,0.003397784280191478,0.025470106135720743,3.644575533589489,1716,784,15.978
port5,0.7,50,18,-0.0005652268694620278,0.003397784280191478,0.025470106135720743,3.644575533589489,1472,1028,12.895
port5,0.7,50,23,-0.0005547631377102579,0.003449615575962359,0.026189461759549938,3.720348900018224,1483,1017,12.482
port5,0.7,50,19,-0.0005656603963216619,0.003385819903531825,0.025357038322380905,3.7008874742159823,1557,943,15.066
port5,0.7,50,17,-0.000564389598653911,0.0033984272728763342,0.02549897990141648,3.69643571753983,1671,829,16.82
port5,0.7,50,20,-0.0005656603963216619,0.003385819903531825,0.025357038322380905,3.7008874742159823,1790,710,15.451
port5,0.7,50,22,-0.0005658300641984568,0.0033936357024105307,0.02541823435827973,3.634043546383403,1592,908,14.439
port5,0.7,50,24,-0.0005651502547282833,0.00338624205995423,0.025374969760938663,3.7348324406847033,1612,888,14.377
port5,0.7,50,21,-0.0005660495133554657,0.00339175916663646,0.02539623809699473,3.632037383753779,1599,901,16.576
port5,0.7,50,26,-0.0005299840634911035,0.003207942862464087,0.024853823944016657,5.747821952434226,1392,1108,11.503
port5,0.7,50,25,-0.0005660495133554657,0.00339175916663646,0.02539623809699473,3.632037383753779,1795,705,17.781
port5,0.7,50,27,-0.0005660495133554657,0.00339175916663646,0.02539623809699473,3.632037383753779,1604,896,18.1
port5,0.7,50,28,-0.0005572261717035228,0.0033491092744074033,0.025284286781056563,4.556192180568164,1824,676,20.008
port5,0.7,50,29,-0.0005657655573206308,0.0033982252465844147,0.025458706527986333,3.604122809610268,1729,771,19.821
port5,0.7,50,30,-0.0005589369570333058,0.0033494593612347573,0.025238883021954202,4.4243528449094995,1857,643,18.27
port5,0.7,100,1,-0.0005660495133554657,0.00339175916663646,0.02539623809699473,3.632037383753779,2137,2813,20.034
port5,0.7,100,4,-0.0005660495133554657,0.00339175916663646,0.02539623809699473,3.632037383753779,2102,2848,20.66
port5,0.7,100,2,-0.0005660495133554657,0.00339175916663646,0.02539623809699473,3.632037383753779,2148,2802,24.121
port5,0.7,100,5,-0.0005657655573206308,0.0033982252465844147,0.025458706527986333,3.604122809610268,1959,2991,22.797
port5,0.7,100,6,-0.0005658300641984568,0.0033936357024105307,0.02541823435827973,3.634043546383403,2379,2571,23.404
port5,0.7,100,3,-0.0005557609236616723,0.00341360368243951,0.02586559162478714,4.090294885678183,2264,2686,26.753
port5,0.7,100,7,-0.0005658300641984568,0.0033936357024105307,0.02541823435827973,3.634043546383403,2384,2566,24.69
port5,0.7,100,8,-0.0005657454530780918,0.003382109766829243,0.025323266460783256,3.7188387403728824,2390,2560,22.646
port5,0.7,100,9,-0.0005660495133554657,0.00339175916663646,0.02539623809699473,3.632037383753779,2046,2904,21.659
port5,0.7,100,12,-0.000561283110383338,0.0033561269279584233,0.025229092277544215,4.207377535580687,2061,2889,19.678
port5,0.7,100,11,-0.0005660495133554657,0.00339175916663646,0.02539623809699473,3.632037383753779,2058,2892,20.679
port5,0.7,100,10,-0.0005660495133554657,0.00339175916663646,0.02539623809699473,3.632037383753779,2078,2872,22.016
port5,0.7,100,13,-0.0005652268694620278,0.003397784280191478,0.025470106135720743,3.644575533589489,2208,2742,20.587
port5,0.7,100,16,-0.0005656603963216619,0.003385819903531825,0.025357038322380905,3.7008874742159823,1938,3012,19.151
port5,0.7,100,14,-0.0005651502547282833,0.00338624205995423,0.025374969760938663,3.7348324406847033,2400,2550,23.73
port5,0.7,100,15,-0.0005658300641984568,0.0033936357024105307,0.02541823435827973,3.634043546383403,1990,2960,21.908
port5,0.7,100,17,-0.000564389598653911,0.0033984272728763342,0.02549897990141648,3.69643571753983,2045,2905,21.222
port5,0.7,100,19,-0.0005660495133554657,0.00339175916663646,0.02539623809699473,3.632037383753779,1965,2985,19.068
port5,0.7,100,18,-0.0005660495133554657,0.00339175916663646,0.02539623809699473,3.632037383753779,2021,2929,22.504
port5,0.7,100,21,-0.0005660495133554657,0.00339175916663646,0.02539623809699473,3.632037383753779,1926,3024,18.436
port5,0.9,10,1,0.00023938573021288191,0.002128933289593381,0.02241723194261801,11.81742088532077,444,96,4.978
port5,0.7,100,20,-0.0005660495133554657,0.00339175916663646,0.02539623809699473,3.632037383753779,2329,2621,22.454
port5,0.7,100,22,-0.0005658300641984568,0.0033936357024105307,0.02541823435827973,3.634043546383403,1922,3028,19.999
port5,0.9,10,2,0.00024599819153430826,0.001494447295273541,0.020961417495051402,11.85257649189949,446,94,4.398
port5,0.7,100,24,-0.0005660495133554657,0.00339175916663646,0.02539623809699473,3.632037383753779,2161,2789,20.661
port5,0.9,10,4,0.0002595172363685972,0.0011623432483834747,0.020432859189902494,12.028089756028917,449,91,4.103
port5,0.7,100,23,-0.0005660495133554657,0.00339175916663646,0.02539623809699473,3.632037383753779,2252,2698,22.95
port5,0.9,10,3,0.0001782971219803292,0.002183410825421969,0.02099307305127432,4.015813565307052,447,93,5.42
port5,0.7,100,26,-0.0005299840634911035,0.003207942862464087,0.024853823944016657,5.747821952434226,1749,3201,16.828
port5,0.9,10,5,0.00023300599801497266,0.0022407531898785728,0.0225359297567938,10.85775122150191,448,92,4.575
port5,0.9,10,6,0.00028446355823900666,0.0020461757750898277,0.023311445346962778,17.434832546417333,442,98,3.98
port5,0.7,100,25,-0.0005660495133554657,0.00339175916663646,0.02539623809699473,3.632037383753779,2191,2759,22.348
port5,0.9,10,7,0.00019330570856323492,0.002260011987053155,0.021584637213345113,5.916504282301804,457,83,4.97
port5,0.7,100,27,-0.0005660495133554657,0.00339175916663646,0.02539623809699473,3.632037383753779,1945,3005,18.524
port5,0.9,10,10,0.00022135853648270852,0.0014168398650873306,0.0200843367105215,7.908233939755912,447,93,4.085
port5,0.9,10,8,0.00019468678048210013,0.001895557641579422,0.020662433562171664,5.891807921722964,435,105,4.589
port5,0.9,10,11,0.00020745362142220573,0.0019490520129798814,0.021143920132699928,7.715138065891776,440,100,4.402
port5,0.9,10,9,0.00018980368808925091,0.0019097499999999998,0.02056908921683891,5.24821675320454,447,93,5.113
port5,0.9,10,13,0.00021373543685682705,0.0014253484430265932,0.01989612695865667,6.818501031364251,463,77,4.394
port5,0.9,10,12,0.0002830524432290784,0.002027245733119998,0.02323256853215326,17.297525403414028,447,93,4.777
port5,0.9,10,14,0.00027868398095520915,0.001669091418861248,0.02225092065114844,16.778680500086622,450,90,4.074
port5,0.9,10,15,0.00021434131353842312,0.0021654844348418948,0.021880731173610075,8.654336744375566,451,89,4.439
port5,0.9,10,16,0.00020891887908894437,0.0023913602952567352,0.02231230125624821,7.599154087772162,452,88,4.121
port5,0.7,100,29,-0.0005660495133554657,0.00339175916663646,0.02539623809699473,3.632037383753779,2148,2802,20.917
port5,0.9,10,17,0.00020617099196948264,0.0022056691137139397,0.021775059722864306,7.591306763963814,460,80,4.324
port5,0.9,10,19,0.000267650047986304,0.0009748381491423841,0.020142102474958113,11.858916302730536,435,105,3.982
port5,0.9,10,18,0.00029944867644688615,0.0012293852063702889,0.021663774091118488,18.18138315084025,452,88,4.698
port5,0.9,10,20,0.00027428456560979594,0.0018430610733679246,0.022573107720534984,16.34805408938491,429,111,4.253
port5,0.9,10,22,0.0001951203292436165,0.002646181615720861,0.02260133945921747,5.117266998126782,452,88,4.038
port5,0.9,10,23,0.00020255460454425957,0.0020398199999999995,0.02125340768870984,7.147182914630263,443,97,4.024
port5,0.7,100,30,-0.0005643410370901718,0.0033869026501998833,0.025403311313116905,3.7878539885070093,2443,2507,21.399
port5,0.9,10,21,0.00023119877390436063,0.001933090062208457,0.02171808719133039,10.838881292020847,450,90,4.603
port5,0.7,100,28,-0.0005646133847318443,0.0033965333650070586,0.025476785645262956,3.6963431437614767,2705,2245,24.868
port5,0.9,10,24,0.00021668626081085791,0.0013437889180959366,0.019750250423741508,6.768134341998202,449,91,4.165
port5,0.9,10,25,0.0002033523537252851,0.00178533,0.02059895773321459,6.828260116261961,445,95,3.955
port5,0.9,10,26,0.0002476829917252815,0.0014578699999999998,0.020909062142878555,11.938075351070916,429,111,4.339
port5,0.9,10,27,0.00023254881692410335,0.0011640885647156317,0.019690879823344797,7.946189644852435,443,97,4.064
port5,0.9,10,28,0.00020131523557445426,0.00188559768242773,0.020813323825996842,6.782033950840138,430,110,4.033
port5,0.9,10,30,0.00019730749743135574,0.0018671757509412176,0.02065658551233258,6.191670685849438,437,103,4.509
port5,0.9,10,29,0.00026508237824682913,0.001324440412601381,0.021016565410989684,13.793572686693189,441,99,4.805
port5,0.9,15,1,0.0001996354410765795,0.002124122052962763,0.021396979183802133,6.79076421261241,643,142,6.651
port5,0.9,15,3,0.00016523171838134777,0.0020485783832829636,0.020278328791255733,2.1261624435928166,645,140,6.56
port5,0.9,15,5,0.0001991877379839446,0.002232118482572779,0.021664091801904786,6.686229591171829,646,139,6.055
port5,0.9,15,7,0.00017200719039949186,0.0020580839714679205,0.020488901807409022,3.0709307815314735,661,124,6.674
port5,0.9,15,6,0.00023861910605140933,0.001489125940473873,0.020750681383693206,10.781194055029404,640,145,6.786
port5,0.9,15,8,0.00017708074308592776,0.0022321537282639463,0.021089652963593372,3.8569032418608282,622,163,5.951
port5,0.9,15,2,0.000190056648167903,0.0022048599999999995,0.021357867355247258,5.540648822518753,644,141,8.424
port5,0.9,15,9,0.0001805239413868387,0.001960162256204558,0.020454289607352252,4.071015136092322,643,142,6.031
port5,0.9,15,4,0.00023154699225155567,0.0019142365116151198,0.02167873108763691,10.870859118005939,643,142,8.522
port5,0.9,15,12,0.00019409744940202163,0.002081491682872202,0.02114097174496432,6.055818075529009,646,139,6.369
port5,0.9,15,10,0.00018938023472238495,0.0016739443345669298,0.019910205874795802,4.443416941671583,644,141,8.16
port5,0.9,15,11,0.00017792462991787623,0.002323278862504267,0.02135031917971935,3.9050248006368338,631,154,8.569
port5,0.9,15,13,0.00018488866395235511,0.002152326074887579,0.021085046608678045,4.872581098188647,658,127,6.08
port5,0.9,15,14,0.0002414719326033145,0.0022777296800867972,0.02283381752800472,11.790035992941323,645,140,6.058
port5,0.9,15,15,0.0001826754575891878,0.002304942272186374,0.021426092214033104,4.52614852571104,649,136,6.174
port5,0.9,15,16,0.00018267684933287524,0.0022583206660753375,0.02130490073878175,4.566582364910932,636,149,6.263
port5,0.9,15,20,0.0002315287539790035,0.0015563569845488947,0.020740846774578606,10.046855100838759,622,163,6.131
port5,0.9,15,17,0.00019878586405669876,0.002238119356629496,0.02166917420668377,6.629830968227314,664,121,6.894
port5,0.9,15,21,0.00019441666055444246,0.0016974147975807492,0.020115172281210944,5.270067810913895,650,135,6.373
port5,0.9,15,19,0.00022522965461469738,0.00198787,0.021705520409300315,10.088582375702323,637,148,7.06
port5,0.9,15,23,0.00018451723798245713,0.0018323673588465724,0.02021424068618497,4.309851144220086,645,140,6.064
port5,0.9,15,18,0.0002338304372198184,0.0015084557249802277,0.020674084951343773,10.179276250053846,636,149,8.755
port5,0.9,15,22,0.00018200999253427722,0.0025845642801509213,0.022122548088855942,3.8226960809792,633,152,7.333
port5,0.9,15,24,0.00018859626079451957,0.0019324631782200769,0.02059780405276595,5.128864136971515,644,141,6.283
port5,0.9,15,25,0.000183991942482199,0.0020201184811984114,0.02070973444226008,4.647076499302166,647,138,6.098
port5,0.9,15,26,0.00020098606397548713,0.0019697399999999998,0.0210280253200735,6.873759332259587,611,174,6.683
port5,0.9,15,27,0.00019361676588310013,0.0017952627352804504,0.020361811734801366,5.487767310973298,637,148,7.294
port5,0.9,15,29,0.00019847027535709847,0.0019318225692342532,0.02086071619843607,6.4783711890444895,642,143,6.117
port5,0.9,15,30,0.00016825847041581921,0.0023349354587787322,0.021127970305147955,2.66405007086609,637,148,6.011
port5,0.9,15,28,0.00018608902626875636,0.0021711300000000003,0.021166063673005647,5.0323546237568175,621,164,6.806
port5,0.9,25,2,0.0001655895738712054,0.00207233639790907,0.02035308367742158,2.2147527002718896,1017,258,9.418
port5,0.9,25,3,0.0001632831751561802,0.002098779597076203,0.02036230544859792,1.9382608059550035,994,281,9.182
port5,0.9,25,1,0.00017458240896382264,0.0020300837953726517,0.02048280548549842,3.38012000670988,1022,253,11.75
port5,0.9,25,5,0.00016800375002557814,0.0023071866344526806,0.02104815678049971,2.6521339766048153,989,286,10.232
port5,0.9,25,6,0.00018666073622091464,0.002201344883304055,0.02126016683720782,5.104118680058329,1027,248,9.311
port5,0.9,25,8,0.0001643044026011502,0.002076077868389594,0.020328201249608043,2.04433996004978,975,300,9.19
port5,0.9,25,4,0.00021537767935711675,0.0018263377226615941,0.02102938292599392,8.586392187341366,1029,246,11.655
port5,0.9,25,7,0.0001627993699742477,0.0020986595182021454,0.02034877342179682,1.8719862697908414,1024,251,10.417
port5,0.9,25,11,0.00016364034515062924,0.002060931423756146,0.020268571388735588,1.9281971115022,994,281,9.466
port5,0.9,25,9,0.00016416895668484722,0.0021831295190032434,0.020615040587589645,2.14631334024787,1026,249,10.293
port5,0.9,25,12,0.00016795927858463263,0.0019602237461678494,0.020110297340235575,2.3200753309873905,1021,254,9.753
port5,0.9,25,10,0.00017544999708835748,0.0018289583568334977,0.019953998005738296,3.0046353270907122,1007,268,10.728
port5,0.9,25,13,0.0001676258843809911,0.0020001205941793266,0.020211051536746582,2.364273817312599,992,283,9.147
port5,0.9,25,14,0.0001748141770846935,0.0023039588994427083,0.02121870419723976,3.527777007045307,1026,249,11.437
port5,0.9,25,17,0.00017907200800069202,0.002010241467563286,0.020550646239014824,3.9624371981894173,1046,229,9.996
port5,0.9,25,16,0.00016915313068340977,0.0022967670412593105,0.021050991921980004,2.8063382440526317,990,285,10.645
port5,0.9,25,19,0.00017881004204741156,0.0023395813273758893,0.02141567895997386,3.9977421347980937,1017,258,9.811
port5,0.9,25,15,0.00015719911149545616,0.002175986509384169,0.020406909571511776,1.2044816429562695,1011,264,12.35
port5,0.9,25,23,0.0001638435015947005,0.0021641386833691103,0.020555003984745454,2.0880171190363486,1017,258,9.339
port5,0.9,25,18,0.0001861799128401043,0.0018369660949982766,0.0202724915516331,4.558714574225835,1021,254,11.818
port5,0.9,25,22,0.00016278565715829762,0.002337301310521212,0.02098983320590177,1.960723130875264,1000,275,10.317
port5,0.9,25,24,0.00017184009081719958,0.002067414425522648,0.02050965987500265,3.061350595955206,1032,243,9.633
port5,0.9,25,20,0.0001984033639856621,0.00159214501313122,0.019933719764893748,5.406566530538645,1008,267,12.123
port5,0.9,25,21,0.00017129414676972322,0.0018812097386886168,0.019983746746865868,2.575272146754342,1043,232,11.785
port5,0.9,25,25,0.00016716565579529563,0.002075193040819208,0.02040383841549908,2.4348192789617036,1017,258,9.231
port5,0.9,25,26,0.00016933999056533252,0.002382671543689053,0.021281372787127918,2.7487411532469572,981,294,9.249
port5,0.9,25,28,0.0001673889861002029,0.0020773540650994462,0.020415799780511702,2.468488978715125,1005,270,9.275
port5,0.9,25,29,0.00016970822457402699,0.0023773506763919345,0.02127709494094061,2.8021309012369646,1023,252,10.432
port5,0.9,25,30,0.00015705241488799245,0.002158989759065846,0.020356582085806953,1.1665840827152865,1015,260,12.213
port5,0.9,25,27,0.00016833397929718122,0.0021391868917807495,0.02060886186073188,2.6689736340705474,964,311,14.364
port5,0.9,50,3,0.00016158400586650784,0.002093767933058759,0.02030218376793721,1.698449716056126,1398,1102,13.814
port5,0.9,50,7,0.00016257855814106684,0.0021078436817339634,0.02036781028743539,1.8546160509996823,1416,1084,14.471
port5,0.9,50,4,0.00018450805057104147,0.001984643351515448,0.020628254240848784,4.6635256079022795,1864,636,18.055
port5,0.9,50,1,0.0001590734912379624,0.0021633532059447463,0.020423537941209918,1.4448885211210605,1755,745,19.084
port5,0.9,50,8,0.00015718146103704684,0.002174333022045876,0.0204019270125162,1.200452380295532,1435,1065,15.566
port5,0.9,50,2,0.00015600792962490445,0.002155670856778801,0.020318984426250367,1.0208961095237223,1787,713,22.216
port5,0.9,50,5,0.00015600792962490445,0.002155670856778801,0.020318984426250367,1.0208961095237223,1703,797,21.569
port5,0.9,50,9,0.00015600792962490445,0.002155670856778801,0.020318984426250367,1.0208961095237223,1496,1004,18.573
port5,0.9,50,6,0.0001601592421768592,0.00217956088750956,0.02049702772294925,1.6064773693073937,1807,693,24.195
port5,0.9,50,11,0.0001619110619091042,0.0020772311846812834,0.020265849226311528,1.7173655125575638,1665,835,15.743
port5,0.9,50,10,0.00016285069990765302,0.0020748279322287664,0.020285010698393082,1.8426883356101518,1815,685,18.7
port5,0.9,50,12,0.00015600792962490445,0.002155670856778801,0.020318984426250367,1.0208961095237223,1741,759,16.259
port5,0.9,50,13,0.00016378477725563235,0.002072506269742386,0.020304225182345967,1.9673218188689627,1623,877,16.458
port5,0.9,50,15,0.00015688479978740472,0.0021703548400182197,0.020383007187067113,1.1562708247404487,1710,790,17.169
port5,0.9,50,14,0.00016249937504593385,0.0021256179447903464,0.0204140792789075,1.8666936205647195,1721,779,18.782
port5,0.9,50,16,0.00016779774758653342,0.0022571749733932877,0.020910264489688687,2.644784238473846,1625,875,20.145
port5,0.9,50,17,0.00016583475804099162,0.0020887857048200948,0.02040461082214837,2.2725728113360253,1852,648,18.243
port5,0.9,50,19,0.00015688479978740472,0.0021703548400182197,0.020383007187067113,1.1562708247404487,1777,723,19.148
port5,0.9,50,18,0.00016217555378511875,0.0020552434700373623,0.020212754520869982,1.7159046649362262,1794,706,19.459
port5,0.9,50,23,0.0001570365014219648,0.002167334358272769,0.020378908956981363,1.1735943057554459,1680,820,17.427
port5,0.9,50,22,0.00015697750654269598,0.0021484443668962155,0.020325734734084097,1.1440090782431822,1708,792,17.988
port5,0.9,50,25,0.00015600792962490445,0.002155670856778801,0.020318984426250367,1.0208961095237223,1532,968,14.82
port5,0.9,50,20,0.0001718432710603148,0.001873604697961598,0.01997786944642258,2.63048074027927,1867,633,20.519
port5,0.9,50,24,0.00016291852349324703,0.002122697788283395,0.020417538820054423,1.9200568495798713,1889,611,18.667
port5,0.9,50,21,0.0001709799458502052,0.0018879034381881152,0.019993618139269025,2.5505824331802964,1808,692,24.557
port5,0.9,50,26,0.00016664559728876726,0.002050043015049278,0.02032103176497184,2.3235642846078264,1480,1020,15.068
port5,0.9,50,27,0.00015882206087046655,0.0021634517160833465,0.020416965507440158,1.4110131329013795,1489,1011,16.846
port5,0.9,50,28,0.00015600792962490445,0.002155670856778801,0.020318984426250367,1.0208961095237223,1676,824,17.468
port5,0.9,50,29,0.00016212316585919093,0.0023354988431051223,0.020967515885549754,1.8767459087720917,1739,761,18.656
port5,0.9,50,30,0.0001570365014219648,0.002167334358272769,0.020378908956981363,1.1735943057554459,1526,974,18.575
port5,0.9,100,3,0.00016158400586650784,0.002093767933058759,0.02030218376793721,1.698449716056126,1758,3192,20.49
port5,0.9,100,1,0.00015600792962490445,0.002155670856778801,0.020318984426250367,1.0208961095237223,2188,2762,24.208
port5,0.9,100,8,0.00015706333310954468,0.0021906705005465604,0.020443156506768295,1.1997816045485867,2013,2937,19.208
port5,0.9,100,7,0.00016257855814106684,0.0021078436817339634,0.02036781028743539,1.8546160509996823,1806,3144,19.744
port5,0.9,100,6,0.00016008698669779211,0.002202339094995149,0.020556720885213264,1.6138382017385042,2418,2532,24.362
port5,0.9,100,5,0.00015600792962490445,0.002155670856778801,0.020318984426250367,1.0208961095237223,2085,2865,25.525
port5,0.9,100,2,0.00015600792962490445,0.002155670856778801,0.020318984426250367,1.0208961095237223,2200,2750,27.734
port5,0.9,100,9,0.00015600792962490445,0.002155670856778801,0.020318984426250367,1.0208961095237223,1908,3042,19.635
port5,0.9,100,4,0.00015600792962490445,0.002155670856778801,0.020318984426250367,1.0208961095237223,2776,2174,32.28
port5,0.9,100,12,0.00015600792962490445,0.002155670856778801,0.020318984426250367,1.0208961095237223,2105,2845,20.804
port5,0.9,100,10,0.00015600792962490445,0.002155670856778801,0.020318984426250367,1.0208961095237223,2480,2470,26.486
port5,0.9,100,11,0.0001619110619091042,0.0020772311846812834,0.020265849226311528,1.7173655125575638,2116,2834,24.424
port5,0.9,100,14,0.00015703682145404218,0.002196211625484234,0.02045748936487199,1.2008167606124243,2180,2770,24.366
port5,0.9,100,15,0.00015688479978740472,0.0021703548400182197,0.020383007187067113,1.1562708247404487,2169,2781,21.219
port5,0.9,100,13,0.00015697750654269598,0.0021484443668962155,0.020325734734084097,1.1440090782431822,2139,2811,26.569
port5,0.9,100,19,0.00015688479978740472,0.0021703548400182197,0.020383007187067113,1.1562708247404487,2233,2717,22.636
port5,0.9,100,16,0.00016105300659921654,0.002330530260438805,0.020925954980016166,1.7419648240468408,2194,2756,24.981
port5,0.9,100,18,0.00016217555378511875,0.0020552434700373623,0.020212754520869982,1.7159046649362262,2238,2712,24.411
port5,0.9,100,17,0.00015882206087046655,0.0021634517160833465,0.020416965507440158,1.4110131329013795,2446,2504,27.483
port5,0.9,100,22,0.00015697750654269598,0.0021484443668962155,0.020325734734084097,1.1440090782431822,2075,2875,20.709
port5,0.9,100,20,0.0001623010419924748,0.0021261408762486855,0.020410104513242763,1.8403901211264957,2741,2209,30.438
port5,0.9,100,21,0.00015688479978740472,0.0021703548400182197,0.020383007187067113,1.1562708247404487,2435,2515,27.157
port5,0.9,100,23,0.00015600792962490445,0.002155670856778801,0.020318984426250367,1.0208961095237223,2377,2573,25.027
port5,0.9,100,25,0.00015600792962490445,0.002155670856778801,0.020318984426250367,1.0208961095237223,1872,3078,20.35
port5,0.9,100,27,0.00015882206087046655,0.0021634517160833465,0.020416965507440158,1.4110131329013795,1883,3067,21.196
port5,0.9,100,24,0.00015600792962490445,0.002155670856778801,0.020318984426250367,1.0208961095237223,2753,2197,29.764
port5,0.9,100,30,0.00015697750654269598,0.0021484443668962155,0.020325734734084097,1.1440090782431822,1937,3013,18.236
port5,0.9,100,26,0.00015688479978740472,0.0021703548400182197,0.020383007187067113,1.1562708247404487,2465,2485,24.547
port5,0.9,100,28,0.00015600792962490445,0.002155670856778801,0.020318984426250367,1.0208961095237223,2086,2864,20.99
port5,0.9,100,29,0.00015688479978740472,0.0021703548400182197,0.020383007187067113,1.1562708247404487,2239,2711,21.697
