config_name,dataset,lambda,pop_size,n_generations,pm,seed,best_fitness,return,std,pe_percent,n_evaluations,n_cache_hits,elapsed_seconds
pop_only,port5,0.5,100,15,0.15,1,-0.0013755125162398952,0.0034658799999999997,0.02673677182309431,4.178744603841791,1341,244,4.506
pop_only,port5,0.5,100,15,0.15,2,-0.0013331392211269819,0.003323959999999999,0.02564530283981915,6.140945661760166,1320,265,4.53
gen_only,port5,0.5,50,50,0.15,1,-0.0013927008600847935,0.0035010700000000002,0.026751977120026357,3.229151434015053,1535,965,5.193
gen_only,port5,0.5,50,50,0.15,2,-0.0013873323627798656,0.00349359,0.026812781922811914,3.5277999138847687,1771,729,5.641
baseline,port5,0.5,50,100,0.15,1,-0.0013927008600847935,0.0035010700000000002,0.026751977120026357,3.229151434015053,1900,3050,6.6
baseline,port5,0.5,50,100,0.15,2,-0.0013927008600847935,0.0035010700000000002,0.026751977120026357,3.229151434015053,2550,2400,7.949
combined_best,port5,0.5,100,50,0.02,1,-0.0013927008600847935,0.0035010700000000002,0.026751977120026357,3.229151434015053,2680,2370,8.12
combined_best,port5,0.5,100,50,0.02,2,-0.0013927008600847935,0.0035010700000000002,0.026751977120026357,3.229151434015053,2923,2127,8.663
baseline,port5,0.1,50,100,0.15,3,-0.0030729702654200145,0.003498100000000001,0.027444441072826876,4.279378514859651,1835,3115,9.533
baseline,port5,0.1,50,100,0.15,4,-0.0030793961720169583,0.0035010700000000002,0.026751977120026353,3.229151434015053,2052,2898,9.579
baseline,port5,0.1,50,100,0.15,10,-0.0030729702654200145,0.003498100000000001,0.027444441072826876,4.279378514859651,2308,2642,9.581
baseline,port5,0.1,50,100,0.15,1,-0.0030793961720169583,0.0035010700000000002,0.026751977120026353,3.229151434015053,2204,2746,10.121
baseline,port5,0.1,50,100,0.15,6,-0.0030793961720169583,0.0035010700000000002,0.026751977120026353,3.229151434015053,2143,2807,10.451
baseline,port5,0.1,50,100,0.15,5,-0.003078906898654833,0.00350062,0.026767723352046083,3.2655880967835023,2112,2838,10.508
baseline,port5,0.1,50,100,0.15,8,-0.0030793961720169583,0.0035010700000000002,0.026751977120026353,3.229151434015053,2304,2646,10.783
baseline,port5,0.1,50,100,0.15,9,-0.0030793961720169583,0.0035010700000000002,0.026751977120026353,3.229151434015053,1958,2992,10.869
baseline,port5,0.1,50,100,0.15,12,-0.003078906898654833,0.00350062,0.026767723352046083,3.2655880967835023,2061,2889,11.039
baseline,port5,0.1,50,100,0.15,11,-0.0030793961720169583,0.0035010700000000002,0.026751977120026353,3.229151434015053,2431,2519,11.809
baseline,port5,0.1,50,100,0.15,2,-0.0030793961720169583,0.0035010700000000002,0.026751977120026353,3.229151434015053,2425,2525,11.995
baseline,port5,0.1,50,100,0.15,7,-0.0030793961720169583,0.0035010700000000002,0.026751977120026353,3.229151434015053,2211,2739,12.171
baseline,port5,0.1,50,100,0.15,16,-0.003078906898654833,0.00350062,0.026767723352046083,3.2655880967835023,2104,2846,9.102
baseline,port5,0.1,50,100,0.15,15,-0.0030312062773401663,0.0034474199999999997,0.02673419582853265,4.685219728692998,2018,2932,9.687
baseline,port5,0.1,50,100,0.15,17,-0.0030793961720169583,0.0035010700000000002,0.026751977120026353,3.229151434015053,2154,2796,8.885
baseline,port5,0.1,50,100,0.15,20,-0.0030793961720169583,0.0035010700000000002,0.026751977120026353,3.229151434015053,2139,2811,9.461
baseline,port5,0.1,50,100,0.15,19,-0.0030793961720169583,0.0035010700000000002,0.026751977120026353,3.229151434015053,2144,2806,9.583
baseline,port5,0.1,50,100,0.15,18,-0.003078906898654833,0.00350062,0.026767723352046083,3.2655880967835023,1955,2995,9.951
baseline,port5,0.1,50,100,0.15,13,-0.0030793961720169583,0.0035010700000000002,0.026751977120026353,3.229151434015053,2023,2927,11.261
baseline,port5,0.1,50,100,0.15,21,-0.0030793961720169583,0.0035010700000000002,0.026751977120026353,3.229151434015053,2367,2583,10.351
baseline,port5,0.1,50,100,0.15,22,-0.003077020968377917,0.0034982500000000005,0.026721532819448005,3.260416918577845,1961,2989,9.879
baseline,port5,0.1,50,100,0.15,14,-0.0030793961720169583,0.0035010700000000002,0.026751977120026353,3.229151434015053,2203,2747,12.563
baseline,port5,0.1,50,100,0.15,24,-0.0030793961720169583,0.0035010700000000002,0.026751977120026353,3.229151434015053,2366,2584,11.322
baseline,port5,0.1,50,100,0.15,23,-0.0030793961720169583,0.0035010700000000002,0.026751977120026353,3.229151434015053,2284,2666,14.27
baseline,port5,0.1,50,100,0.15,26,-0.0030793961720169583,0.0035010700000000002,0.026751977120026353,3.229151434015053,1826,3124,8.324
baseline,port5,0.1,50,100,0.15,29,-0.0030793961720169583,0.0035010700000000002,0.026751977120026353,3.229151434015053,1875,3075,8.688
baseline,port5,0.1,50,100,0.15,28,-0.003078906898654833,0.00350062,0.026767723352046083,3.2655880967835023,1998,2952,9.954
baseline,port5,0.1,50,100,0.15,30,-0.003078906898654833,0.00350062,0.026767723352046083,3.2655880967835023,2430,2520,10.168
baseline,port5,0.1,50,100,0.15,25,-0.0030793961720169583,0.0035010700000000002,0.026751977120026353,3.229151434015053,2075,2875,11.455
baseline,port5,0.3,50,100,0.15,2,-0.0022360485160508757,0.00350107,0.026751977120026353,3.229151434015065,2187,2763,9.814
baseline,port5,0.3,50,100,0.15,1,-0.0022360485160508757,0.00350107,0.026751977120026353,3.229151434015065,2172,2778,10.459
baseline,port5,0.3,50,100,0.15,5,-0.0022296903356295097,0.0034908300000000003,0.026701477135824644,3.434651181498895,1787,3163,7.781
baseline,port5,0.3,50,100,0.15,3,-0.0022360485160508757,0.00350107,0.026751977120026353,3.229151434015065,1930,3020,9.681
baseline,port5,0.1,50,100,0.15,27,-0.0030793961720169583,0.0035010700000000002,0.026751977120026353,3.229151434015053,2220,2730,12.664
baseline,port5,0.3,50,100,0.15,4,-0.0022360485160508757,0.00350107,0.026751977120026353,3.229151434015065,2256,2694,10.12
baseline,port5,0.3,50,100,0.15,6,-0.002235480695964498,0.00350062,0.026767723352046083,3.2655880967835023,1885,3065,9.268
baseline,port5,0.3,50,100,0.15,7,-0.002235480695964498,0.00350062,0.026767723352046083,3.2655880967835023,1969,2981,9.011
baseline,port5,0.3,50,100,0.15,8,-0.0021484363647885606,0.0033742500000000005,0.026679494948458053,6.62657776084539,1875,3075,8.494
baseline,port5,0.3,50,100,0.15,12,-0.0022360485160508757,0.00350107,0.026751977120026353,3.229151434015065,1684,3266,7.966
baseline,port5,0.3,50,100,0.15,9,-0.0022360485160508757,0.00350107,0.026751977120026353,3.229151434015065,1949,3001,9.038
baseline,port5,0.3,50,100,0.15,10,-0.0022311263201794866,0.0034924800000000005,0.02668393273242119,3.3617984107702097,2311,2639,10.085
baseline,port5,0.3,50,100,0.15,11,-0.0022360485160508757,0.00350107,0.026751977120026353,3.229151434015065,1981,2969,10.65
baseline,port5,0.3,50,100,0.15,17,-0.0022360485160508757,0.00350107,0.026751977120026353,3.229151434015065,2052,2898,9.177
baseline,port5,0.3,50,100,0.15,15,-0.002235480695964498,0.00350062,0.026767723352046083,3.2655880967835023,1975,2975,10.07
baseline,port5,0.3,50,100,0.15,14,-0.002235480695964498,0.00350062,0.026767723352046083,3.2655880967835023,2366,2584,10.17
baseline,port5,0.3,50,100,0.15,13,-0.002235480695964498,0.00350062,0.026767723352046083,3.2655880967835023,2113,2837,11.374
baseline,port5,0.3,50,100,0.15,16,-0.002235480695964498,0.00350062,0.026767723352046083,3.2655880967835023,2275,2675,11.973
baseline,port5,0.3,50,100,0.15,18,-0.0022031613796136486,0.0034481540257289165,0.026491913130651357,4.2842599515068756,2125,2825,10.321
baseline,port5,0.3,50,100,0.15,19,-0.0022360485160508757,0.00350107,0.026751977120026353,3.229151434015065,2116,2834,11.095
baseline,port5,0.3,50,100,0.15,20,-0.002235480695964498,0.00350062,0.026767723352046083,3.2655880967835023,2250,2700,10.824
baseline,port5,0.3,50,100,0.15,21,-0.0022360485160508757,0.00350107,0.026751977120026353,3.229151434015065,2038,2912,11.167
baseline,port5,0.3,50,100,0.15,22,-0.002201701890365114,0.003445445660691404,0.026464446094012523,4.314391478013434,2232,2718,12.422
baseline,port5,0.3,50,100,0.15,26,-0.0022327453921541112,0.0034980600000000003,0.026826392964509716,3.4247971318552457,1889,3061,10.61
baseline,port5,0.3,50,100,0.15,28,-0.002232612176036334,0.0034953000000000002,0.026714404601492076,3.3309810330486,1787,3163,9.717
baseline,port5,0.3,50,100,0.15,25,-0.0022311263201794866,0.0034924800000000005,0.02668393273242119,3.3617984107702097,2345,2605,11.68
baseline,port5,0.3,50,100,0.15,23,-0.0022360485160508757,0.00350107,0.026751977120026353,3.229151434015065,2314,2636,12.667
baseline,port5,0.3,50,100,0.15,24,-0.0022360485160508757,0.00350107,0.026751977120026353,3.229151434015065,2626,2324,14.412
baseline,port5,0.3,50,100,0.15,27,-0.002235480695964498,0.00350062,0.026767723352046083,3.2655880967835023,2559,2391,14.908
baseline,port5,0.3,50,100,0.15,29,-0.0022360485160508757,0.00350107,0.026751977120026353,3.229151434015065,2569,2381,13.891
baseline,port5,0.3,50,100,0.15,30,-0.0022360485160508757,0.00350107,0.026751977120026353,3.229151434015065,2231,2719,13.218
baseline,port5,0.5,50,100,0.15,4,-0.0013927008600847935,0.0035010700000000002,0.026751977120026357,3.229151434015053,2035,2915,12.127
baseline,port5,0.5,50,100,0.15,3,-0.0013921048418895814,0.0034982499999999996,0.026721532819448005,3.260416918577869,2335,2615,13.827
baseline,port5,0.5,50,100,0.15,5,-0.0013927008600847935,0.0035010700000000002,0.026751977120026357,3.229151434015053,1916,3034,11.276
baseline,port5,0.5,50,100,0.15,7,-0.0013927008600847935,0.0035010700000000002,0.026751977120026357,3.229151434015053,1911,3039,10.475
baseline,port5,0.5,50,100,0.15,9,-0.0013921048418895814,0.0034982499999999996,0.026721532819448005,3.260416918577869,2125,2825,10.663
baseline,port5,0.5,50,100,0.15,8,-0.0013927008600847935,0.0035010700000000002,0.026751977120026357,3.229151434015053,2220,2730,12.361
baseline,port5,0.5,50,100,0.15,10,-0.0013927008600847935,0.0035010700000000002,0.026751977120026357,3.229151434015053,2213,2737,12.849
baseline,port5,0.5,50,100,0.15,6,-0.0013908202933938896,0.0034953,0.026714404601492072,3.3309810330486003,2419,2531,15.519
baseline,port5,0.5,50,100,0.15,11,-0.0013927008600847935,0.0035010700000000002,0.026751977120026357,3.229151434015053,2216,2734,12.318
baseline,port5,0.5,50,100,0.15,13,-0.0013927008600847935,0.0035010700000000002,0.026751977120026357,3.229151434015053,2017,2933,12.109
baseline,port5,0.5,50,100,0.15,12,-0.0013927008600847935,0.0035010700000000002,0.026751977120026357,3.229151434015053,2318,2632,13.816
baseline,port5,0.5,50,100,0.15,15,-0.0013908202933938896,0.0034953,0.026714404601492072,3.3309810330486003,1958,2992,10.447
baseline,port5,0.5,50,100,0.15,14,-0.0013908671338784544,0.003492929999999999,0.026668253265691978,3.3248810203608317,2371,2579,13.335
baseline,port5,0.5,50,100,0.15,16,-0.0013921048418895814,0.0034982499999999996,0.026721532819448005,3.260416918577869,2028,2922,11.643
baseline,port5,0.5,50,100,0.15,17,-0.0013927008600847935,0.0035010700000000002,0.026751977120026357,3.229151434015053,2263,2687,13.097
baseline,port5,0.5,50,100,0.15,19,-0.0013927008600847935,0.0035010700000000002,0.026751977120026357,3.229151434015053,1922,3028,11.352
baseline,port5,0.5,50,100,0.15,18,-0.0013927008600847935,0.0035010700000000002,0.026751977120026357,3.229151434015053,2329,2621,13.058
baseline,port5,0.5,50,100,0.15,21,-0.0013927008600847935,0.0035010700000000002,0.026751977120026357,3.229151434015053,2074,2876,10.852
baseline,port5,0.5,50,100,0.15,23,-0.0013908671338784544,0.003492929999999999,0.026668253265691978,3.3248810203608317,1979,2971,9.847
baseline,port5,0.5,50,100,0.15,22,-0.0013883403863010645,0.0034880099999999997,0.026670756033488643,3.4649542505257562,1880,3070,12.157
baseline,port5,0.5,50,100,0.15,20,-0.0013927008600847935,0.0035010700000000002,0.026751977120026357,3.229151434015053,2305,2645,15.387
baseline,port5,0.5,50,100,0.15,25,-0.0013921048418895814,0.0034982499999999996,0.026721532819448005,3.260416918577869,1888,3062,12.621
baseline,port5,0.5,50,100,0.15,24,-0.0013927008600847935,0.0035010700000000002,0.026751977120026357,3.229151434015053,2152,2798,13.133
baseline,port5,0.5,50,100,0.15,27,-0.0013901337755146438,0.00349212,0.02668056313068959,3.3665041904511437,1726,3224,10.735
baseline,port5,0.5,50,100,0.15,26,-0.0013908671338784544,0.003492929999999999,0.026668253265691978,3.3248810203608317,1966,2984,12.629
baseline,port5,0.5,50,100,0.15,29,-0.0013927008600847935,0.0035010700000000002,0.026751977120026357,3.229151434015053,2038,2912,11.328
baseline,port5,0.5,50,100,0.15,30,-0.0013921048418895814,0.0034982499999999996,0.026721532819448005,3.260416918577869,2156,2794,11.062
baseline,port5,0.5,50,100,0.15,28,-0.0013927008600847935,0.0035010700000000002,0.026751977120026357,3.229151434015053,2517,2433,13.727
baseline,port5,0.7,50,100,0.15,1,-0.0005660495133554657,0.00339175916663646,0.02539623809699473,3.632037383753779,2137,2813,11.966
baseline,port5,0.7,50,100,0.15,2,-0.0005660495133554657,0.00339175916663646,0.02539623809699473,3.632037383753779,2148,2802,12.09
baseline,port5,0.7,50,100,0.15,5,-0.0005657655573206308,0.0033982252465844147,0.025458706527986333,3.604122809610268,1959,2991,10.796
baseline,port5,0.7,50,100,0.15,4,-0.0005660495133554657,0.00339175916663646,0.02539623809699473,3.632037383753779,2102,2848,12.179
baseline,port5,0.7,50,100,0.15,3,-0.0005557609236616723,0.00341360368243951,0.02586559162478714,4.090294885678183,2264,2686,14.709
baseline,port5,0.7,50,100,0.15,9,-0.0005660495133554657,0.00339175916663646,0.02539623809699473,3.632037383753779,2046,2904,11.0
baseline,port5,0.7,50,100,0.15,8,-0.0005657454530780918,0.003382109766829243,0.025323266460783256,3.7188387403728824,2390,2560,14.016
baseline,port5,0.7,50,100,0.15,7,-0.0005658300641984568,0.0033936357024105307,0.02541823435827973,3.634043546383403,2384,2566,15.119
baseline,port5,0.7,50,100,0.15,12,-0.000561283110383338,0.0033561269279584233,0.025229092277544215,4.207377535580687,2061,2889,12.059
baseline,port5,0.7,50,100,0.15,11,-0.0005660495133554657,0.00339175916663646,0.02539623809699473,3.632037383753779,2058,2892,12.804
baseline,port5,0.7,50,100,0.15,6,-0.0005658300641984568,0.0033936357024105307,0.02541823435827973,3.634043546383403,2379,2571,16.266
baseline,port5,0.7,50,100,0.15,10,-0.0005660495133554657,0.00339175916663646,0.02539623809699473,3.632037383753779,2078,2872,16.928
baseline,port5,0.7,50,100,0.15,13,-0.0005652268694620278,0.003397784280191478,0.025470106135720743,3.644575533589489,2208,2742,15.484
baseline,port5,0.7,50,100,0.15,15,-0.0005658300641984568,0.0033936357024105307,0.02541823435827973,3.634043546383403,1990,2960,13.093
baseline,port5,0.7,50,100,0.15,14,-0.0005651502547282833,0.00338624205995423,0.025374969760938663,3.7348324406847033,2400,2550,16.047
baseline,port5,0.7,50,100,0.15,16,-0.0005656603963216619,0.003385819903531825,0.025357038322380905,3.7008874742159823,1938,3012,14.284
baseline,port5,0.7,50,100,0.15,18,-0.0005660495133554657,0.00339175916663646,0.02539623809699473,3.632037383753779,2021,2929,11.969
baseline,port5,0.7,50,100,0.15,17,-0.000564389598653911,0.0033984272728763342,0.02549897990141648,3.69643571753983,2045,2905,14.012
baseline,port5,0.7,50,100,0.15,19,-0.0005660495133554657,0.00339175916663646,0.02539623809699473,3.632037383753779,1965,2985,12.718
baseline,port5,0.7,50,100,0.15,21,-0.0005660495133554657,0.00339175916663646,0.02539623809699473,3.632037383753779,1926,3024,11.64
baseline,port5,0.7,50,100,0.15,20,-0.0005660495133554657,0.00339175916663646,0.02539623809699473,3.632037383753779,2329,2621,12.762
baseline,port5,0.7,50,100,0.15,23,-0.0005660495133554657,0.00339175916663646,0.02539623809699473,3.632037383753779,2252,2698,12.384
baseline,port5,0.7,50,100,0.15,22,-0.0005658300641984568,0.0033936357024105307,0.02541823435827973,3.634043546383403,1922,3028,13.753
baseline,port5,0.7,50,100,0.15,26,-0.0005299840634911035,0.003207942862464087,0.024853823944016657,5.747821952434226,1749,3201,10.213
baseline,port5,0.7,50,100,0.15,24,-0.0005660495133554657,0.00339175916663646,0.02539623809699473,3.632037383753779,2161,2789,12.141
baseline,port5,0.7,50,100,0.15,25,-0.0005660495133554657,0.00339175916663646,0.02539623809699473,3.632037383753779,2191,2759,12.73
baseline,port5,0.7,50,100,0.15,27,-0.0005660495133554657,0.00339175916663646,0.02539623809699473,3.632037383753779,1945,3005,12.216
baseline,port5,0.7,50,100,0.15,29,-0.0005660495133554657,0.00339175916663646,0.02539623809699473,3.632037383753779,2148,2802,12.083
baseline,port5,0.7,50,100,0.15,28,-0.0005646133847318443,0.0033965333650070586,0.025476785645262956,3.6963431437614767,2705,2245,14.66
baseline,port5,0.9,50,100,0.15,3,0.00016158400586650784,0.002093767933058759,0.02030218376793721,1.698449716056126,1758,3192,10.231
baseline,port5,0.7,50,100,0.15,30,-0.0005643410370901718,0.0033869026501998833,0.025403311313116905,3.7878539885070093,2443,2507,14.609
baseline,port5,0.9,50,100,0.15,1,0.00015600792962490445,0.002155670856778801,0.020318984426250367,1.0208961095237223,2188,2762,13.463
baseline,port5,0.9,50,100,0.15,5,0.00015600792962490445,0.002155670856778801,0.020318984426250367,1.0208961095237223,2085,2865,12.084
baseline,port5,0.9,50,100,0.15,2,0.00015600792962490445,0.002155670856778801,0.020318984426250367,1.0208961095237223,2200,2750,14.896
baseline,port5,0.9,50,100,0.15,7,0.00016257855814106684,0.0021078436817339634,0.02036781028743539,1.8546160509996823,1806,3144,10.648
baseline,port5,0.9,50,100,0.15,4,0.00015600792962490445,0.002155670856778801,0.020318984426250367,1.0208961095237223,2776,2174,16.111
baseline,port5,0.9,50,100,0.15,8,0.00015706333310954468,0.0021906705005465604,0.020443156506768295,1.1997816045485867,2013,2937,13.5
baseline,port5,0.9,50,100,0.15,6,0.00016008698669779211,0.002202339094995149,0.020556720885213264,1.6138382017385042,2418,2532,15.727
baseline,port5,0.9,50,100,0.15,9,0.00015600792962490445,0.002155670856778801,0.020318984426250367,1.0208961095237223,1908,3042,13.97
baseline,port5,0.9,50,100,0.15,12,0.00015600792962490445,0.002155670856778801,0.020318984426250367,1.0208961095237223,2105,2845,11.867
baseline,port5,0.9,50,100,0.15,10,0.00015600792962490445,0.002155670856778801,0.020318984426250367,1.0208961095237223,2480,2470,14.887
baseline,port5,0.9,50,100,0.15,11,0.0001619110619091042,0.0020772311846812834,0.020265849226311528,1.7173655125575638,2116,2834,13.283
baseline,port5,0.9,50,100,0.15,13,0.00015697750654269598,0.0021484443668962155,0.020325734734084097,1.1440090782431822,2139,2811,15.252
baseline,port5,0.9,50,100,0.15,14,0.00015703682145404218,0.002196211625484234,0.02045748936487199,1.2008167606124243,2180,2770,15.183
baseline,port5,0.9,50,100,0.15,15,0.00015688479978740472,0.0021703548400182197,0.020383007187067113,1.1562708247404487,2169,2781,13.995
baseline,port5,0.9,50,100,0.15,16,0.00016105300659921654,0.002330530260438805,0.020925954980016166,1.7419648240468408,2194,2756,14.582
baseline,port5,0.9,50,100,0.15,18,0.00016217555378511875,0.0020552434700373623,0.020212754520869982,1.7159046649362262,2238,2712,13.575
baseline,port5,0.9,50,100,0.15,17,0.00015882206087046655,0.0021634517160833465,0.020416965507440158,1.4110131329013795,2446,2504,18.175
baseline,port5,0.9,50,100,0.15,19,0.00015688479978740472,0.0021703548400182197,0.020383007187067113,1.1562708247404487,2233,2717,15.525
baseline,port5,0.9,50,100,0.15,20,0.0001623010419924748,0.0021261408762486855,0.020410104513242763,1.8403901211264957,2741,2209,16.524
baseline,port5,0.9,50,100,0.15,25,0.00015600792962490445,0.002155670856778801,0.020318984426250367,1.0208961095237223,1872,3078,11.532
baseline,port5,0.9,50,100,0.15,22,0.00015697750654269598,0.0021484443668962155,0.020325734734084097,1.1440090782431822,2075,2875,15.029
baseline,port5,0.9,50,100,0.15,23,0.00015600792962490445,0.002155670856778801,0.020318984426250367,1.0208961095237223,2377,2573,15.663
baseline,port5,0.9,50,100,0.15,21,0.00015688479978740472,0.0021703548400182197,0.020383007187067113,1.1562708247404487,2435,2515,18.132
baseline,port5,0.9,50,100,0.15,27,0.00015882206087046655,0.0021634517160833465,0.020416965507440158,1.4110131329013795,1883,3067,12.286
baseline,port5,0.9,50,100,0.15,24,0.00015600792962490445,0.002155670856778801,0.020318984426250367,1.0208961095237223,2753,2197,17.667
baseline,port5,0.9,50,100,0.15,26,0.00015688479978740472,0.0021703548400182197,0.020383007187067113,1.1562708247404487,2465,2485,15.551
baseline,port5,0.9,50,100,0.15,29,0.00015688479978740472,0.0021703548400182197,0.020383007187067113,1.1562708247404487,2239,2711,13.191
baseline,port5,0.9,50,100,0.15,28,0.00015600792962490445,0.002155670856778801,0.020318984426250367,1.0208961095237223,2086,2864,14.46
combined_best,port5,0.1,100,50,0.02,1,-0.003078906898654833,0.00350062,0.026767723352046083,3.2655880967835023,2166,2884,9.816
baseline,port5,0.9,50,100,0.15,30,0.00015697750654269598,0.0021484443668962155,0.020325734734084097,1.1440090782431822,1937,3013,13.1
combined_best,port5,0.1,100,50,0.02,3,-0.0030725174267756906,0.0034929299999999996,0.026668253265691996,3.3248810203608428,2731,2319,12.556
combined_best,port5,0.1,100,50,0.02,4,-0.0030793961720169583,0.0035010700000000002,0.026751977120026353,3.229151434015053,2599,2451,12.79
combined_best,port5,0.1,100,50,0.02,5,-0.0030793961720169583,0.0035010700000000002,0.026751977120026353,3.229151434015053,2507,2543,11.893
combined_best,port5,0.1,100,50,0.02,7,-0.0030744040586787777,0.0034953,0.026714404601492072,3.3309810330486003,2584,2466,10.607
combined_best,port5,0.1,100,50,0.02,2,-0.0030793961720169583,0.0035010700000000002,0.026751977120026353,3.229151434015053,3215,1835,16.858
combined_best,port5,0.1,100,50,0.02,8,-0.0030793961720169583,0.0035010700000000002,0.026751977120026353,3.229151434015053,2666,2384,11.935
combined_best,port5,0.1,100,50,0.02,6,-0.0030793961720169583,0.0035010700000000002,0.026751977120026353,3.229151434015053,3143,1907,15.029
combined_best,port5,0.1,100,50,0.02,12,-0.0030793961720169583,0.0035010700000000002,0.026751977120026353,3.229151434015053,2408,2642,11.088
combined_best,port5,0.1,100,50,0.02,9,-0.003078906898654833,0.00350062,0.026767723352046083,3.2655880967835023,2472,2578,12.934
combined_best,port5,0.1,100,50,0.02,11,-0.0030793961720169583,0.0035010700000000002,0.026751977120026353,3.229151434015053,3017,2033,14.055
combined_best,port5,0.1,100,50,0.02,10,-0.0030793961720169583,0.0035010700000000002,0.026751977120026353,3.229151434015053,3288,1762,16.444
combined_best,port5,0.1,100,50,0.02,13,-0.0030793961720169583,0.0035010700000000002,0.026751977120026353,3.229151434015053,2748,2302,14.627
combined_best,port5,0.1,100,50,0.02,14,-0.0030685280707674636,0.0034931800000000002,0.027447027021616808,4.417339355044102,2673,2377,11.926
combined_best,port5,0.1,100,50,0.02,15,-0.003078906898654833,0.00350062,0.026767723352046083,3.2655880967835023,2750,2300,13.537
combined_best,port5,0.1,100,50,0.02,16,-0.0030793961720169583,0.0035010700000000002,0.026751977120026353,3.229151434015053,2961,2089,14.4
combined_best,port5,0.1,100,50,0.02,17,-0.0030793961720169583,0.0035010700000000002,0.026751977120026353,3.229151434015053,2512,2538,13.851
combined_best,port5,0.1,100,50,0.02,18,-0.0030793961720169583,0.0035010700000000002,0.026751977120026353,3.229151434015053,2666,2384,13.372
combined_best,port5,0.1,100,50,0.02,19,-0.0030793961720169583,0.0035010700000000002,0.026751977120026353,3.229151434015053,2690,2360,13.565
combined_best,port5,0.1,100,50,0.02,20,-0.0030395155684998236,0.0034645,0.02802399534330843,5.899671391900735,2662,2388,12.514
combined_best,port5,0.1,100,50,0.02,21,-0.0030793961720169583,0.0035010700000000002,0.026751977120026353,3.229151434015053,2524,2526,12.648
combined_best,port5,0.1,100,50,0.02,22,-0.003078906898654833,0.00350062,0.026767723352046083,3.2655880967835023,2487,2563,11.362
combined_best,port5,0.1,100,50,0.02,23,-0.0030793961720169583,0.0035010700000000002,0.026751977120026353,3.229151434015053,2445,2605,11.381
combined_best,port5,0.1,100,50,0.02,24,-0.0030793961720169583,0.0035010700000000002,0.026751977120026353,3.229151434015053,2678,2372,11.281
combined_best,port5,0.1,100,50,0.02,26,-0.0030793961720169583,0.0035010700000000002,0.026751977120026353,3.229151434015053,2341,2709,9.633
combined_best,port5,0.1,100,50,0.02,25,-0.0030793961720169583,0.0035010700000000002,0.026751977120026353,3.229151434015053,2564,2486,11.057
combined_best,port5,0.1,100,50,0.02,28,-0.0030793961720169583,0.0035010700000000002,0.026751977120026353,3.229151434015053,2365,2685,9.589
combined_best,port5,0.1,100,50,0.02,27,-0.003078906898654833,0.00350062,0.026767723352046083,3.2655880967835023,2537,2513,10.724
combined_best,port5,0.1,100,50,0.02,29,-0.0030793961720169583,0.0035010700000000002,0.026751977120026353,3.229151434015053,2730,2320,12.29
combined_best,port5,0.1,100,50,0.02,30,-0.0030744040586787777,0.0034953,0.026714404601492072,3.3309810330486003,2724,2326,11.248
combined_best,port5,0.3,100,50,0.02,4,-0.002235480695964498,0.00350062,0.026767723352046083,3.2655880967835023,2574,2476,10.709
combined_best,port5,0.3,100,50,0.02,3,-0.0022360485160508757,0.00350107,0.026751977120026353,3.229151434015065,2691,2359,11.999
combined_best,port5,0.3,100,50,0.02,2,-0.0022360485160508757,0.00350107,0.026751977120026353,3.229151434015065,2987,2063,13.358
combined_best,port5,0.3,100,50,0.02,1,-0.0022360485160508757,0.00350107,0.026751977120026353,3.229151434015065,2781,2269,13.679
combined_best,port5,0.3,100,50,0.02,5,-0.0022360485160508757,0.00350107,0.026751977120026353,3.229151434015065,2616,2434,10.809
combined_best,port5,0.3,100,50,0.02,6,-0.002227769324193211,0.0034902400000000004,0.02679543964973572,3.594319551210276,2444,2606,10.205
combined_best,port5,0.3,100,50,0.02,7,-0.002235480695964498,0.00350062,0.026767723352046083,3.2655880967835023,2550,2500,11.195
combined_best,port5,0.3,100,50,0.02,8,-0.0022360485160508757,0.00350107,0.026751977120026353,3.229151434015065,2485,2565,12.303
combined_best,port5,0.3,100,50,0.02,10,-0.0022239290645650975,0.003486319127210079,0.026863502159495012,3.80394773173273,2411,2639,10.298
combined_best,port5,0.3,100,50,0.02,9,-0.002235480695964498,0.00350062,0.026767723352046083,3.2655880967835023,2658,2392,11.932
combined_best,port5,0.3,100,50,0.02,13,-0.0021975324617336638,0.003446871648681179,0.02678791346504126,4.781009105368828,2775,2275,12.316
combined_best,port5,0.3,100,50,0.02,12,-0.0022360485160508757,0.00350107,0.026751977120026353,3.229151434015065,2655,2395,13.852
combined_best,port5,0.3,100,50,0.02,16,-0.0022360485160508757,0.00350107,0.026751977120026353,3.229151434015065,2353,2697,11.683
combined_best,port5,0.3,100,50,0.02,11,-0.0022360485160508757,0.00350107,0.026751977120026353,3.229151434015065,2836,2214,14.869
combined_best,port5,0.3,100,50,0.02,17,-0.0022360485160508757,0.00350107,0.026751977120026353,3.229151434015065,2677,2373,12.207
combined_best,port5,0.3,100,50,0.02,14,-0.002235480695964498,0.00350062,0.026767723352046083,3.2655880967835023,2779,2271,12.965
combined_best,port5,0.3,100,50,0.02,18,-0.0022360485160508757,0.00350107,0.026751977120026353,3.229151434015065,2466,2584,11.391
combined_best,port5,0.3,100,50,0.02,15,-0.0022360485160508757,0.00350107,0.026751977120026353,3.229151434015065,2747,2303,14.567
combined_best,port5,0.3,100,50,0.02,19,-0.002235480695964498,0.00350062,0.026767723352046083,3.2655880967835023,2716,2334,13.084
combined_best,port5,0.3,100,50,0.02,21,-0.0022360485160508757,0.00350107,0.026751977120026353,3.229151434015065,2518,2532,11.779
combined_best,port5,0.3,100,50,0.02,22,-0.0022316922803270723,0.00349293,0.026668253265692003,3.3248810203608423,2387,2663,12.038
combined_best,port5,0.3,100,50,0.02,20,-0.002235480695964498,0.00350062,0.026767723352046083,3.2655880967835023,2848,2202,16.238
combined_best,port5,0.3,100,50,0.02,23,-0.0022360485160508757,0.00350107,0.026751977120026353,3.229151434015065,2441,2609,11.254
combined_best,port5,0.3,100,50,0.02,24,-0.0022327453921541112,0.0034980600000000003,0.026826392964509716,3.4247971318552457,2501,2549,10.974
combined_best,port5,0.3,100,50,0.02,25,-0.0022360485160508757,0.00350107,0.026751977120026353,3.229151434015065,2885,2165,12.868
combined_best,port5,0.3,100,50,0.02,30,-0.0022360485160508757,0.00350107,0.026751977120026353,3.229151434015065,2551,2499,11.251
combined_best,port5,0.3,100,50,0.02,28,-0.002235480695964498,0.00350062,0.026767723352046083,3.2655880967835023,2738,2312,13.041
combined_best,port5,0.3,100,50,0.02,29,-0.0022360485160508757,0.00350107,0.026751977120026353,3.229151434015065,2618,2432,12.973
combined_best,port5,0.3,100,50,0.02,26,-0.0022360485160508757,0.00350107,0.026751977120026353,3.229151434015065,2808,2242,14.4
combined_best,port5,0.3,100,50,0.02,27,-0.002235480695964498,0.00350062,0.026767723352046083,3.2655880967835023,2667,2383,14.421
combined_best,port5,0.5,100,50,0.02,3,-0.0013927008600847935,0.0035010700000000002,0.026751977120026357,3.229151434015053,2678,2372,12.785
combined_best,port5,0.5,100,50,0.02,4,-0.0013927008600847935,0.0035010700000000002,0.026751977120026357,3.229151434015053,2806,2244,13.307
combined_best,port5,0.5,100,50,0.02,5,-0.0013927008600847935,0.0035010700000000002,0.026751977120026357,3.229151434015053,2647,2403,12.198
combined_best,port5,0.5,100,50,0.02,8,-0.0013921048418895814,0.0034982499999999996,0.026721532819448005,3.260416918577869,2405,2645,12.064
combined_best,port5,0.5,100,50,0.02,9,-0.0013921048418895814,0.0034982499999999996,0.026721532819448005,3.260416918577869,2198,2852,10.017
combined_best,port5,0.5,100,50,0.02,6,-0.0013927008600847935,0.0035010700000000002,0.026751977120026357,3.229151434015053,2992,2058,14.2
combined_best,port5,0.5,100,50,0.02,7,-0.0013927008600847935,0.0035010700000000002,0.026751977120026357,3.229151434015053,2705,2345,13.694
combined_best,port5,0.5,100,50,0.02,10,-0.0013921048418895814,0.0034982499999999996,0.026721532819448005,3.260416918577869,2406,2644,10.87
combined_best,port5,0.5,100,50,0.02,13,-0.0013927008600847935,0.0035010700000000002,0.026751977120026357,3.229151434015053,2486,2564,11.412
combined_best,port5,0.5,100,50,0.02,14,-0.0013921048418895814,0.0034982499999999996,0.026721532819448005,3.260416918577869,2308,2742,11.506
combined_best,port5,0.5,100,50,0.02,11,-0.0013908671338784544,0.003492929999999999,0.026668253265691978,3.3248810203608317,3242,1808,14.735
combined_best,port5,0.5,100,50,0.02,15,-0.0013927008600847935,0.0035010700000000002,0.026751977120026357,3.229151434015053,2695,2355,12.17
combined_best,port5,0.5,100,50,0.02,12,-0.0013927008600847935,0.0035010700000000002,0.026751977120026357,3.229151434015053,2864,2186,14.821
combined_best,port5,0.5,100,50,0.02,16,-0.0013920544932741633,0.0035006199999999994,0.02676772335204608,3.2655880967835023,2459,2591,11.535
combined_best,port5,0.5,100,50,0.02,17,-0.0013927008600847935,0.0035010700000000002,0.026751977120026357,3.229151434015053,3016,2034,13.633
combined_best,port5,0.5,100,50,0.02,20,-0.0013920544932741633,0.0035006199999999994,0.02676772335204608,3.2655880967835023,2372,2678,11.137
combined_best,port5,0.5,100,50,0.02,18,-0.0013921048418895814,0.0034982499999999996,0.026721532819448005,3.260416918577869,2466,2584,11.992
combined_best,port5,0.5,100,50,0.02,23,-0.00138431749034853,0.0034743499999999997,0.026565297274883642,3.6764329576866626,2651,2399,11.291
combined_best,port5,0.5,100,50,0.02,21,-0.0013882884633187424,0.00349038,0.02671709328056694,3.471201697306583,2691,2359,13.613
combined_best,port5,0.5,100,50,0.02,24,-0.0013927008600847935,0.0035010700000000002,0.026751977120026357,3.229151434015053,2391,2659,11.076
combined_best,port5,0.5,100,50,0.02,19,-0.0013921048418895814,0.0034982499999999996,0.026721532819448005,3.260416918577869,3095,1955,14.756
combined_best,port5,0.5,100,50,0.02,22,-0.0013921048418895814,0.0034982499999999996,0.026721532819448005,3.260416918577869,2885,2165,13.113
combined_best,port5,0.5,100,50,0.02,26,-0.0013927008600847935,0.0035010700000000002,0.026751977120026357,3.229151434015053,2313,2737,10.332
combined_best,port5,0.5,100,50,0.02,25,-0.0013920544932741633,0.0035006199999999994,0.02676772335204608,3.2655880967835023,2551,2499,11.118
combined_best,port5,0.5,100,50,0.02,28,-0.0013927008600847935,0.0035010700000000002,0.026751977120026357,3.229151434015053,2395,2655,11.028
combined_best,port5,0.5,100,50,0.02,27,-0.0013927008600847935,0.0035010700000000002,0.026751977120026357,3.229151434015053,2715,2335,13.491
combined_best,port5,0.5,100,50,0.02,29,-0.0013902238669658107,0.00349248,0.026683932732421187,3.3617984107702217,2691,2359,12.876
combined_best,port5,0.5,100,50,0.02,30,-0.0013927008600847935,0.0035010700000000002,0.026751977120026357,3.229151434015053,2466,2584,11.672
combined_best,port5,0.7,100,50,0.02,1,-0.0005660495133554657,0.00339175916663646,0.02539623809699473,3.632037383753779,2446,2604,13.407
combined_best,port5,0.7,100,50,0.02,4,-0.0005660495133554657,0.00339175916663646,0.02539623809699473,3.632037383753779,2566,2484,12.214
combined_best,port5,0.7,100,50,0.02,8,-0.0005658300641984568,0.0033936357024105307,0.02541823435827973,3.634043546383403,2512,2538,12.225
combined_best,port5,0.7,100,50,0.02,2,-0.0005658300641984568,0.0033936357024105307,0.02541823435827973,3.634043546383403,3070,1980,14.633
combined_best,port5,0.7,100,50,0.02,7,-0.0005658300641984568,0.0033936357024105307,0.02541823435827973,3.634043546383403,2630,2420,13.343
combined_best,port5,0.7,100,50,0.02,6,-0.0005657655573206308,0.0033982252465844147,0.025458706527986333,3.604122809610268,2859,2191,15.022
combined_best,port5,0.7,100,50,0.02,9,-0.0005660495133554657,0.00339175916663646,0.02539623809699473,3.632037383753779,2513,2537,12.314
combined_best,port5,0.7,100,50,0.02,5,-0.0005657655573206308,0.0033982252465844147,0.025458706527986333,3.604122809610268,2689,2361,15.455
combined_best,port5,0.7,100,50,0.02,3,-0.0005660495133554657,0.00339175916663646,0.02539623809699473,3.632037383753779,3127,1923,17.336
combined_best,port5,0.7,100,50,0.02,10,-0.0005660495133554657,0.00339175916663646,0.02539623809699473,3.632037383753779,2866,2184,15.114
combined_best,port5,0.7,100,50,0.02,11,-0.0005657655573206308,0.0033982252465844147,0.025458706527986333,3.604122809610268,2323,2727,13.064
combined_best,port5,0.7,100,50,0.02,12,-0.0005660495133554657,0.00339175916663646,0.02539623809699473,3.632037383753779,2788,2262,14.519
combined_best,port5,0.7,100,50,0.02,13,-0.0005658300641984568,0.0033936357024105307,0.02541823435827973,3.634043546383403,2672,2378,15.534
combined_best,port5,0.7,100,50,0.02,15,-0.0005649360898382465,0.003388123227739971,0.025396874905719766,3.7369493023989526,2512,2538,12.624
combined_best,port5,0.7,100,50,0.02,16,-0.0005660495133554657,0.00339175916663646,0.02539623809699473,3.632037383753779,2573,2477,12.749
combined_best,port5,0.7,100,50,0.02,14,-0.0005660495133554657,0.00339175916663646,0.02539623809699473,3.632037383753779,3205,1845,16.29
combined_best,port5,0.7,100,50,0.02,18,-0.0005652268694620278,0.003397784280191478,0.025470106135720743,3.644575533589489,2601,2449,13.291
combined_best,port5,0.7,100,50,0.02,20,-0.0005660495133554657,0.00339175916663646,0.02539623809699473,3.632037383753779,2659,2391,13.565
combined_best,port5,0.7,100,50,0.02,19,-0.0005657655573206308,0.0033982252465844147,0.025458706527986333,3.604122809610268,2590,2460,14.332
combined_best,port5,0.7,100,50,0.02,21,-0.0005660495133554657,0.00339175916663646,0.02539623809699473,3.632037383753779,2691,2359,13.545
combined_best,port5,0.7,100,50,0.02,17,-0.0005660495133554657,0.00339175916663646,0.02539623809699473,3.632037383753779,3124,1926,16.924
combined_best,port5,0.7,100,50,0.02,22,-0.0005660495133554657,0.00339175916663646,0.02539623809699473,3.632037383753779,2934,2116,13.968
combined_best,port5,0.7,100,50,0.02,23,-0.0005660495133554657,0.00339175916663646,0.02539623809699473,3.632037383753779,2425,2625,14.053
combined_best,port5,0.7,100,50,0.02,24,-0.0005658300641984568,0.0033936357024105307,0.02541823435827973,3.634043546383403,2698,2352,13.731
combined_best,port5,0.7,100,50,0.02,25,-0.0005660495133554657,0.00339175916663646,0.02539623809699473,3.632037383753779,2515,2535,13.32
combined_best,port5,0.7,100,50,0.02,27,-0.0005660495133554657,0.00339175916663646,0.02539623809699473,3.632037383753779,2529,2521,12.0
combined_best,port5,0.7,100,50,0.02,28,-0.0005660495133554657,0.00339175916663646,0.02539623809699473,3.632037383753779,2251,2799,12.225
combined_best,port5,0.7,100,50,0.02,26,-0.0005658300641984568,0.0033936357024105307,0.02541823435827973,3.634043546383403,2783,2267,13.941
combined_best,port5,0.7,100,50,0.02,30,-0.0005658300641984568,0.0033936357024105307,0.02541823435827973,3.634043546383403,2700,2350,13.499
combined_best,port5,0.9,100,50,0.02,2,0.00015600792962490445,0.002155670856778801,0.020318984426250367,1.0208961095237223,2276,2774,13.437
combined_best,port5,0.9,100,50,0.02,1,0.00015706333310954468,0.0021906705005465604,0.020443156506768295,1.1997816045485867,2916,2134,16.127
combined_best,port5,0.7,100,50,0.02,29,-0.0005657655573206308,0.0033982252465844147,0.025458706527986333,3.604122809610268,3428,1622,17.959
combined_best,port5,0.9,100,50,0.02,3,0.00015600792962490445,0.002155670856778801,0.020318984426250367,1.0208961095237223,2372,2678,14.638
combined_best,port5,0.9,100,50,0.02,4,0.00015688479978740472,0.0021703548400182197,0.020383007187067113,1.1562708247404487,2584,2466,14.478
combined_best,port5,0.9,100,50,0.02,5,0.00015600792962490445,0.002155670856778801,0.020318984426250367,1.0208961095237223,2370,2680,13.926
combined_best,port5,0.9,100,50,0.02,8,0.00015600792962490445,0.002155670856778801,0.020318984426250367,1.0208961095237223,2380,2670,12.695
combined_best,port5,0.9,100,50,0.02,6,0.00016189926802544848,0.0020898969500709515,0.020300217925281916,1.7357970074888627,2697,2353,15.415
combined_best,port5,0.9,100,50,0.02,10,0.00015688479978740472,0.0021703548400182197,0.020383007187067113,1.1562708247404487,2689,2361,14.481
combined_best,port5,0.9,100,50,0.02,9,0.00015600792962490445,0.002155670856778801,0.020318984426250367,1.0208961095237223,2550,2500,15.212
combined_best,port5,0.9,100,50,0.02,7,0.00015688479978740472,0.0021703548400182197,0.020383007187067113,1.1562708247404487,3024,2026,19.13
combined_best,port5,0.9,100,50,0.02,11,0.00015600792962490445,0.002155670856778801,0.020318984426250367,1.0208961095237223,2664,2386,16.58
combined_best,port5,0.9,100,50,0.02,13,0.0001595991909669667,0.0021538638571562104,0.02041202196644004,1.5059569473713386,2534,2516,13.784
combined_best,port5,0.9,100,50,0.02,16,0.00015688479978740472,0.0021703548400182197,0.020383007187067113,1.1562708247404487,2243,2807,12.374
combined_best,port5,0.9,100,50,0.02,12,0.00015600792962490445,0.002155670856778801,0.020318984426250367,1.0208961095237223,3065,1985,18.461
combined_best,port5,0.9,100,50,0.02,15,0.00015600792962490445,0.002155670856778801,0.020318984426250367,1.0208961095237223,3029,2021,16.882
combined_best,port5,0.9,100,50,0.02,14,0.00015600792962490445,0.002155670856778801,0.020318984426250367,1.0208961095237223,2988,2062,17.662
combined_best,port5,0.9,100,50,0.02,18,0.00015600792962490445,0.002155670856778801,0.020318984426250367,1.0208961095237223,2303,2747,12.362
combined_best,port5,0.9,100,50,0.02,19,0.00015703682145404218,0.002196211625484234,0.02045748936487199,1.2008167606124243,2602,2448,13.902
combined_best,port5,0.9,100,50,0.02,17,0.00015600792962490445,0.002155670856778801,0.020318984426250367,1.0208961095237223,3308,1742,20.832
combined_best,port5,0.9,100,50,0.02,21,0.00016579190841443445,0.0021094847683535835,0.02045972697900256,2.294016610828461,2807,2243,16.545
combined_best,port5,0.9,100,50,0.02,20,0.00015600792962490445,0.002155670856778801,0.020318984426250367,1.0208961095237223,2957,2093,17.416
combined_best,port5,0.9,100,50,0.02,22,0.00015600792962490445,0.002155670856778801,0.020318984426250367,1.0208961095237223,2669,2381,15.03
combined_best,port5,0.9,100,50,0.02,24,0.00015600792962490445,0.002155670856778801,0.020318984426250367,1.0208961095237223,2580,2470,13.983
pop_only,port5,0.1,100,15,0.15,1,-0.0029108090702044303,0.0033082999999999993,0.025818778010504185,6.953089175866457,1305,280,4.96
combined_best,port5,0.9,100,50,0.02,23,0.00015688479978740472,0.0021703548400182197,0.020383007187067113,1.1562708247404487,2955,2095,15.783
pop_only,port5,0.1,100,15,0.15,2,-0.002899786668761511,0.0032965899999999994,0.02591222322350765,7.471576656224994,1296,289,4.804
pop_only,port5,0.1,100,15,0.15,3,-0.003010040182225521,0.003426929999999999,0.027239092821619116,5.961668796536543,1301,284,4.924
combined_best,port5,0.9,100,50,0.02,26,0.00015688479978740472,0.0021703548400182197,0.020383007187067113,1.1562708247404487,2750,2300,15.46
pop_only,port5,0.1,100,15,0.15,4,-0.0029883218056367474,0.0034066799999999996,0.02787296079774311,7.297438819725457,1282,303,5.414
combined_best,port5,0.9,100,50,0.02,27,0.00015600792962490445,0.002155670856778801,0.020318984426250367,1.0208961095237223,2696,2354,15.246
pop_only,port5,0.1,100,15,0.15,5,-0.0030161929355987673,0.0034347799999999993,0.027406032985682553,5.963209457488894,1325,260,5.293
combined_best,port5,0.9,100,50,0.02,25,0.00015600792962490445,0.002155670856778801,0.020318984426250367,1.0208961095237223,3333,1717,18.433
combined_best,port5,0.9,100,50,0.02,28,0.00015600792962490445,0.002155670856778801,0.020318984426250367,1.0208961095237223,2616,2434,15.56
pop_only,port5,0.1,100,15,0.15,7,-0.002911754286908647,0.0033195299999999994,0.027535924370057595,9.276650996579702,1341,244,5.177
pop_only,port5,0.1,100,15,0.15,6,-0.0029330552912801037,0.0033532999999999996,0.029140128469156736,10.064729169218218,1321,264,5.749
combined_best,port5,0.9,100,50,0.02,30,0.00015688479978740472,0.0021703548400182197,0.020383007187067113,1.1562708247404487,2839,2211,15.619
combined_best,port5,0.9,100,50,0.02,29,0.00015600792962490445,0.002155670856778801,0.020318984426250367,1.0208961095237223,2873,2177,17.274
pop_only,port5,0.1,100,15,0.15,8,-0.002854496237031264,0.0032591599999999997,0.028062031816804802,11.517941546904641,1321,264,5.162
pop_only,port5,0.1,100,15,0.15,10,-0.002848860264479068,0.00324334,0.02648504021536143,9.958992063058584,1288,297,4.827
pop_only,port5,0.1,100,15,0.15,9,-0.0029438635901211097,0.0033679899999999995,0.02955121146059661,10.052960082872834,1310,275,5.238
pop_only,port5,0.1,100,15,0.15,13,-0.0028268623111037867,0.00321102,0.025110891839242568,6.782598654338534,1291,294,5.105
pop_only,port5,0.1,100,15,0.15,14,-0.0028415120516289256,0.003239680000000001,0.02723966746696362,11.100709246884502,1330,255,5.116
pop_only,port5,0.1,100,15,0.15,11,-0.002917305892405528,0.0033286799999999997,0.028018941378016218,9.583140968310287,1299,286,6.123
pop_only,port5,0.1,100,15,0.15,12,-0.0029849063356855213,0.00340085,0.02754245165457847,7.06220614996147,1310,275,6.126
pop_only,port5,0.1,100,15,0.15,15,-0.002954827888991174,0.0033592099999999996,0.02616507424197874,6.199755363624074,1315,270,5.23
pop_only,port5,0.1,100,15,0.15,16,-0.0030164376524618574,0.00343215,0.026925331481365774,5.387587517520571,1299,286,4.972
pop_only,port5,0.1,100,15,0.15,17,-0.0029514770032226796,0.003364979999999999,0.027749774193193046,8.289671966816336,1333,252,5.924
pop_only,port5,0.1,100,15,0.15,18,-0.002877201060768952,0.00328791,0.028621310108212603,11.318108769472696,1324,261,4.985
pop_only,port5,0.1,100,15,0.15,19,-0.002946010905309231,0.0033533,0.02682519239274329,7.419635451547176,1352,233,5.643
pop_only,port5,0.1,100,15,0.15,20,-0.0029385184686156114,0.0033489199999999996,0.02747899768630372,8.403997398835791,1301,284,4.948
pop_only,port5,0.1,100,15,0.15,21,-0.0029893953753848583,0.0034045899999999994,0.027337817143133707,6.7028295071823125,1314,271,4.839
pop_only,port5,0.1,100,15,0.15,22,-0.002928390799628799,0.0033412799999999994,0.02806442594659674,9.29112159357091,1319,266,5.025
pop_only,port5,0.1,100,15,0.15,23,-0.0030000920544611368,0.00342076,0.028034255035378278,7.099342058250953,1319,266,5.073
pop_only,port5,0.1,100,15,0.15,24,-0.002956009101250224,0.00336148,0.02632924206082961,6.423309273758035,1312,273,5.187
pop_only,port5,0.1,100,15,0.15,27,-0.003028316424621051,0.0034447,0.026816706617135144,4.883653768110566,1329,256,5.141
pop_only,port5,0.1,100,15,0.15,28,-0.0029477170754344654,0.00335853,0.02737881015777254,8.016717844002375,1333,252,5.079
pop_only,port5,0.1,100,15,0.15,26,-0.003000471560245495,0.0034120699999999997,0.026531385141847563,5.349296768290941,1285,300,5.481
pop_only,port5,0.1,100,15,0.15,25,-0.002874024465225522,0.0032727999999999998,0.026738648951373293,9.519521415238671,1319,266,5.736
pop_only,port5,0.1,100,15,0.15,30,-0.002926237855952466,0.0033327999999999986,0.027070674917248214,8.324113605908964,1320,265,5.104
pop_only,port5,0.1,100,15,0.15,29,-0.002915125231617679,0.0033274199999999993,0.028205100315779903,9.8198269264252,1326,259,5.876
pop_only,port5,0.3,100,15,0.15,2,-0.002048227959914076,0.0032210399999999997,0.026236109981342137,10.179157424734948,1305,280,5.097
pop_only,port5,0.3,100,15,0.15,3,-0.002178579431353999,0.0034182099999999997,0.026718755500334753,5.46962319060834,1303,282,5.159
pop_only,port5,0.3,100,15,0.15,1,-0.00216509626649657,0.0033946193060414988,0.026529056254886437,5.8296941014461785,1356,229,5.881
pop_only,port5,0.3,100,15,0.15,4,-0.0021935910005460376,0.0034393099999999992,0.02670368260833211,4.86318197290679,1310,275,5.154
pop_only,port5,0.3,100,15,0.15,5,-0.0021878375171084643,0.0034286299999999994,0.026595957267445458,4.992360056962974,1322,263,5.265
pop_only,port5,0.3,100,15,0.15,6,-0.0021040295043352262,0.003314186262545345,0.026826658348647347,8.501600706494392,1301,284,5.259
pop_only,port5,0.3,100,15,0.15,7,-0.0021746625339709464,0.003419,0.026996139602361302,5.849873854796484,1304,281,5.25
pop_only,port5,0.3,100,15,0.15,8,-0.002116004215072254,0.0033519700000000006,0.02771129642869769,8.599257440221654,1322,263,5.25
pop_only,port5,0.3,100,15,0.15,11,-0.002146397537886444,0.0033605899999999992,0.02620530875691383,6.233312137402369,1334,251,5.298
pop_only,port5,0.3,100,15,0.15,10,-0.002174181566776411,0.003397440958842271,0.02607854190793514,4.970738406472391,1282,303,6.499
pop_only,port5,0.3,100,15,0.15,9,-0.0020685107424548554,0.0033071299999999997,0.028663580698925495,10.841973696919224,1319,266,6.836
pop_only,port5,0.3,100,15,0.15,12,-0.0021307584794727115,0.0033482999999999994,0.02664904754566212,7.298997678231891,1317,268,5.575
pop_only,port5,0.3,100,15,0.15,13,-0.002062103295762695,0.0032420999999999995,0.026291107763989015,9.683953595096645,1329,256,5.244
pop_only,port5,0.3,100,15,0.15,14,-0.0021489533892310223,0.003352889999999999,0.025694980752991203,5.433967558077039,1298,287,5.153
pop_only,port5,0.3,100,15,0.15,15,-0.002096405341645494,0.0032806200000000006,0.025821738797281252,7.737672952213263,1314,271,6.79
pop_only,port5,0.3,100,15,0.15,18,-0.002192396760374826,0.00343004,0.026371148352266467,4.58651805875483,1336,249,5.296
pop_only,port5,0.3,100,15,0.15,16,-0.0021242712988374718,0.0033481099999999996,0.027043526715434633,7.866438108209698,1311,274,7.141
pop_only,port5,0.3,100,15,0.15,17,-0.0021557618399423,0.0033602699999999994,0.025588223857711,4.986353774475643,1343,242,6.089
pop_only,port5,0.3,100,15,0.15,20,-0.0020333142571861335,0.0032565599999999995,0.02865180289928636,12.193728849888032,1310,275,5.338
pop_only,port5,0.3,100,15,0.15,19,-0.0020547261888768332,0.0032880899999999996,0.028690115087672413,11.381545542163506,1322,263,5.453
pop_only,port5,0.3,100,15,0.15,21,-0.0021688073264044486,0.0034195599999999994,0.02737910843420282,6.345613038146372,1314,271,5.354
pop_only,port5,0.3,100,15,0.15,25,-0.002157644324525591,0.003374389999999998,0.02610419349928331,5.663689540160504,1323,262,5.413
pop_only,port5,0.3,100,15,0.15,22,-0.0021233940542574937,0.0033621799999999998,0.027696687271375153,8.303633829840916,1342,243,6.389
pop_only,port5,0.3,100,15,0.15,24,-0.0021784355731597725,0.0034058199999999995,0.026181318202121842,4.927859216045908,1343,242,5.745
pop_only,port5,0.3,100,15,0.15,26,-0.0020924375480516726,0.0032754,0.025841984698569326,7.925648104533296,1278,307,5.36
pop_only,port5,0.3,100,15,0.15,23,-0.0021445620824986225,0.0033749199999999996,0.02694945376696755,6.9989652733407945,1310,275,6.45
pop_only,port5,0.3,100,15,0.15,27,-0.0020857006998398846,0.003290667286250398,0.026942308768638325,9.310960455165754,1292,293,5.54
pop_only,port5,0.3,100,15,0.15,28,-0.0021725863072373434,0.00340721,0.02661207074259449,5.610952431686396,1306,279,5.534
pop_only,port5,0.5,100,15,0.15,4,-0.0013294674616565055,0.0033379500000000006,0.02605791773505682,6.595982897739072,1308,277,5.532
pop_only,port5,0.3,100,15,0.15,29,-0.0021425032747204717,0.00335462,0.026187193134528476,6.367629427626204,1318,267,6.092
pop_only,port5,0.3,100,15,0.15,30,-0.0021482322883910813,0.0033689399999999995,0.026459132740191234,6.430480872069414,1319,266,6.34
pop_only,port5,0.5,100,15,0.15,3,-0.0013574443137339349,0.003374669999999999,0.02568620977357559,4.800299491053356,1313,272,6.215
pop_only,port5,0.5,100,15,0.15,5,-0.0013616703358055391,0.0033841999999999995,0.02570718437302929,4.577823284805025,1295,290,5.592
pop_only,port5,0.5,100,15,0.15,6,-0.0012961213296633239,0.0033363900000000003,0.027279064145849144,8.49733281235595,1339,246,5.925
pop_only,port5,0.5,100,15,0.15,10,-0.001379935290407963,0.0034700399999999993,0.026649004093663112,3.9284371446400836,1312,273,6.095
pop_only,port5,0.5,100,15,0.15,8,-0.0012468996137311363,0.00312471,0.025117937266776656,8.419356063002647,1315,270,6.328
pop_only,port5,0.5,100,15,0.15,9,-0.0013858922965201707,0.003481099999999999,0.026632975931346062,3.5970460319734605,1316,269,7.412
pop_only,port5,0.5,100,15,0.15,11,-0.0013192009750674282,0.0033177499999999995,0.026064306049943933,7.173167263472689,1322,263,6.279
pop_only,port5,0.5,100,15,0.15,7,-0.0012386710549524378,0.0033194999999999995,0.029019956755569502,10.857130702092288,1326,259,8.777
pop_only,port5,0.5,100,15,0.15,12,-0.0013271647340723563,0.0033908199999999993,0.027138359048683964,6.819396174372647,1319,266,7.013
pop_only,port5,0.5,100,15,0.15,16,-0.0013034559828168921,0.0033838099999999992,0.027872890671156014,7.919696707563379,1319,266,6.778
pop_only,port5,0.5,100,15,0.15,14,-0.001252791961677522,0.0031965599999999993,0.026286423808592824,10.944940885816122,1321,264,7.404
pop_only,port5,0.5,100,15,0.15,13,-0.0013349156140348639,0.0033523499999999996,0.02612506022826115,6.318360800516841,1307,278,7.602
pop_only,port5,0.5,100,15,0.15,15,-0.0013067039928056083,0.0033205199999999995,0.026591577884525448,7.981461061406349,1329,256,7.172
pop_only,port5,0.5,100,15,0.15,17,-0.0013383290007844915,0.0033681499999999986,0.026296235442188592,6.1813477243485115,1319,266,6.406
pop_only,port5,0.5,100,15,0.15,19,-0.001199061845528542,0.00316327,0.027661278150926363,13.689057274948798,1314,271,6.288
pop_only,port5,0.5,100,15,0.15,18,-0.0013668974955019513,0.00344036,0.026581290581837762,4.644139080705315,1320,265,7.073
pop_only,port5,0.5,100,15,0.15,21,-0.0013163063166431693,0.0033764299999999997,0.027273015357925874,7.3914183294099605,1319,266,6.504
pop_only,port5,0.5,100,15,0.15,22,-0.0012070342664991843,0.00315798,0.027274740457090173,13.385134300979795,1310,275,6.188
pop_only,port5,0.5,100,15,0.15,23,-0.0013448096747479535,0.0033604999999999998,0.025901363873435175,5.655692067138543,1315,270,6.388
pop_only,port5,0.5,100,15,0.15,20,-0.0013540523734087606,0.00336391,0.02560869487464129,4.930238373878947,1316,269,9.118
pop_only,port5,0.5,100,15,0.15,29,-0.0012799585946414412,0.0031924199999999996,0.025149608559918317,7.302576906651717,1309,276,5.903
pop_only,port5,0.5,100,15,0.15,26,-0.0013195634464355042,0.003329509999999999,0.026275142380755817,7.221742574239234,1318,267,6.339
pop_only,port5,0.5,100,15,0.15,25,-0.0013695947733577264,0.003403819999999999,0.025780427717253765,4.184527233831946,1306,279,6.551
pop_only,port5,0.5,100,15,0.15,28,-0.0013685514733689185,0.0034481200000000003,0.02666490302367822,4.55994187889398,1326,259,6.344
pop_only,port5,0.5,100,15,0.15,24,-0.0013145610838178202,0.003347509999999999,0.026802757924593478,7.547256550321793,1300,285,9.949
pop_only,port5,0.5,100,15,0.15,27,-0.0013037631570794906,0.00329869,0.02628999212325897,8.105634901039243,1319,266,8.865
pop_only,port5,0.7,100,15,0.15,1,-0.0005445411644789902,0.0033661004361032936,0.02578174787247749,5.24911631027069,1321,264,6.7
pop_only,port5,0.5,100,15,0.15,30,-0.0012723938777436004,0.0033216464916672513,0.02787218570869622,9.610496617335032,1282,303,8.311
pop_only,port5,0.7,100,15,0.15,3,-0.0005386273454143747,0.0032320371432040893,0.024813124336782864,5.115122916085243,1336,249,6.729
pop_only,port5,0.7,100,15,0.15,5,-0.0005480092428098288,0.00341748457650476,0.026110647257436663,4.47113909489996,1307,278,6.411
pop_only,port5,0.7,100,15,0.15,2,-0.0005412293419999974,0.00330163387076156,0.02533379502416459,5.928042882462793,1319,266,8.911
pop_only,port5,0.7,100,15,0.15,4,-0.0005353357738610414,0.003365734295097184,0.026032521272661844,5.769811581198921,1285,300,8.201
pop_only,port5,0.7,100,15,0.15,9,-0.0005500944956956199,0.003325893646280481,0.02528900377037207,5.230155632862169,1311,274,6.458
pop_only,port5,0.7,100,15,0.15,8,-0.0005000807648695549,0.0032425898113381266,0.025986155064679106,9.130238134868046,1301,284,6.773
pop_only,port5,0.7,100,15,0.15,6,-0.0005443162047415557,0.003352798956277711,0.025677212858924374,5.39750572820858,1302,283,7.326
pop_only,port5,0.7,100,15,0.15,10,-0.0005186391007937774,0.0033003925037157983,0.0259526670889515,7.444996005741049,1311,274,6.455
pop_only,port5,0.7,100,15,0.15,11,-0.0005303444500474724,0.0032534599999999997,0.025233015502724877,6.472593847930393,1333,252,7.237
pop_only,port5,0.7,100,15,0.15,7,-0.0005238751227382814,0.003292192760802412,0.025739982947670083,7.241867596599645,1325,260,10.451
pop_only,port5,0.7,100,15,0.15,13,-0.0005506801735926541,0.003305737876640258,0.025100972929334362,4.871583539411386,1307,278,6.361
pop_only,port5,0.7,100,15,0.15,12,-0.0005182201935876238,0.0032287021508816726,0.02536562498672108,7.521103041848694,1315,270,8.187
pop_only,port5,0.7,100,15,0.15,14,-0.000517905039655809,0.003171595383090727,0.024887563597433535,6.572955111772333,1292,293,7.352
pop_only,port5,0.7,100,15,0.15,15,-0.0005308476736891755,0.00324625,0.0251574279377689,6.295594908251266,1306,279,7.15
pop_only,port5,0.7,100,15,0.15,16,-0.0005069856515537558,0.0032715699999999993,0.026035287823760727,8.41128803242977,1314,271,6.516
pop_only,port5,0.7,100,15,0.15,19,-0.0005075847646870182,0.0033255599999999995,0.026459760157453698,7.636328297095219,1314,271,6.378
pop_only,port5,0.7,100,15,0.15,17,-0.0005092464991914381,0.003149168157792701,0.024942904749687047,7.222599817615929,1307,278,6.838
pop_only,port5,0.7,100,15,0.15,20,-0.0005314131721156897,0.0032674408575083386,0.02532133727953596,6.566530656954461,1315,270,6.574
pop_only,port5,0.7,100,15,0.15,18,-0.0005046689284698175,0.003321446159996315,0.02650511863042623,7.82219630755699,1311,274,8.047
pop_only,port5,0.7,100,15,0.15,21,-0.0005202095088073773,0.0033301417042728098,0.02615429498939121,6.991996502152433,1305,280,6.504
pop_only,port5,0.7,100,15,0.15,24,-0.0005501849008286306,0.003412885249596225,0.026013201979276295,4.411717724829262,1313,272,6.204
pop_only,port5,0.7,100,15,0.15,23,-0.000506292647594354,0.0031147399999999995,0.02473081803296232,6.924847538728094,1320,265,6.429
pop_only,port5,0.7,100,15,0.15,22,-0.0004929185917535649,0.0031097333456810063,0.025071367047768054,8.486965129204394,1305,280,7.509
pop_only,port5,0.7,100,15,0.15,27,-0.0005190494016377462,0.0031779400317769554,0.024909338693273265,6.548366908452633,1304,281,6.435
pop_only,port5,0.7,100,15,0.15,28,-0.0005231587715234329,0.0033568600000000006,0.026292291876315804,6.489079692405445,1301,284,6.25
pop_only,port5,0.7,100,15,0.15,25,-0.0005527248627196379,0.0033359782380475516,0.02530015834774353,4.972043114041086,1325,260,8.437
pop_only,port5,0.7,100,15,0.15,29,-0.0005525881228518158,0.003333038145158303,0.025279108276985082,5.000478376394867,1299,286,6.328
pop_only,port5,0.7,100,15,0.15,30,-0.0005406525704015774,0.0033128049544236945,0.0254443065740938,5.992590577388066,1334,251,6.147
pop_only,port5,0.7,100,15,0.15,26,-0.0005353630936592373,0.0032398262292605076,0.024973837027660848,5.644946222500013,1327,258,7.993
pop_only,port5,0.9,100,15,0.15,1,0.0001701338394127897,0.0021358000833857018,0.02064821347535261,2.9075088880950655,1312,273,7.659
pop_only,port5,0.9,100,15,0.15,2,0.00019276213809643725,0.0026044468431041944,0.022440212476882174,5.009231970696777,1318,267,7.448
pop_only,port5,0.9,100,15,0.15,3,0.00017477875590581784,0.002339001397216031,0.021309332739629493,3.4893012306821594,1342,243,8.016
pop_only,port5,0.9,100,15,0.15,4,0.00020002677626541324,0.001886553847063569,0.020781459711637466,6.60735773889022,1321,264,7.01
pop_only,port5,0.9,100,15,0.15,5,0.0001804396556213485,0.002274626212383964,0.02128907588568332,4.269215772505019,1324,261,7.159
pop_only,port5,0.9,100,15,0.15,6,0.00017510723829219265,0.002251929720271933,0.02108976082050207,3.5956390537249936,1342,243,7.394
pop_only,port5,0.9,100,15,0.15,8,0.00017656556539882582,0.002309848527448486,0.02127989186855554,3.7459837842352375,1323,262,7.076
pop_only,port5,0.9,100,15,0.15,7,0.0001762754149128685,0.002016482407324949,0.02049183185904307,3.589821307057661,1315,270,7.418
pop_only,port5,0.9,100,15,0.15,10,0.0001738065596317225,0.001992957113691062,0.02036069937133323,3.20739349280213,1285,300,6.897
pop_only,port5,0.9,100,15,0.15,9,0.00017672196212989056,0.0020677128386001457,0.02064227716739241,3.7240797468476905,1326,259,7.328
pop_only,port5,0.9,100,15,0.15,11,0.00016855589666914055,0.002040814799244393,0.02034801045676019,2.5707223090751405,1318,267,7.091
pop_only,port5,0.9,100,15,0.15,12,0.00019263815081818877,0.0021481697684049674,0.021277403968077535,5.8832198884289255,1305,280,7.11
pop_only,port5,0.9,100,15,0.15,13,0.00018547815057745764,0.0022302900000000002,0.021304854704384934,4.94150489979953,1293,292,7.41
pop_only,port5,0.9,100,15,0.15,14,0.0001931985934053088,0.0017522191162733097,0.020232550919321395,5.291771501999586,1302,283,7.896
pop_only,port5,0.9,100,15,0.15,15,0.00019099663799602808,0.0019907851412639516,0.020818665559818702,5.555176457690912,1310,275,6.709
pop_only,port5,0.9,100,15,0.15,16,0.00016482909705297196,0.0020820541131341347,0.02035885033772196,2.1253707988789907,1320,265,6.832
pop_only,port5,0.9,100,15,0.15,17,0.00017709282333512998,0.0021204198755471375,0.02079355698527374,3.8257239498878466,1320,265,6.976
pop_only,port5,0.9,100,15,0.15,18,0.00017350780820564986,0.002245262553281047,0.021029980280377357,3.3901969100334894,1303,282,7.671
pop_only,port5,0.9,100,15,0.15,20,0.00016537735462345015,0.0020298338657836756,0.020230909827451262,2.1117450613642066,1304,281,7.222
pop_only,port5,0.9,100,15,0.15,24,0.00017018029500270382,0.0020627093879534075,0.020451873964614925,2.828340841753331,1326,259,6.926
pop_only,port5,0.9,100,15,0.15,19,0.0001745529548187365,0.00207295696860079,0.02059796785226951,3.436945183665424,1291,294,7.812
pop_only,port5,0.9,100,15,0.15,23,0.00017939026817456933,0.0020087247652799604,0.02055514925220997,4.003498122939267,1315,270,7.634
pop_only,port5,0.9,100,15,0.15,22,0.0001913051560847803,0.0020308950544304124,0.020933616280673254,5.645413246514277,1300,285,7.838
pop_only,port5,0.9,100,15,0.15,21,0.00017772185503980883,0.0021259266848404207,0.020825052314829604,3.913560623164042,1324,261,8.302
pop_only,port5,0.9,100,15,0.15,25,0.0001812074717982424,0.0021938160936157843,0.02109736900815994,4.397428303682111,1336,249,7.006
pop_only,port5,0.9,100,15,0.15,27,0.00016631602046022082,0.0023359448006547478,0.021079492417610677,2.4147439909407464,1294,291,7.882
pop_only,port5,0.9,100,15,0.15,28,0.00018172173777276845,0.0022916164231832053,0.021366728551420754,4.418563462412367,1323,262,7.695
pop_only,port5,0.9,100,15,0.15,29,0.00016991159101116882,0.002078986766334857,0.020488757558032606,2.8146528723195106,1324,261,8.474
gen_only,port5,0.1,50,50,0.15,1,-0.003078906898654833,0.00350062,0.026767723352046083,3.2655880967835023,1633,867,6.737
pop_only,port5,0.9,100,15,0.15,26,0.0001729048378223066,0.0020430720258984474,0.020472530115909826,3.1710397909989134,1299,286,10.158
pop_only,port5,0.9,100,15,0.15,30,0.00018119003090127925,0.002253800349041422,0.021254282334663272,4.378738813581966,1316,269,8.392
gen_only,port5,0.1,50,50,0.15,3,-0.0030666532838499847,0.0034907300000000005,0.0273868063399178,4.4064521880983625,1462,1038,7.467
gen_only,port5,0.1,50,50,0.15,2,-0.0030793961720169583,0.0035010700000000002,0.026751977120026353,3.229151434015053,1836,664,7.956
gen_only,port5,0.1,50,50,0.15,5,-0.003078906898654833,0.00350062,0.026767723352046083,3.2655880967835023,1770,730,8.151
gen_only,port5,0.1,50,50,0.15,4,-0.0030793961720169583,0.0035010700000000002,0.026751977120026353,3.229151434015053,1723,777,9.315
gen_only,port5,0.1,50,50,0.15,6,-0.003078906898654833,0.00350062,0.026767723352046083,3.2655880967835023,1662,838,9.124
gen_only,port5,0.1,50,50,0.15,7,-0.0029543957015130172,0.0033599800000000003,0.02637921501617947,6.548724812024683,1720,780,9.383
gen_only,port5,0.1,50,50,0.15,10,-0.003062212602909894,0.0034858099999999993,0.027389121397026556,4.54418910091913,1643,857,6.824
gen_only,port5,0.1,50,50,0.15,9,-0.0030762884640513706,0.0034980600000000003,0.026826392964509716,3.4247971318552457,1457,1043,8.257
gen_only,port5,0.1,50,50,0.15,8,-0.0030729702654200145,0.003498100000000001,0.027444441072826876,4.279378514859651,1816,684,8.574
gen_only,port5,0.1,50,50,0.15,12,-0.0030705989906530473,0.00349528,0.027414049198714263,4.317271081628181,1540,960,6.78
gen_only,port5,0.1,50,50,0.15,13,-0.0030793961720169583,0.0035010700000000002,0.026751977120026353,3.229151434015053,1642,858,7.095
gen_only,port5,0.1,50,50,0.15,11,-0.0030718461577661895,0.00349314,0.026829059289101183,3.5646084383048535,1780,720,8.678
gen_only,port5,0.1,50,50,0.15,15,-0.0030312062773401663,0.0034474199999999997,0.02673419582853265,4.685219728692998,1612,888,8.062
gen_only,port5,0.1,50,50,0.15,18,-0.003067998022061783,0.00348805,0.026692129540037916,3.4971296987631395,1321,1179,6.295
gen_only,port5,0.1,50,50,0.15,14,-0.0030793961720169583,0.0035010700000000002,0.026751977120026353,3.229151434015053,1676,824,9.05
gen_only,port5,0.1,50,50,0.15,16,-0.003077020968377917,0.0034982500000000005,0.026721532819448005,3.260416918577845,1676,824,8.416
gen_only,port5,0.1,50,50,0.15,17,-0.0030704501118765035,0.0034908299999999995,0.026701477135824644,3.434651181498919,1713,787,8.296
gen_only,port5,0.1,50,50,0.15,20,-0.003014920263966214,0.0034282,0.026544252868330353,4.922404065618096,1612,888,6.904
gen_only,port5,0.1,50,50,0.15,22,-0.003077020968377917,0.0034982500000000005,0.026721532819448005,3.260416918577845,1641,859,7.185
gen_only,port5,0.1,50,50,0.15,23,-0.0030085911731583996,0.00342091,0.026500533360972234,5.054457202182917,1493,1007,7.415
gen_only,port5,0.1,50,50,0.15,19,-0.0030793961720169583,0.0035010700000000002,0.026751977120026353,3.229151434015053,1729,771,9.276
gen_only,port5,0.1,50,50,0.15,21,-0.0030793961720169583,0.0035010700000000002,0.026751977120026353,3.229151434015053,1825,675,9.542
gen_only,port5,0.1,50,50,0.15,26,-0.003077020968377917,0.0034982500000000005,0.026721532819448005,3.260416918577845,1324,1176,6.803
gen_only,port5,0.1,50,50,0.15,24,-0.0030749548366553123,0.0034961500000000004,0.026754469410677526,3.3689555736817565,1833,667,9.177
gen_only,port5,0.1,50,50,0.15,25,-0.0030793961720169583,0.0035010700000000002,0.026751977120026353,3.229151434015053,1693,807,9.178
gen_only,port5,0.1,50,50,0.15,27,-0.0030690394852327407,0.00349363,0.02742763474440687,4.380030963168861,1634,866,7.787
gen_only,port5,0.1,50,50,0.15,28,-0.003078906898654833,0.00350062,0.026767723352046083,3.2655880967835023,1625,875,7.841
gen_only,port5,0.1,50,50,0.15,29,-0.0030793961720169583,0.0035010700000000002,0.026751977120026353,3.229151434015053,1526,974,7.513
gen_only,port5,0.1,50,50,0.15,30,-0.003058586692329957,0.0034776300000000002,0.026698372173232437,3.7950209773273174,1590,910,6.728
gen_only,port5,0.3,50,50,0.15,1,-0.0022360485160508757,0.00350107,0.026751977120026353,3.229151434015065,1558,942,7.29
gen_only,port5,0.3,50,50,0.15,3,-0.0022246897322115247,0.00348301,0.02667191205422383,3.605134483714626,1382,1118,6.448
gen_only,port5,0.3,50,50,0.15,2,-0.0022360485160508757,0.00350107,0.026751977120026353,3.229151434015065,1734,766,8.17
gen_only,port5,0.3,50,50,0.15,4,-0.0022360485160508757,0.00350107,0.026751977120026353,3.229151434015065,1706,794,8.386
gen_only,port5,0.3,50,50,0.15,5,-0.0022296903356295097,0.0034908300000000003,0.026701477135824644,3.434651181498895,1418,1082,7.21
gen_only,port5,0.3,50,50,0.15,7,-0.002234562905133749,0.0034982499999999996,0.026721532819448005,3.260416918577869,1547,953,7.191
gen_only,port5,0.3,50,50,0.15,6,-0.002235480695964498,0.00350062,0.026767723352046083,3.2655880967835023,1538,962,8.225
gen_only,port5,0.3,50,50,0.15,12,-0.0022360485160508757,0.00350107,0.026751977120026353,3.229151434015065,1243,1257,6.249
gen_only,port5,0.3,50,50,0.15,9,-0.0022360485160508757,0.00350107,0.026751977120026353,3.229151434015065,1536,964,7.023
gen_only,port5,0.3,50,50,0.15,11,-0.002235480695964498,0.00350062,0.026767723352046083,3.2655880967835023,1452,1048,7.987
gen_only,port5,0.3,50,50,0.15,8,-0.0021484363647885606,0.0033742500000000005,0.026679494948458053,6.62657776084539,1526,974,8.611
gen_only,port5,0.3,50,50,0.15,13,-0.002235480695964498,0.00350062,0.026767723352046083,3.2655880967835023,1692,808,7.901
gen_only,port5,0.3,50,50,0.15,10,-0.002226686270668664,0.00348511,0.026638989553618347,3.495457299596179,1877,623,10.391
gen_only,port5,0.3,50,50,0.15,15,-0.002235480695964498,0.00350062,0.026767723352046083,3.2655880967835023,1642,858,7.388
gen_only,port5,0.3,50,50,0.15,14,-0.0022312649454260427,0.00349524,0.026795712006087692,3.456620848012737,1737,763,9.412
gen_only,port5,0.3,50,50,0.15,16,-0.002234562905133749,0.0034982499999999996,0.026721532819448005,3.260416918577869,1824,676,8.026
gen_only,port5,0.3,50,50,0.15,19,-0.0021549061577465175,0.003392266338790481,0.027060443418812096,6.674413587099445,1321,1179,6.648
gen_only,port5,0.3,50,50,0.15,17,-0.0022360485160508757,0.00350107,0.026751977120026353,3.229151434015065,1688,812,8.735
gen_only,port5,0.3,50,50,0.15,18,-0.002197370903406054,0.0034281,0.025967870955852703,3.894577718339631,1636,864,8.142
gen_only,port5,0.3,50,50,0.15,21,-0.0022360485160508757,0.00350107,0.026751977120026353,3.229151434015065,1666,834,7.626
gen_only,port5,0.3,50,50,0.15,20,-0.002235480695964498,0.00350062,0.026767723352046083,3.2655880967835023,1854,646,8.62
gen_only,port5,0.3,50,50,0.15,22,-0.0021934106263512766,0.00342046,0.025878651024137184,3.9250311915724856,1586,914,8.309
gen_only,port5,0.3,50,50,0.15,23,-0.0022360485160508757,0.00350107,0.026751977120026353,3.229151434015065,1750,750,8.281
gen_only,port5,0.3,50,50,0.15,26,-0.0022327453921541112,0.0034980600000000003,0.026826392964509716,3.4247971318552457,1515,985,6.669
gen_only,port5,0.3,50,50,0.15,24,-0.002189933388816212,0.0034254000000000003,0.026321512822770905,4.630571270034649,1825,675,8.1
gen_only,port5,0.3,50,50,0.15,25,-0.002229125077991245,0.0034903800000000004,0.026717093280566942,3.471201697306571,1823,677,8.539
gen_only,port5,0.3,50,50,0.15,28,-0.002232612176036334,0.0034953000000000002,0.026714404601492076,3.3309810330486,1448,1052,6.52
gen_only,port5,0.5,50,50,0.15,4,-0.0013921048418895814,0.0034982499999999996,0.026721532819448005,3.260416918577869,1545,955,7.526
gen_only,port5,0.3,50,50,0.15,30,-0.0022360485160508757,0.00350107,0.026751977120026353,3.229151434015065,1696,804,8.471
gen_only,port5,0.5,50,50,0.15,3,-0.0013902238669658107,0.00349248,0.026683932732421187,3.3617984107702217,1588,912,8.29
gen_only,port5,0.5,50,50,0.15,7,-0.0013920544932741633,0.0035006199999999994,0.02676772335204608,3.2655880967835023,1555,945,7.631
gen_only,port5,0.3,50,50,0.15,27,-0.0022239290645650975,0.003486319127210079,0.026863502159495012,3.80394773173273,1907,593,12.351
gen_only,port5,0.5,50,50,0.15,9,-0.0013826393295598488,0.0034702199999999996,0.02655073145659649,3.7674939844652098,1547,953,7.591
gen_only,port5,0.3,50,50,0.15,29,-0.0022327453921541112,0.0034980600000000003,0.026826392964509716,3.4247971318552457,1940,560,12.792
gen_only,port5,0.5,50,50,0.15,5,-0.001389955726833857,0.00348811,0.026612000043820198,3.36968843529578,1454,1046,10.851
gen_only,port5,0.5,50,50,0.15,8,-0.0013927008600847935,0.0035010700000000002,0.026751977120026357,3.229151434015053,1788,712,8.847
gen_only,port5,0.5,50,50,0.15,6,-0.0013819819366675866,0.00347112,0.026592407312329338,3.809336043116844,1772,728,10.601
gen_only,port5,0.5,50,50,0.15,10,-0.0013908671338784544,0.003492929999999999,0.026668253265691978,3.3248810203608317,1612,888,8.298
gen_only,port5,0.5,50,50,0.15,11,-0.0013893537782397557,0.00348529,0.02658161852710418,3.3993487421664548,1552,948,8.858
gen_only,port5,0.5,50,50,0.15,13,-0.0013927008600847935,0.0035010700000000002,0.026751977120026357,3.229151434015053,1544,956,7.303
gen_only,port5,0.5,50,50,0.15,14,-0.0013809392423960274,0.0034660299999999993,0.026535853391363644,3.8596649146483593,1571,929,7.199
gen_only,port5,0.5,50,50,0.15,12,-0.0013832896887407138,0.0034730399999999997,0.026579326976403524,3.735210654538195,1771,729,9.27
gen_only,port5,0.5,50,50,0.15,16,-0.0013921048418895814,0.0034982499999999996,0.026721532819448005,3.260416918577869,1639,861,7.72
gen_only,port5,0.5,50,50,0.15,15,-0.0013908202933938896,0.0034953,0.026714404601492072,3.3309810330486003,1591,909,8.165
gen_only,port5,0.5,50,50,0.15,19,-0.001388930559382517,0.0034908300000000003,0.026701477135824644,3.434651181498895,1465,1035,6.948
gen_only,port5,0.5,50,50,0.15,22,-0.0013484418183530508,0.0034406500000000004,0.027272080289077672,5.628767352031012,1436,1064,7.473
gen_only,port5,0.5,50,50,0.15,17,-0.0013927008600847935,0.0035010700000000002,0.026751977120026357,3.229151434015053,1663,837,8.882
gen_only,port5,0.5,50,50,0.15,18,-0.0013908671338784544,0.003492929999999999,0.026668253265691978,3.3248810203608317,1827,673,8.859
gen_only,port5,0.5,50,50,0.15,23,-0.0013873997233248515,0.0034899199999999997,0.026741738039070984,3.5216990445034915,1509,991,8.775
gen_only,port5,0.5,50,50,0.15,21,-0.0013851985408043271,0.0034791700000000006,0.02662278945548993,3.634465851250098,1604,896,9.71
gen_only,port5,0.5,50,50,0.15,26,-0.0013893537782397557,0.00348529,0.02658161852710418,3.3993487421664548,1391,1109,6.243
gen_only,port5,0.5,50,50,0.15,24,-0.0013927008600847935,0.0035010700000000002,0.026751977120026357,3.229151434015053,1720,780,8.049
gen_only,port5,0.5,50,50,0.15,20,-0.0013927008600847935,0.0035010700000000002,0.026751977120026357,3.229151434015053,1752,748,10.928
gen_only,port5,0.5,50,50,0.15,25,-0.0013921048418895814,0.0034982499999999996,0.026721532819448005,3.260416918577869,1550,950,8.033
gen_only,port5,0.5,50,50,0.15,27,-0.0013901337755146438,0.00349212,0.02668056313068959,3.3665041904511437,1393,1107,6.419
gen_only,port5,0.5,50,50,0.15,29,-0.0013927008600847935,0.0035010700000000002,0.026751977120026357,3.229151434015053,1501,999,7.293
gen_only,port5,0.5,50,50,0.15,28,-0.0013908202933938896,0.0034953,0.026714404601492072,3.3309810330486003,1816,684,7.999
gen_only,port5,0.5,50,50,0.15,30,-0.0013886149090434044,0.0034952400000000006,0.026795712006087696,3.4566208480127365,1571,929,7.496
gen_only,port5,0.7,50,50,0.15,1,-0.0005640948053345,0.003388027074512626,0.025419714425148947,3.7970000986846144,1719,781,8.381
gen_only,port5,0.7,50,50,0.15,2,-0.0005660495133554657,0.00339175916663646,0.02539623809699473,3.632037383753779,1741,759,9.081
gen_only,port5,0.7,50,50,0.15,5,-0.0005657655573206308,0.0033982252465844147,0.025458706527986333,3.604122809610268,1557,943,8.004
gen_only,port5,0.7,50,50,0.15,4,-0.0005660495133554657,0.00339175916663646,0.02539623809699473,3.632037383753779,1653,847,8.647
gen_only,port5,0.7,50,50,0.15,7,-0.0005649141721896258,0.0034042667222133676,0.025533335199146592,3.6132849770280955,1667,833,8.765
gen_only,port5,0.7,50,50,0.15,3,-0.000540545990013567,0.0033270699999999997,0.02556713878584979,5.877008916145735,1705,795,9.635
gen_only,port5,0.7,50,50,0.15,8,-0.0005657454530780918,0.003382109766829243,0.025323266460783256,3.7188387403728824,1775,725,9.634
gen_only,port5,0.7,50,50,0.15,6,-0.0005657454530780918,0.003382109766829243,0.025323266460783256,3.7188387403728824,1908,592,10.398
gen_only,port5,0.7,50,50,0.15,9,-0.0005660495133554657,0.00339175916663646,0.02539623809699473,3.632037383753779,1624,876,9.921
gen_only,port5,0.7,50,50,0.15,11,-0.0005652268694620278,0.003397784280191478,0.025470106135720743,3.644575533589489,1525,975,9.514
gen_only,port5,0.7,50,50,0.15,10,-0.0005646133847318443,0.0033965333650070586,0.025476785645262956,3.6963431437614767,1612,888,9.747
gen_only,port5,0.7,50,50,0.15,12,-0.000561283110383338,0.0033561269279584233,0.025229092277544215,4.207377535580687,1686,814,9.225
gen_only,port5,0.7,50,50,0.15,13,-0.0005652268694620278,0.003397784280191478,0.025470106135720743,3.644575533589489,1716,784,9.134
gen_only,port5,0.7,50,50,0.15,14,-0.0005543551200200047,0.0034078130072885578,0.025856438329651853,4.2338102700854785,1621,879,8.845
gen_only,port5,0.7,50,50,0.15,18,-0.0005652268694620278,0.003397784280191478,0.025470106135720743,3.644575533589489,1472,1028,8.63
gen_only,port5,0.7,50,50,0.15,16,-0.0005656603963216619,0.003385819903531825,0.025357038322380905,3.7008874742159823,1504,996,9.789
gen_only,port5,0.7,50,50,0.15,19,-0.0005656603963216619,0.003385819903531825,0.025357038322380905,3.7008874742159823,1557,943,8.457
gen_only,port5,0.7,50,50,0.15,17,-0.000564389598653911,0.0033984272728763342,0.02549897990141648,3.69643571753983,1671,829,9.509
gen_only,port5,0.7,50,50,0.15,15,-0.0005658300641984568,0.0033936357024105307,0.02541823435827973,3.634043546383403,1638,862,11.077
gen_only,port5,0.7,50,50,0.15,20,-0.0005656603963216619,0.003385819903531825,0.025357038322380905,3.7008874742159823,1790,710,9.374
gen_only,port5,0.7,50,50,0.15,21,-0.0005660495133554657,0.00339175916663646,0.02539623809699473,3.632037383753779,1599,901,9.411
gen_only,port5,0.7,50,50,0.15,23,-0.0005547631377102579,0.003449615575962359,0.026189461759549938,3.720348900018224,1483,1017,8.047
gen_only,port5,0.7,50,50,0.15,22,-0.0005658300641984568,0.0033936357024105307,0.02541823435827973,3.634043546383403,1592,908,8.674
gen_only,port5,0.7,50,50,0.15,26,-0.0005299840634911035,0.003207942862464087,0.024853823944016657,5.747821952434226,1392,1108,7.067
gen_only,port5,0.7,50,50,0.15,24,-0.0005651502547282833,0.00338624205995423,0.025374969760938663,3.7348324406847033,1612,888,9.978
gen_only,port5,0.7,50,50,0.15,27,-0.0005660495133554657,0.00339175916663646,0.02539623809699473,3.632037383753779,1604,896,8.727
gen_only,port5,0.7,50,50,0.15,28,-0.0005572261717035228,0.0033491092744074033,0.025284286781056563,4.556192180568164,1824,676,9.918
gen_only,port5,0.7,50,50,0.15,25,-0.0005660495133554657,0.00339175916663646,0.02539623809699473,3.632037383753779,1795,705,13.354
gen_only,port5,0.9,50,50,0.15,3,0.00016158400586650784,0.002093767933058759,0.02030218376793721,1.698449716056126,1398,1102,8.115
gen_only,port5,0.7,50,50,0.15,29,-0.0005657655573206308,0.0033982252465844147,0.025458706527986333,3.604122809610268,1729,771,11.006
gen_only,port5,0.7,50,50,0.15,30,-0.0005589369570333058,0.0033494593612347573,0.025238883021954202,4.4243528449094995,1857,643,11.792
gen_only,port5,0.9,50,50,0.15,1,0.0001590734912379624,0.0021633532059447463,0.020423537941209918,1.4448885211210605,1755,745,11.379
gen_only,port5,0.9,50,50,0.15,2,0.00015600792962490445,0.002155670856778801,0.020318984426250367,1.0208961095237223,1787,713,11.262
gen_only,port5,0.9,50,50,0.15,5,0.00015600792962490445,0.002155670856778801,0.020318984426250367,1.0208961095237223,1703,797,10.056
gen_only,port5,0.9,50,50,0.15,7,0.00016257855814106684,0.0021078436817339634,0.02036781028743539,1.8546160509996823,1416,1084,7.916
gen_only,port5,0.9,50,50,0.15,4,0.00018450805057104147,0.001984643351515448,0.020628254240848784,4.6635256079022795,1864,636,11.739
gen_only,port5,0.9,50,50,0.15,6,0.0001601592421768592,0.00217956088750956,0.02049702772294925,1.6064773693073937,1807,693,11.295
gen_only,port5,0.9,50,50,0.15,8,0.00015718146103704684,0.002174333022045876,0.0204019270125162,1.200452380295532,1435,1065,8.486
gen_only,port5,0.9,50,50,0.15,9,0.00015600792962490445,0.002155670856778801,0.020318984426250367,1.0208961095237223,1496,1004,9.614
gen_only,port5,0.9,50,50,0.15,11,0.0001619110619091042,0.0020772311846812834,0.020265849226311528,1.7173655125575638,1665,835,9.444
gen_only,port5,0.9,50,50,0.15,12,0.00015600792962490445,0.002155670856778801,0.020318984426250367,1.0208961095237223,1741,759,9.941
gen_only,port5,0.9,50,50,0.15,13,0.00016378477725563235,0.002072506269742386,0.020304225182345967,1.9673218188689627,1623,877,10.728
gen_only,port5,0.9,50,50,0.15,10,0.00016285069990765302,0.0020748279322287664,0.020285010698393082,1.8426883356101518,1815,685,12.897
gen_only,port5,0.9,50,50,0.15,14,0.00016249937504593385,0.0021256179447903464,0.0204140792789075,1.8666936205647195,1721,779,10.717
gen_only,port5,0.9,50,50,0.15,15,0.00015688479978740472,0.0021703548400182197,0.020383007187067113,1.1562708247404487,1710,790,10.851
gen_only,port5,0.9,50,50,0.15,16,0.00016779774758653342,0.0022571749733932877,0.020910264489688687,2.644784238473846,1625,875,11.062
gen_only,port5,0.9,50,50,0.15,17,0.00016583475804099162,0.0020887857048200948,0.02040461082214837,2.2725728113360253,1852,648,10.958
gen_only,port5,0.9,50,50,0.15,18,0.00016217555378511875,0.0020552434700373623,0.020212754520869982,1.7159046649362262,1794,706,11.454
gen_only,port5,0.9,50,50,0.15,19,0.00015688479978740472,0.0021703548400182197,0.020383007187067113,1.1562708247404487,1777,723,10.387
gen_only,port5,0.9,50,50,0.15,20,0.0001718432710603148,0.001873604697961598,0.01997786944642258,2.63048074027927,1867,633,10.774
gen_only,port5,0.9,50,50,0.15,22,0.00015697750654269598,0.0021484443668962155,0.020325734734084097,1.1440090782431822,1708,792,9.508
gen_only,port5,0.9,50,50,0.15,21,0.0001709799458502052,0.0018879034381881152,0.019993618139269025,2.5505824331802964,1808,692,11.036
gen_only,port5,0.9,50,50,0.15,23,0.0001570365014219648,0.002167334358272769,0.020378908956981363,1.1735943057554459,1680,820,9.758
gen_only,port5,0.9,50,50,0.15,25,0.00015600792962490445,0.002155670856778801,0.020318984426250367,1.0208961095237223,1532,968,8.737
gen_only,port5,0.9,50,50,0.15,26,0.00016664559728876726,0.002050043015049278,0.02032103176497184,2.3235642846078264,1480,1020,9.173
gen_only,port5,0.9,50,50,0.15,27,0.00015882206087046655,0.0021634517160833465,0.020416965507440158,1.4110131329013795,1489,1011,9.215
gen_only,port5,0.9,50,50,0.15,24,0.00016291852349324703,0.002122697788283395,0.020417538820054423,1.9200568495798713,1889,611,10.634
gen_only,port5,0.9,50,50,0.15,28,0.00015600792962490445,0.002155670856778801,0.020318984426250367,1.0208961095237223,1676,824,9.691
gen_only,port5,0.9,50,50,0.15,30,0.0001570365014219648,0.002167334358272769,0.020378908956981363,1.1735943057554459,1526,974,8.095
gen_only,port5,0.9,50,50,0.15,29,0.00016212316585919093,0.0023354988431051223,0.020967515885549754,1.8767459087720917,1739,761,9.484
pop_gen100,port5,0.1,100,100,0.15,6,-0.0030762884640513706,0.0034980600000000003,0.026826392964509716,3.4247971318552457,3694,6306,15.263
pop_gen100,port5,0.1,100,100,0.15,3,-0.0030793961720169583,0.0035010700000000002,0.026751977120026353,3.229151434015053,4237,5763,18.314
pop_gen100,port5,0.1,100,100,0.15,10,-0.0030793961720169583,0.0035010700000000002,0.026751977120026353,3.229151434015053,4148,5852,18.792
pop_gen100,port5,0.1,100,100,0.15,11,-0.0030793961720169583,0.0035010700000000002,0.026751977120026353,3.229151434015053,4588,5412,20.037
pop_gen100,port5,0.1,100,100,0.15,4,-0.0030793961720169583,0.0035010700000000002,0.026751977120026353,3.229151434015053,4666,5334,20.223
pop_gen100,port5,0.1,100,100,0.15,2,-0.0030793961720169583,0.0035010700000000002,0.026751977120026353,3.229151434015053,4650,5350,20.738
pop_gen100,port5,0.1,100,100,0.15,12,-0.0030793961720169583,0.0035010700000000002,0.026751977120026353,3.229151434015053,4517,5483,21.421
pop_gen100,port5,0.1,100,100,0.15,9,-0.0030793961720169583,0.0035010700000000002,0.026751977120026353,3.229151434015053,4847,5153,21.725
pop_gen100,port5,0.1,100,100,0.15,8,-0.0030793961720169583,0.0035010700000000002,0.026751977120026353,3.229151434015053,4932,5068,22.336
pop_gen100,port5,0.1,100,100,0.15,5,-0.0030793961720169583,0.0035010700000000002,0.026751977120026353,3.229151434015053,5102,4898,22.422
pop_gen100,port5,0.1,100,100,0.15,1,-0.0030793961720169583,0.0035010700000000002,0.026751977120026353,3.229151434015053,5657,4343,23.684
pop_gen100,port5,0.1,100,100,0.15,7,-0.0030793961720169583,0.0035010700000000002,0.026751977120026353,3.229151434015053,5464,4536,25.305
pop_gen100,port5,0.1,100,100,0.15,13,-0.003078906898654833,0.00350062,0.026767723352046083,3.2655880967835023,4468,5532,20.131
pop_gen100,port5,0.1,100,100,0.15,14,-0.0030793961720169583,0.0035010700000000002,0.026751977120026353,3.229151434015053,4007,5993,17.748
pop_gen100,port5,0.1,100,100,0.15,18,-0.003078906898654833,0.00350062,0.026767723352046083,3.2655880967835023,3797,6203,17.453
pop_gen100,port5,0.1,100,100,0.15,17,-0.0030793961720169583,0.0035010700000000002,0.026751977120026353,3.229151434015053,4015,5985,18.996
pop_gen100,port5,0.1,100,100,0.15,15,-0.0030793961720169583,0.0035010700000000002,0.026751977120026353,3.229151434015053,4035,5965,20.615
pop_gen100,port5,0.1,100,100,0.15,22,-0.0030793961720169583,0.0035010700000000002,0.026751977120026353,3.229151434015053,4197,5803,18.736
pop_gen100,port5,0.1,100,100,0.15,19,-0.0030793961720169583,0.0035010700000000002,0.026751977120026353,3.229151434015053,4579,5421,21.082
pop_gen100,port5,0.1,100,100,0.15,23,-0.0030793961720169583,0.0035010700000000002,0.026751977120026353,3.229151434015053,4138,5862,19.688
pop_gen100,port5,0.1,100,100,0.15,21,-0.0030793961720169583,0.0035010700000000002,0.026751977120026353,3.229151434015053,4467,5533,21.569
pop_gen100,port5,0.1,100,100,0.15,20,-0.0030793961720169583,0.0035010700000000002,0.026751977120026353,3.229151434015053,4798,5202,22.361
pop_gen100,port5,0.1,100,100,0.15,24,-0.0030793961720169583,0.0035010700000000002,0.026751977120026353,3.229151434015053,4680,5320,20.442
pop_gen100,port5,0.1,100,100,0.15,16,-0.0030793961720169583,0.0035010700000000002,0.026751977120026353,3.229151434015053,5390,4610,25.766
pop_gen100,port5,0.1,100,100,0.15,27,-0.0030793961720169583,0.0035010700000000002,0.026751977120026353,3.229151434015053,3879,6121,16.81
pop_gen100,port5,0.1,100,100,0.15,26,-0.0030793961720169583,0.0035010700000000002,0.026751977120026353,3.229151434015053,3688,6312,19.218
pop_gen100,port5,0.1,100,100,0.15,25,-0.0030793961720169583,0.0035010700000000002,0.026751977120026353,3.229151434015053,4873,5127,21.517
pop_gen100,port5,0.1,100,100,0.15,29,-0.0030793961720169583,0.0035010700000000002,0.026751977120026353,3.229151434015053,3785,6215,18.991
pop_gen100,port5,0.1,100,100,0.15,28,-0.0030793961720169583,0.0035010700000000002,0.026751977120026353,3.229151434015053,4804,5196,20.239
pop_gen100,port5,0.3,100,100,0.15,1,-0.0022360485160508757,0.00350107,0.026751977120026353,3.229151434015065,4489,5511,19.431
pop_gen100,port5,0.3,100,100,0.15,3,-0.0022360485160508757,0.00350107,0.026751977120026353,3.229151434015065,4283,5717,18.391
pop_gen100,port5,0.3,100,100,0.15,4,-0.0022360485160508757,0.00350107,0.026751977120026353,3.229151434015065,4337,5663,18.769
pop_gen100,port5,0.1,100,100,0.15,30,-0.0030793961720169583,0.0035010700000000002,0.026751977120026353,3.229151434015053,5174,4826,21.808
pop_gen100,port5,0.3,100,100,0.15,2,-0.0022360485160508757,0.00350107,0.026751977120026353,3.229151434015065,4697,5303,20.025
pop_gen100,port5,0.3,100,100,0.15,6,-0.0022360485160508757,0.00350107,0.026751977120026353,3.229151434015065,4239,5761,18.794
pop_gen100,port5,0.3,100,100,0.15,5,-0.0022360485160508757,0.00350107,0.026751977120026353,3.229151434015065,5258,4742,26.789
pop_gen100,port5,0.3,100,100,0.15,7,-0.0022360485160508757,0.00350107,0.026751977120026353,3.229151434015065,4215,5785,21.163
pop_gen100,port5,0.3,100,100,0.15,8,-0.0022360485160508757,0.00350107,0.026751977120026353,3.229151434015065,4504,5496,22.168
pop_gen100,port5,0.3,100,100,0.15,9,-0.002235480695964498,0.00350062,0.026767723352046083,3.2655880967835023,4171,5829,20.649
pop_gen100,port5,0.3,100,100,0.15,10,-0.0022360485160508757,0.00350107,0.026751977120026353,3.229151434015065,4064,5936,19.962
pop_gen100,port5,0.3,100,100,0.15,11,-0.0022360485160508757,0.00350107,0.026751977120026353,3.229151434015065,4642,5358,22.686
pop_gen100,port5,0.3,100,100,0.15,17,-0.002235480695964498,0.00350062,0.026767723352046083,3.2655880967835023,3921,6079,19.749
pop_gen100,port5,0.3,100,100,0.15,14,-0.0022360485160508757,0.00350107,0.026751977120026353,3.229151434015065,4308,5692,21.862
pop_gen100,port5,0.3,100,100,0.15,15,-0.002235480695964498,0.00350062,0.026767723352046083,3.2655880967835023,4258,5742,21.796
pop_gen100,port5,0.3,100,100,0.15,12,-0.0022360485160508757,0.00350107,0.026751977120026353,3.229151434015065,4172,5828,23.204
pop_gen100,port5,0.3,100,100,0.15,16,-0.0022360485160508757,0.00350107,0.026751977120026353,3.229151434015065,4991,5009,22.554
pop_gen100,port5,0.3,100,100,0.15,13,-0.0022360485160508757,0.00350107,0.026751977120026353,3.229151434015065,5012,4988,24.203
pop_gen100,port5,0.3,100,100,0.15,18,-0.002235480695964498,0.00350062,0.026767723352046083,3.2655880967835023,5062,4938,22.339
pop_gen100,port5,0.3,100,100,0.15,20,-0.0022360485160508757,0.00350107,0.026751977120026353,3.229151434015065,4541,5459,20.026
pop_gen100,port5,0.3,100,100,0.15,21,-0.0022360485160508757,0.00350107,0.026751977120026353,3.229151434015065,4593,5407,20.407
pop_gen100,port5,0.3,100,100,0.15,19,-0.002235480695964498,0.00350062,0.026767723352046083,3.2655880967835023,4563,5437,22.073
pop_gen100,port5,0.3,100,100,0.15,22,-0.0022360485160508757,0.00350107,0.026751977120026353,3.229151434015065,4474,5526,20.594
pop_gen100,port5,0.3,100,100,0.15,24,-0.002235480695964498,0.00350062,0.026767723352046083,3.2655880967835023,3886,6114,17.059
pop_gen100,port5,0.3,100,100,0.15,23,-0.0022360485160508757,0.00350107,0.026751977120026353,3.229151434015065,4136,5864,19.267
pop_gen100,port5,0.3,100,100,0.15,27,-0.002235480695964498,0.00350062,0.026767723352046083,3.2655880967835023,3883,6117,17.466
pop_gen100,port5,0.3,100,100,0.15,26,-0.002235480695964498,0.00350062,0.026767723352046083,3.2655880967835023,4977,5023,21.884
pop_gen100,port5,0.3,100,100,0.15,29,-0.0022360485160508757,0.00350107,0.026751977120026353,3.229151434015065,4519,5481,20.292
pop_gen100,port5,0.3,100,100,0.15,25,-0.0022360485160508757,0.00350107,0.026751977120026353,3.229151434015065,4730,5270,22.119
pop_gen100,port5,0.3,100,100,0.15,28,-0.0022360485160508757,0.00350107,0.026751977120026353,3.229151434015065,4622,5378,21.709
pop_gen100,port5,0.3,100,100,0.15,30,-0.002235480695964498,0.00350062,0.026767723352046083,3.2655880967835023,4468,5532,18.985
pop_gen100,port5,0.5,100,100,0.15,3,-0.0013927008600847935,0.0035010700000000002,0.026751977120026357,3.229151434015053,3552,6448,17.628
pop_gen100,port5,0.5,100,100,0.15,2,-0.0013927008600847935,0.0035010700000000002,0.026751977120026357,3.229151434015053,3836,6164,18.659
pop_gen100,port5,0.5,100,100,0.15,4,-0.0013927008600847935,0.0035010700000000002,0.026751977120026357,3.229151434015053,3994,6006,19.976
pop_gen100,port5,0.5,100,100,0.15,5,-0.0013927008600847935,0.0035010700000000002,0.026751977120026357,3.229151434015053,3491,6509,18.655
pop_gen100,port5,0.5,100,100,0.15,6,-0.0013927008600847935,0.0035010700000000002,0.026751977120026357,3.229151434015053,4245,5755,20.108
pop_gen100,port5,0.5,100,100,0.15,1,-0.0013927008600847935,0.0035010700000000002,0.026751977120026357,3.229151434015053,4902,5098,26.807
pop_gen100,port5,0.5,100,100,0.15,8,-0.0013927008600847935,0.0035010700000000002,0.026751977120026357,3.229151434015053,4628,5372,22.141
pop_gen100,port5,0.5,100,100,0.15,11,-0.0013927008600847935,0.0035010700000000002,0.026751977120026357,3.229151434015053,4529,5471,23.18
pop_gen100,port5,0.5,100,100,0.15,7,-0.0013927008600847935,0.0035010700000000002,0.026751977120026357,3.229151434015053,5522,4478,29.076
pop_gen100,port5,0.5,100,100,0.15,9,-0.0013927008600847935,0.0035010700000000002,0.026751977120026357,3.229151434015053,4909,5091,25.82
pop_gen100,port5,0.5,100,100,0.15,10,-0.0013921048418895814,0.0034982499999999996,0.026721532819448005,3.260416918577869,5504,4496,26.745
pop_gen100,port5,0.5,100,100,0.15,12,-0.0013927008600847935,0.0035010700000000002,0.026751977120026357,3.229151434015053,4446,5554,23.574
pop_gen100,port5,0.5,100,100,0.15,13,-0.0013927008600847935,0.0035010700000000002,0.026751977120026357,3.229151434015053,5087,4913,23.931
pop_gen100,port5,0.5,100,100,0.15,16,-0.0013927008600847935,0.0035010700000000002,0.026751977120026357,3.229151434015053,4166,5834,20.1
pop_gen100,port5,0.5,100,100,0.15,17,-0.0013927008600847935,0.0035010700000000002,0.026751977120026357,3.229151434015053,4064,5936,19.575
pop_gen100,port5,0.5,100,100,0.15,14,-0.0013927008600847935,0.0035010700000000002,0.026751977120026357,3.229151434015053,5128,4872,26.657
pop_gen100,port5,0.5,100,100,0.15,15,-0.0013927008600847935,0.0035010700000000002,0.026751977120026357,3.229151434015053,5369,4631,26.969
pop_gen100,port5,0.5,100,100,0.15,18,-0.0013927008600847935,0.0035010700000000002,0.026751977120026357,3.229151434015053,4828,5172,24.61
pop_gen100,port5,0.5,100,100,0.15,19,-0.0013927008600847935,0.0035010700000000002,0.026751977120026357,3.229151434015053,4952,5048,23.145
pop_gen100,port5,0.5,100,100,0.15,20,-0.0013927008600847935,0.0035010700000000002,0.026751977120026357,3.229151434015053,4487,5513,21.935
pop_gen100,port5,0.5,100,100,0.15,22,-0.0013927008600847935,0.0035010700000000002,0.026751977120026357,3.229151434015053,4566,5434,20.904
pop_gen100,port5,0.5,100,100,0.15,21,-0.0013920544932741633,0.0035006199999999994,0.02676772335204608,3.2655880967835023,4935,5065,22.227
pop_gen100,port5,0.5,100,100,0.15,23,-0.0013927008600847935,0.0035010700000000002,0.026751977120026357,3.229151434015053,4416,5584,21.088
pop_gen100,port5,0.5,100,100,0.15,27,-0.0013927008600847935,0.0035010700000000002,0.026751977120026357,3.229151434015053,4435,5565,21.819
pop_gen100,port5,0.5,100,100,0.15,25,-0.0013927008600847935,0.0035010700000000002,0.026751977120026357,3.229151434015053,4799,5201,24.255
pop_gen100,port5,0.5,100,100,0.15,24,-0.0013927008600847935,0.0035010700000000002,0.026751977120026357,3.229151434015053,6063,3937,28.063
pop_gen100,port5,0.5,100,100,0.15,28,-0.0013921048418895814,0.0034982499999999996,0.026721532819448005,3.260416918577869,4395,5605,22.555
pop_gen100,port5,0.5,100,100,0.15,26,-0.0013927008600847935,0.0035010700000000002,0.026751977120026357,3.229151434015053,5174,4826,26.699
pop_gen100,port5,0.5,100,100,0.15,29,-0.0013927008600847935,0.0035010700000000002,0.026751977120026357,3.229151434015053,5132,4868,24.596
pop_gen100,port5,0.5,100,100,0.15,30,-0.0013921048418895814,0.0034982499999999996,0.026721532819448005,3.260416918577869,4817,5183,23.127
pop_gen100,port5,0.7,100,100,0.15,3,-0.0005660495133554657,0.00339175916663646,0.02539623809699473,3.632037383753779,4367,5633,24.531
pop_gen100,port5,0.7,100,100,0.15,1,-0.0005660495133554657,0.00339175916663646,0.02539623809699473,3.632037383753779,4503,5497,26.903
pop_gen100,port5,0.7,100,100,0.15,5,-0.0005660495133554657,0.00339175916663646,0.02539623809699473,3.632037383753779,4541,5459,24.594
pop_gen100,port5,0.7,100,100,0.15,2,-0.0005660495133554657,0.00339175916663646,0.02539623809699473,3.632037383753779,5063,4937,27.245
pop_gen100,port5,0.7,100,100,0.15,4,-0.0005660495133554657,0.00339175916663646,0.02539623809699473,3.632037383753779,5569,4431,29.966
pop_gen100,port5,0.7,100,100,0.15,6,-0.0005658300641984568,0.0033936357024105307,0.02541823435827973,3.634043546383403,3956,6044,23.378
pop_gen100,port5,0.7,100,100,0.15,8,-0.0005660495133554657,0.00339175916663646,0.02539623809699473,3.632037383753779,4032,5968,22.505
pop_gen100,port5,0.7,100,100,0.15,9,-0.0005660495133554657,0.00339175916663646,0.02539623809699473,3.632037383753779,4086,5914,23.86
pop_gen100,port5,0.7,100,100,0.15,10,-0.0005660495133554657,0.00339175916663646,0.02539623809699473,3.632037383753779,4391,5609,24.515
pop_gen100,port5,0.7,100,100,0.15,7,-0.0005660495133554657,0.00339175916663646,0.02539623809699473,3.632037383753779,5652,4348,30.843
pop_gen100,port5,0.7,100,100,0.15,11,-0.0005660495133554657,0.00339175916663646,0.02539623809699473,3.632037383753779,4343,5657,24.48
pop_gen100,port5,0.7,100,100,0.15,12,-0.0005660495133554657,0.00339175916663646,0.02539623809699473,3.632037383753779,4362,5638,25.623
pop_gen100,port5,0.7,100,100,0.15,13,-0.0005657655573206308,0.0033982252465844147,0.025458706527986333,3.604122809610268,3681,6319,20.031
pop_gen100,port5,0.7,100,100,0.15,15,-0.0005660495133554657,0.00339175916663646,0.02539623809699473,3.632037383753779,4054,5946,20.768
pop_gen100,port5,0.7,100,100,0.15,16,-0.0005658300641984568,0.0033936357024105307,0.02541823435827973,3.634043546383403,4204,5796,22.034
pop_gen100,port5,0.7,100,100,0.15,14,-0.0005660495133554657,0.00339175916663646,0.02539623809699473,3.632037383753779,4691,5309,24.994
pop_gen100,port5,0.7,100,100,0.15,17,-0.0005660495133554657,0.00339175916663646,0.02539623809699473,3.632037383753779,4563,5437,23.635
pop_gen100,port5,0.7,100,100,0.15,20,-0.0005660495133554657,0.00339175916663646,0.02539623809699473,3.632037383753779,3845,6155,21.057
pop_gen100,port5,0.7,100,100,0.15,18,-0.0005660495133554657,0.00339175916663646,0.02539623809699473,3.632037383753779,4945,5055,29.338
pop_gen100,port5,0.7,100,100,0.15,21,-0.0005660495133554657,0.00339175916663646,0.02539623809699473,3.632037383753779,4474,5526,25.62
pop_gen100,port5,0.7,100,100,0.15,19,-0.0005660495133554657,0.00339175916663646,0.02539623809699473,3.632037383753779,5226,4774,31.606
pop_gen100,port5,0.7,100,100,0.15,23,-0.0005658300641984568,0.0033936357024105307,0.02541823435827973,3.634043546383403,4319,5681,24.912
pop_gen100,port5,0.7,100,100,0.15,22,-0.0005660495133554657,0.00339175916663646,0.02539623809699473,3.632037383753779,4743,5257,25.263
pop_gen100,port5,0.7,100,100,0.15,25,-0.0005660495133554657,0.00339175916663646,0.02539623809699473,3.632037383753779,3754,6246,24.571
pop_gen100,port5,0.7,100,100,0.15,24,-0.0005652268694620278,0.003397784280191478,0.025470106135720743,3.644575533589489,4820,5180,28.393
pop_gen100,port5,0.7,100,100,0.15,27,-0.0005660495133554657,0.00339175916663646,0.02539623809699473,3.632037383753779,4585,5415,25.055
pop_gen100,port5,0.7,100,100,0.15,26,-0.0005658300641984568,0.0033936357024105307,0.02541823435827973,3.634043546383403,4631,5369,28.061
pop_gen100,port5,0.7,100,100,0.15,28,-0.0005660495133554657,0.00339175916663646,0.02539623809699473,3.632037383753779,4466,5534,26.655
pop_gen100,port5,0.7,100,100,0.15,29,-0.0005660495133554657,0.00339175916663646,0.02539623809699473,3.632037383753779,4453,5547,27.457
pop_gen100,port5,0.7,100,100,0.15,30,-0.0005660495133554657,0.00339175916663646,0.02539623809699473,3.632037383753779,4700,5300,29.384
pop_gen100,port5,0.9,100,100,0.15,2,0.00015600792962490445,0.002155670856778801,0.020318984426250367,1.0208961095237223,4503,5497,26.865
pop_gen100,port5,0.9,100,100,0.15,5,0.00015688479978740472,0.0021703548400182197,0.020383007187067113,1.1562708247404487,4086,5914,23.969
pop_gen100,port5,0.9,100,100,0.15,1,0.00015600792962490445,0.002155670856778801,0.020318984426250367,1.0208961095237223,4866,5134,30.281
pop_gen100,port5,0.9,100,100,0.15,6,0.00015600792962490445,0.002155670856778801,0.020318984426250367,1.0208961095237223,4308,5692,25.376
pop_gen100,port5,0.9,100,100,0.15,3,0.00015600792962490445,0.002155670856778801,0.020318984426250367,1.0208961095237223,4789,5211,28.704
pop_gen100,port5,0.9,100,100,0.15,7,0.00015600792962490445,0.002155670856778801,0.020318984426250367,1.0208961095237223,4274,5726,24.905
pop_gen100,port5,0.9,100,100,0.15,4,0.00015600792962490445,0.002155670856778801,0.020318984426250367,1.0208961095237223,4896,5104,32.09
pop_gen100,port5,0.9,100,100,0.15,8,0.00015600792962490445,0.002155670856778801,0.020318984426250367,1.0208961095237223,4487,5513,26.4
pop_gen100,port5,0.9,100,100,0.15,11,0.00015600792962490445,0.002155670856778801,0.020318984426250367,1.0208961095237223,3658,6342,21.846
pop_gen100,port5,0.9,100,100,0.15,10,0.00015600792962490445,0.002155670856778801,0.020318984426250367,1.0208961095237223,4606,5394,27.054
pop_gen100,port5,0.9,100,100,0.15,9,0.00015600792962490445,0.002155670856778801,0.020318984426250367,1.0208961095237223,5139,4861,30.229
pop_gen100,port5,0.9,100,100,0.15,12,0.00015600792962490445,0.002155670856778801,0.020318984426250367,1.0208961095237223,4063,5937,24.666
pop_gen100,port5,0.9,100,100,0.15,16,0.00015706333310954468,0.0021906705005465604,0.020443156506768295,1.1997816045485867,3681,6319,20.222
pop_gen100,port5,0.9,100,100,0.15,13,0.00015600792962490445,0.002155670856778801,0.020318984426250367,1.0208961095237223,4534,5466,26.294
pop_gen100,port5,0.9,100,100,0.15,18,0.00015600792962490445,0.002155670856778801,0.020318984426250367,1.0208961095237223,3527,6473,20.181
pop_gen100,port5,0.9,100,100,0.15,17,0.00015600792962490445,0.002155670856778801,0.020318984426250367,1.0208961095237223,4634,5366,26.007
pop_gen100,port5,0.9,100,100,0.15,15,0.00015600792962490445,0.002155670856778801,0.020318984426250367,1.0208961095237223,4468,5532,28.422
pop_gen100,port5,0.9,100,100,0.15,19,0.00015600792962490445,0.002155670856778801,0.020318984426250367,1.0208961095237223,4134,5866,23.604
pop_gen100,port5,0.9,100,100,0.15,14,0.00015600792962490445,0.002155670856778801,0.020318984426250367,1.0208961095237223,5080,4920,32.524
pop_gen100,port5,0.9,100,100,0.15,20,0.00015600792962490445,0.002155670856778801,0.020318984426250367,1.0208961095237223,4295,5705,25.326
pop_gen100,port5,0.9,100,100,0.15,22,0.00015600792962490445,0.002155670856778801,0.020318984426250367,1.0208961095237223,3874,6126,22.661
pm_only,port5,0.1,50,100,0.02,1,-0.0030725174267756906,0.0034929299999999996,0.026668253265691996,3.3248810203608428,1177,3773,5.709
pop_gen100,port5,0.9,100,100,0.15,23,0.00015688479978740472,0.0021703548400182197,0.020383007187067113,1.1562708247404487,4308,5692,24.139
pop_gen100,port5,0.9,100,100,0.15,21,0.00015600792962490445,0.002155670856778801,0.020318984426250367,1.0208961095237223,4777,5223,27.499
pm_only,port5,0.1,50,100,0.02,2,-0.0030634978837066145,0.0034878,0.027481287505025275,4.608425862185306,1296,3654,5.675
pm_only,port5,0.1,50,100,0.02,3,-0.003067994584295764,0.003487659999999999,0.026626944192722518,3.40587985754256,1222,3728,5.1
pm_only,port5,0.1,50,100,0.02,5,-0.0030793961720169583,0.0035010700000000002,0.026751977120026353,3.229151434015053,1088,3862,4.909
pm_only,port5,0.1,50,100,0.02,4,-0.003072986138516286,0.0034934300000000005,0.026664744792274826,3.305565348241229,1202,3748,5.675
pm_only,port5,0.1,50,100,0.02,6,-0.003034499563709337,0.0034591200000000004,0.028055023844342664,6.081298809126323,953,3997,4.271
pop_gen100,port5,0.9,100,100,0.15,24,0.00015600792962490445,0.002155670856778801,0.020318984426250367,1.0208961095237223,4326,5674,24.691
pm_only,port5,0.1,50,100,0.02,7,-0.003009821168512752,0.0034188899999999995,0.02591907241535622,4.0530225489055605,1192,3758,5.585
pm_only,port5,0.1,50,100,0.02,8,-0.003030298351048534,0.00344561,0.02659899414479168,4.526616651185528,1321,3629,5.705
pm_only,port5,0.1,50,100,0.02,9,-0.0030749548366553123,0.0034961500000000004,0.026754469410677526,3.3689555736817565,1113,3837,5.261
pm_only,port5,0.1,50,100,0.02,10,-0.0030793961720169583,0.0035010700000000002,0.026751977120026353,3.229151434015053,1221,3729,4.923
pop_gen100,port5,0.9,100,100,0.15,27,0.00015600792962490445,0.002155670856778801,0.020318984426250367,1.0208961095237223,4156,5844,23.58
pm_only,port5,0.1,50,100,0.02,12,-0.0030793961720169583,0.0035010700000000002,0.026751977120026353,3.229151434015053,1270,3680,5.537
pm_only,port5,0.1,50,100,0.02,11,-0.003078906898654833,0.00350062,0.026767723352046083,3.2655880967835023,1469,3481,7.044
pm_only,port5,0.1,50,100,0.02,13,-0.003078906898654833,0.00350062,0.026767723352046083,3.2655880967835023,1478,3472,6.505
pop_gen100,port5,0.9,100,100,0.15,25,0.00015600792962490445,0.002155670856778801,0.020318984426250367,1.0208961095237223,4967,5033,28.412
pm_only,port5,0.1,50,100,0.02,14,-0.0030640125737693225,0.00348825,0.027461323025425678,4.570626972197448,1344,3606,5.679
pop_gen100,port5,0.9,100,100,0.15,26,0.00015600792962490445,0.002155670856778801,0.020318984426250367,1.0208961095237223,4286,5714,27.258
pm_only,port5,0.1,50,100,0.02,15,-0.0030395155684998236,0.0034645,0.02802399534330843,5.899671391900735,1298,3652,5.762
pm_only,port5,0.1,50,100,0.02,16,-0.003077020968377917,0.0034982500000000005,0.026721532819448005,3.260416918577845,1411,3539,6.244
pm_only,port5,0.1,50,100,0.02,17,-0.0030711106392880983,0.00349573,0.027394590836860848,4.279652520090685,1213,3737,5.167
pm_only,port5,0.1,50,100,0.02,21,-0.003062678930999929,0.00348588,0.02731539291316725,4.445651978437453,910,4040,3.998
pm_only,port5,0.1,50,100,0.02,18,-0.0030762884640513706,0.0034980600000000003,0.026826392964509716,3.4247971318552457,1368,3582,5.906
pm_only,port5,0.1,50,100,0.02,19,-0.003078906898654833,0.00350062,0.026767723352046083,3.2655880967835023,1282,3668,5.898
pop_gen100,port5,0.9,100,100,0.15,30,0.00015600792962490445,0.002155670856778801,0.020318984426250367,1.0208961095237223,4262,5738,26.284
pm_only,port5,0.1,50,100,0.02,22,-0.0030694159446649698,0.0034899199999999997,0.026741738039070994,3.521699044503503,1236,3714,5.344
pm_only,port5,0.1,50,100,0.02,23,-0.00307391498180868,0.0034952399999999993,0.026795712006087685,3.4566208480127494,1104,3846,4.87
pm_only,port5,0.1,50,100,0.02,24,-0.0030744040586787777,0.0034953,0.026714404601492072,3.3309810330486003,1047,3903,5.32
pop_gen100,port5,0.9,100,100,0.15,29,0.00015600792962490445,0.002155670856778801,0.020318984426250367,1.0208961095237223,5026,4974,30.096
pop_gen100,port5,0.9,100,100,0.15,28,0.00015600792962490445,0.002155670856778801,0.020318984426250367,1.0208961095237223,4982,5018,30.617
pm_only,port5,0.1,50,100,0.02,20,-0.003078906898654833,0.00350062,0.026767723352046083,3.2655880967835023,1763,3187,8.367
pm_only,port5,0.1,50,100,0.02,25,-0.0029637401795425842,0.00337188,0.026636782924635446,6.627497333435172,1326,3624,5.966
pm_only,port5,0.1,50,100,0.02,26,-0.0030762884640513706,0.0034980600000000003,0.026826392964509716,3.4247971318552457,1256,3694,5.38
pm_only,port5,0.1,50,100,0.02,27,-0.00307251918526872,0.00349325,0.026721866463868094,3.399200631474204,1165,3785,5.069
pm_only,port5,0.1,50,100,0.02,28,-0.003065021079949783,0.0034847299999999997,0.026690058083529408,3.585775754660205,1194,3756,5.014
pm_only,port5,0.1,50,100,0.02,29,-0.0030762884640513706,0.0034980600000000003,0.026826392964509716,3.4247971318552457,1394,3556,5.932
pm_only,port5,0.3,50,100,0.02,1,-0.002232612176036334,0.0034953000000000002,0.026714404601492076,3.3309810330486,1283,3667,5.477
pm_only,port5,0.3,50,100,0.02,2,-0.0021975324617336638,0.003446871648681179,0.02678791346504126,4.781009105368828,1371,3579,6.068
pm_only,port5,0.3,50,100,0.02,3,-0.0022164667176795064,0.00346893,0.02656967458842839,3.8336982232844807,1143,3807,5.719
pm_only,port5,0.1,50,100,0.02,30,-0.0030793961720169583,0.0035010700000000002,0.026751977120026353,3.229151434015053,1804,3146,8.179
pm_only,port5,0.3,50,100,0.02,4,-0.002235480695964498,0.00350062,0.026767723352046083,3.2655880967835023,1212,3738,5.725
pm_only,port5,0.3,50,100,0.02,9,-0.002218810789947496,0.0034724300000000003,0.026576318408971043,3.7473040302150507,1083,3867,4.827
pm_only,port5,0.3,50,100,0.02,7,-0.0021880441048882683,0.003418245057104013,0.026123261351047585,4.473545402371823,1230,3720,5.577
pm_only,port5,0.3,50,100,0.02,8,-0.0022296903356295097,0.0034908300000000003,0.026701477135824644,3.434651181498895,1359,3591,5.998
pm_only,port5,0.3,50,100,0.02,5,-0.0021452042897716493,0.003358584741482478,0.026191921735914742,6.265461091459965,1219,3731,6.366
pm_only,port5,0.3,50,100,0.02,10,-0.0022001986508367547,0.003443928917588364,0.02649223732058759,4.40207402501635,1214,3736,6.669
pm_only,port5,0.3,50,100,0.02,6,-0.0022360485160508757,0.00350107,0.026751977120026353,3.229151434015065,1659,3291,8.229
pm_only,port5,0.3,50,100,0.02,11,-0.0022360485160508757,0.00350107,0.026751977120026353,3.229151434015065,1285,3665,5.881
pm_only,port5,0.3,50,100,0.02,12,-0.0022360485160508757,0.00350107,0.026751977120026353,3.229151434015065,1317,3633,6.166
pm_only,port5,0.3,50,100,0.02,13,-0.0022239290645650975,0.003486319127210079,0.026863502159495012,3.80394773173273,1250,3700,5.646
pm_only,port5,0.3,50,100,0.02,15,-0.0021950387240610944,0.0034350512142933437,0.026425816035602127,4.539095360175852,1215,3735,5.478
pm_only,port5,0.3,50,100,0.02,16,-0.0022205807951894184,0.003479689950963772,0.026783214300827935,3.8673254699283306,1226,3724,5.516
pm_only,port5,0.3,50,100,0.02,14,-0.0021549061577465175,0.003392266338790481,0.027060443418812096,6.674413587099445,1363,3587,6.709
pm_only,port5,0.3,50,100,0.02,17,-0.0022360485160508757,0.00350107,0.026751977120026353,3.229151434015065,1291,3659,5.685
pm_only,port5,0.3,50,100,0.02,19,-0.002235480695964498,0.00350062,0.026767723352046083,3.2655880967835023,1123,3827,5.116
pm_only,port5,0.3,50,100,0.02,18,-0.0022327453921541112,0.0034980600000000003,0.026826392964509716,3.4247971318552457,1260,3690,6.064
pm_only,port5,0.3,50,100,0.02,20,-0.002232612176036334,0.0034953000000000002,0.026714404601492076,3.3309810330486,1292,3658,5.868
pm_only,port5,0.3,50,100,0.02,21,-0.0022230183063883307,0.0034843019558730326,0.026832384831442783,3.8135290873382917,1102,3848,5.349
pm_only,port5,0.3,50,100,0.02,23,-0.0021467290167527945,0.0033612931065199908,0.02621552706642886,6.2318422607991675,1049,3901,4.843
pm_only,port5,0.3,50,100,0.02,22,-0.0022360485160508757,0.00350107,0.026751977120026353,3.229151434015065,1556,3394,6.592
pm_only,port5,0.3,50,100,0.02,24,-0.0022360485160508757,0.00350107,0.026751977120026353,3.229151434015065,1370,3580,6.716
pm_only,port5,0.3,50,100,0.02,25,-0.002232564509965936,0.00349615,0.026754469410677523,3.3689555736817685,1441,3509,6.598
pm_only,port5,0.3,50,100,0.02,27,-0.0022230183063883307,0.0034843019558730326,0.026832384831442783,3.8135290873382917,1241,3709,5.387
pm_only,port5,0.3,50,100,0.02,28,-0.0022360485160508757,0.00350107,0.026751977120026353,3.229151434015065,1206,3744,5.759
pm_only,port5,0.3,50,100,0.02,30,-0.0022360485160508757,0.00350107,0.026751977120026353,3.229151434015065,1353,3597,5.913
pm_only,port5,0.3,50,100,0.02,26,-0.0021975324617336638,0.003446871648681179,0.02678791346504126,4.781009105368828,1499,3451,6.862
pm_only,port5,0.5,50,100,0.02,2,-0.0013901741832765605,0.003496149999999999,0.026754469410677523,3.3689555736817924,1154,3796,6.165
pm_only,port5,0.5,50,100,0.02,3,-0.0013720332345756303,0.0034088200000000003,0.025782814641709294,4.048918286436402,1286,3664,5.82
pm_only,port5,0.3,50,100,0.02,29,-0.0022360485160508757,0.00350107,0.026751977120026353,3.229151434015065,1718,3232,7.876
pm_only,port5,0.5,50,100,0.02,1,-0.0013927008600847935,0.0035010700000000002,0.026751977120026357,3.229151434015053,1455,3495,7.392
pm_only,port5,0.5,50,100,0.02,4,-0.0013851985408043271,0.0034791700000000006,0.02662278945548993,3.634465851250098,1380,3570,6.085
pm_only,port5,0.5,50,100,0.02,5,-0.0013895959263436012,0.0034932500000000007,0.026721866463868097,3.3992006314741916,1180,3770,5.581
pm_only,port5,0.5,50,100,0.02,6,-0.0013702818948594586,0.0034356399999999994,0.02636429802367366,4.419037065874018,1182,3768,5.721
pm_only,port5,0.5,50,100,0.02,7,-0.0013326146249750457,0.0033731699999999996,0.026607155993264457,6.546393239405657,1420,3530,7.057
pm_only,port5,0.5,50,100,0.02,9,-0.0013877407604482067,0.00349042,0.02673833351395682,3.5026735920156193,1146,3804,6.038
pm_only,port5,0.5,50,100,0.02,8,-0.0013908202933938896,0.0034953,0.026714404601492072,3.3309810330486003,1414,3536,7.133
pm_only,port5,0.5,50,100,0.02,12,-0.001321526537296914,0.0032993599999999994,0.025618487960966236,6.776292361685305,956,3994,4.96
pm_only,port5,0.5,50,100,0.02,11,-0.0013927008600847935,0.0035010700000000002,0.026751977120026357,3.229151434015053,1179,3771,6.365
pm_only,port5,0.5,50,100,0.02,10,-0.0013921048418895814,0.0034982499999999996,0.026721532819448005,3.260416918577869,1416,3534,7.538
pm_only,port5,0.5,50,100,0.02,14,-0.0013883830436883875,0.00349087,0.026722722777127804,3.4663373964960784,1280,3670,6.543
pm_only,port5,0.5,50,100,0.02,13,-0.0013295832200495362,0.00344645,0.02805857373247843,6.429331346920099,1114,3836,6.967
pm_only,port5,0.5,50,100,0.02,16,-0.0013927008600847935,0.0035010700000000002,0.026751977120026357,3.229151434015053,1355,3595,7.005
pm_only,port5,0.5,50,100,0.02,17,-0.0013697191183164657,0.0034328199999999996,0.026332143159398715,4.442366042566025,1053,3897,6.257
pm_only,port5,0.5,50,100,0.02,15,-0.0013892776538411917,0.00349569,0.026779370648273588,3.419472029245276,1378,3572,7.594
pm_only,port5,0.5,50,100,0.02,18,-0.0013851985408043271,0.0034791700000000006,0.02662278945548993,3.634465851250098,1113,3837,7.638
pm_only,port5,0.5,50,100,0.02,21,-0.0013927008600847935,0.0035010700000000002,0.026751977120026357,3.229151434015053,1139,3811,5.878
pm_only,port5,0.5,50,100,0.02,19,-0.0013920544932741633,0.0035006199999999994,0.02676772335204608,3.2655880967835023,1332,3618,6.547
pm_only,port5,0.5,50,100,0.02,23,-0.001335305441745041,0.0033844900000000004,0.026718516360567605,6.401789823069847,1269,3681,6.435
pm_only,port5,0.5,50,100,0.02,20,-0.001369855217463142,0.0033986800000000003,0.02567040251094081,4.087638750401338,979,3971,7.245
pm_only,port5,0.5,50,100,0.02,22,-0.0013927008600847935,0.0035010700000000002,0.026751977120026357,3.229151434015053,1320,3630,7.227
pm_only,port5,0.5,50,100,0.02,25,-0.0013912106925814262,0.00349343,0.02666474479227483,3.3055653482412524,1076,3874,5.435
pm_only,port5,0.5,50,100,0.02,27,-0.0013912106925814262,0.00349343,0.02666474479227483,3.3055653482412524,1131,3819,5.541
pm_only,port5,0.5,50,100,0.02,28,-0.0013833869269423353,0.0034733999999999998,0.02658244055980054,3.7302156473605477,1080,3870,5.202
pm_only,port5,0.5,50,100,0.02,29,-0.001335305441745041,0.0033844900000000004,0.026718516360567605,6.401789823069847,1307,3643,5.768
pm_only,port5,0.5,50,100,0.02,24,-0.0013921048418895814,0.0034982499999999996,0.026721532819448005,3.260416918577869,1377,3573,7.776
pm_only,port5,0.5,50,100,0.02,26,-0.0013921048418895814,0.0034982499999999996,0.026721532819448005,3.260416918577869,1603,3347,8.864
pm_only,port5,0.7,50,100,0.02,1,-0.0005648470516455898,0.003391852599786295,0.025430822926134876,3.7161096469182286,1129,3821,5.824
pm_only,port5,0.7,50,100,0.02,2,-0.0005660495133554657,0.00339175916663646,0.02539623809699473,3.632037383753779,1131,3819,5.787
pm_only,port5,0.5,50,100,0.02,30,-0.0013921048418895814,0.0034982499999999996,0.026721532819448005,3.260416918577869,1413,3537,6.624
pm_only,port5,0.7,50,100,0.02,3,-0.0005660495133554657,0.00339175916663646,0.02539623809699473,3.632037383753779,1182,3768,6.273
pm_only,port5,0.7,50,100,0.02,4,-0.0005557609236616723,0.00341360368243951,0.02586559162478714,4.090294885678183,1201,3749,6.939
pm_only,port5,0.7,50,100,0.02,5,-0.0005660495133554657,0.00339175916663646,0.02539623809699473,3.632037383753779,1361,3589,6.797
pm_only,port5,0.7,50,100,0.02,9,-0.0005657454530780918,0.003382109766829243,0.025323266460783256,3.7188387403728824,1081,3869,5.619
pm_only,port5,0.7,50,100,0.02,8,-0.0005652444167821157,0.0033923993966957326,0.025424268558845338,3.6842257423363973,1324,3626,6.679
pm_only,port5,0.7,50,100,0.02,6,-0.0005658300641984568,0.0033936357024105307,0.02541823435827973,3.634043546383403,1352,3598,7.868
pm_only,port5,0.7,50,100,0.02,10,-0.0005645799813896435,0.0033875758758537084,0.025402271590393228,3.766108366397661,1204,3746,6.999
pm_only,port5,0.7,50,100,0.02,7,-0.0005660495133554657,0.00339175916663646,0.02539623809699473,3.632037383753779,1517,3433,7.901
pm_only,port5,0.7,50,100,0.02,12,-0.0005472972524481128,0.00324527,0.024677454937999218,4.286492359580679,1285,3665,6.637
pm_only,port5,0.7,50,100,0.02,15,-0.0005496481506418818,0.003374768011527947,0.025712205351225228,4.854764621937431,1157,3793,6.028
pm_only,port5,0.7,50,100,0.02,13,-0.0005660495133554657,0.00339175916663646,0.02539623809699473,3.632037383753779,1486,3464,7.991
pm_only,port5,0.7,50,100,0.02,14,-0.0005658300641984568,0.0033936357024105307,0.02541823435827973,3.634043546383403,1676,3274,8.475
pm_only,port5,0.7,50,100,0.02,18,-0.0005656603963216619,0.003385819903531825,0.025357038322380905,3.7008874742159823,1105,3845,5.695
pm_only,port5,0.7,50,100,0.02,11,-0.0005660495133554657,0.00339175916663646,0.02539623809699473,3.632037383753779,1429,3521,9.481
pm_only,port5,0.7,50,100,0.02,17,-0.000556940229685179,0.00343577999914869,0.026016307250300543,3.776650391640997,1405,3545,7.235
pm_only,port5,0.7,50,100,0.02,19,-0.0005658300641984568,0.0033936357024105307,0.02541823435827973,3.634043546383403,1291,3659,6.807
pm_only,port5,0.7,50,100,0.02,22,-0.0005611630860022686,0.0033722221753392954,0.025368810057107533,4.117762474774403,1308,3642,6.582
pm_only,port5,0.7,50,100,0.02,16,-0.0005610161984364612,0.0033617909649068943,0.02528469585216682,4.195878418310652,1511,3439,9.715
pm_only,port5,0.7,50,100,0.02,21,-0.0005660495133554657,0.00339175916663646,0.02539623809699473,3.632037383753779,1043,3907,7.371
pm_only,port5,0.7,50,100,0.02,20,-0.0005609178738836796,0.003350040991946868,0.025187707424183293,4.26652858090714,1660,3290,10.595
pm_only,port5,0.7,50,100,0.02,23,-0.000561283110383338,0.0033561269279584233,0.025229092277544215,4.207377535580687,1474,3476,8.031
pm_only,port5,0.7,50,100,0.02,27,-0.0005645799813896435,0.0033875758758537084,0.025402271590393228,3.766108366397661,1066,3884,5.744
pm_only,port5,0.7,50,100,0.02,25,-0.0005658300641984568,0.0033936357024105307,0.02541823435827973,3.634043546383403,1338,3612,6.964
pm_only,port5,0.7,50,100,0.02,24,-0.0005648470516455898,0.003391852599786295,0.025430822926134876,3.7161096469182286,1498,3452,7.469
pm_only,port5,0.7,50,100,0.02,26,-0.000559549754980491,0.0033682668340533906,0.025380822209903914,4.260667728636194,1260,3690,6.386
pm_only,port5,0.7,50,100,0.02,29,-0.0005660495133554657,0.00339175916663646,0.02539623809699473,3.632037383753779,1495,3455,7.854
pm_only,port5,0.7,50,100,0.02,30,-0.0005660495133554657,0.00339175916663646,0.02539623809699473,3.632037383753779,1438,3512,7.625
pm_only,port5,0.7,50,100,0.02,28,-0.0005555589947901296,0.0034074079575196407,0.025819798396517435,4.167823595018355,1410,3540,8.928
pm_only,port5,0.9,50,100,0.02,1,0.00016249853569285768,0.002163434989659079,0.020516714992056966,1.9066783754606296,1433,3517,8.591
pm_only,port5,0.9,50,100,0.02,7,0.00015972724177182923,0.0021720040096339316,0.02046481106504589,1.541575458967268,1030,3920,6.016
pm_only,port5,0.9,50,100,0.02,2,0.00016249853569285768,0.002163434989659079,0.020516714992056966,1.9066783754606296,1335,3615,9.807
pm_only,port5,0.9,50,100,0.02,9,0.00016105300659921654,0.002330530260438805,0.020925954980016166,1.7419648240468408,1244,3706,8.1
pm_only,port5,0.9,50,100,0.02,3,0.00015600792962490445,0.002155670856778801,0.020318984426250367,1.0208961095237223,1499,3451,11.688
pm_only,port5,0.9,50,100,0.02,6,0.00015882206087046655,0.0021634517160833465,0.020416965507440158,1.4110131329013795,1574,3376,10.302
pm_only,port5,0.9,50,100,0.02,8,0.00015600792962490445,0.002155670856778801,0.020318984426250367,1.0208961095237223,1482,3468,10.0
pm_only,port5,0.9,50,100,0.02,5,0.00015703682145404218,0.002196211625484234,0.02045748936487199,1.2008167606124243,1709,3241,10.504
pm_only,port5,0.9,50,100,0.02,10,0.00015706333310954468,0.0021906705005465604,0.020443156506768295,1.1997816045485867,1273,3677,8.047
pm_only,port5,0.9,50,100,0.02,4,0.00015600792962490445,0.002155670856778801,0.020318984426250367,1.0208961095237223,1630,3320,11.791
pm_only,port5,0.9,50,100,0.02,12,0.0001639498427114494,0.0021949659607727705,0.020641017384182895,2.124583460371517,1219,3731,8.749
pm_only,port5,0.9,50,100,0.02,11,0.00015703682145404218,0.002196211625484234,0.02045748936487199,1.2008167606124243,1525,3425,9.36
pm_only,port5,0.9,50,100,0.02,13,0.00016189926802544848,0.0020898969500709515,0.020300217925281916,1.7357970074888627,1375,3575,9.401
pm_only,port5,0.9,50,100,0.02,14,0.0001623010419924748,0.0021261408762486855,0.020410104513242763,1.8403901211264957,1404,3546,9.737
pm_only,port5,0.9,50,100,0.02,21,0.0001644248702693195,0.0021926632553067905,0.0206476039987425,2.1865015664745746,1066,3884,6.226
pm_only,port5,0.9,50,100,0.02,15,0.0001573478937991773,0.002200987114386273,0.02047889442647952,1.2462649864161308,1601,3349,10.335
pm_only,port5,0.9,50,100,0.02,18,0.00017137099316239567,0.0018830622834383128,0.01999103192006708,2.5918222559157207,1191,3759,7.399
pm_only,port5,0.9,50,100,0.02,20,0.0001573611421867829,0.002187977445425881,0.020443931094292753,1.2375252021614143,1108,3842,7.272
pm_only,port5,0.9,50,100,0.02,19,0.0002005627581184359,0.0016395785684970574,0.020125180881675503,5.930968106138768,1155,3795,7.736
pm_only,port5,0.9,50,100,0.02,16,0.0001622326018500256,0.0021368214294952698,0.020437295559277906,1.8436485673123868,1359,3591,9.612
pm_only,port5,0.9,50,100,0.02,17,0.00016158400586650784,0.002093767933058759,0.02030218376793721,1.698449716056126,1593,3357,9.791
pm_only,port5,0.9,50,100,0.02,23,0.00015688479978740472,0.0021703548400182197,0.020383007187067113,1.1562708247404487,1294,3656,7.738
pm_only,port5,0.9,50,100,0.02,22,0.0001622326018500256,0.0021368214294952698,0.020437295559277906,1.8436485673123868,1510,3440,8.694
pm_only,port5,0.9,50,100,0.02,25,0.000166638587183075,0.0024130510168329836,0.02129015653787171,2.366265566216323,883,4067,6.084
pm_only,port5,0.9,50,100,0.02,24,0.00015600792962490445,0.002155670856778801,0.020318984426250367,1.0208961095237223,1597,3353,9.779
pm_only,port5,0.9,50,100,0.02,26,0.00015688479978740472,0.0021703548400182197,0.020383007187067113,1.1562708247404487,1323,3627,8.476
pm_only,port5,0.9,50,100,0.02,29,0.00016503166595235522,0.001916394634848688,0.019907316618023856,1.7869702295883543,1302,3648,7.11
pm_only,port5,0.9,50,100,0.02,28,0.00015718146103704684,0.002174333022045876,0.0204019270125162,1.200452380295532,1213,3737,7.461
pm_only,port5,0.9,50,100,0.02,30,0.00015706333310954468,0.0021906705005465604,0.020443156506768295,1.1997816045485867,1186,3764,7.241
pm_only,port5,0.9,50,100,0.02,27,0.00015600792962490445,0.002155670856778801,0.020318984426250367,1.0208961095237223,1556,3394,9.76
pop_gen,port5,0.1,100,50,0.15,1,-0.003078906898654833,0.00350062,0.026767723352046083,3.2655880967835023,4016,1034,14.532
pop_gen,port5,0.1,100,50,0.15,3,-0.0030793961720169583,0.0035010700000000002,0.026751977120026353,3.229151434015053,3503,1547,13.83
pop_gen,port5,0.1,100,50,0.15,2,-0.0030793961720169583,0.0035010700000000002,0.026751977120026353,3.229151434015053,3689,1361,14.472
pop_gen,port5,0.1,100,50,0.15,6,-0.0030762884640513706,0.0034980600000000003,0.026826392964509716,3.4247971318552457,3122,1928,12.329
pop_gen,port5,0.1,100,50,0.15,4,-0.003078906898654833,0.00350062,0.026767723352046083,3.2655880967835023,3618,1432,14.409
pop_gen,port5,0.1,100,50,0.15,5,-0.0030793961720169583,0.0035010700000000002,0.026751977120026353,3.229151434015053,3925,1125,15.032
pop_gen,port5,0.1,100,50,0.15,7,-0.0030793961720169583,0.0035010700000000002,0.026751977120026353,3.229151434015053,4000,1050,15.562
pop_gen,port5,0.1,100,50,0.15,11,-0.0030793961720169583,0.0035010700000000002,0.026751977120026353,3.229151434015053,3715,1335,14.238
pop_gen,port5,0.1,100,50,0.15,10,-0.0030793961720169583,0.0035010700000000002,0.026751977120026353,3.229151434015053,3538,1512,14.916
pop_gen,port5,0.1,100,50,0.15,8,-0.0030793961720169583,0.0035010700000000002,0.026751977120026353,3.229151434015053,3841,1209,15.683
pop_gen,port5,0.1,100,50,0.15,9,-0.0030793961720169583,0.0035010700000000002,0.026751977120026353,3.229151434015053,3857,1193,15.599
pop_gen,port5,0.1,100,50,0.15,12,-0.0030793961720169583,0.0035010700000000002,0.026751977120026353,3.229151434015053,3856,1194,16.32
pop_gen,port5,0.1,100,50,0.15,14,-0.0030793961720169583,0.0035010700000000002,0.026751977120026353,3.229151434015053,3373,1677,13.209
pop_gen,port5,0.1,100,50,0.15,13,-0.003078906898654833,0.00350062,0.026767723352046083,3.2655880967835023,3646,1404,14.171
pop_gen,port5,0.1,100,50,0.15,15,-0.0030793961720169583,0.0035010700000000002,0.026751977120026353,3.229151434015053,3302,1748,14.057
pop_gen,port5,0.1,100,50,0.15,16,-0.0030762884640513706,0.0034980600000000003,0.026826392964509716,3.4247971318552457,3824,1226,14.123
pop_gen,port5,0.1,100,50,0.15,18,-0.003078906898654833,0.00350062,0.026767723352046083,3.2655880967835023,3246,1804,12.885
pop_gen,port5,0.1,100,50,0.15,17,-0.0030793961720169583,0.0035010700000000002,0.026751977120026353,3.229151434015053,3277,1773,14.438
pop_gen,port5,0.1,100,50,0.15,19,-0.0030793961720169583,0.0035010700000000002,0.026751977120026353,3.229151434015053,3538,1512,13.416
pop_gen,port5,0.1,100,50,0.15,20,-0.0030793961720169583,0.0035010700000000002,0.026751977120026353,3.229151434015053,3752,1298,14.248
pop_gen,port5,0.1,100,50,0.15,23,-0.0030793961720169583,0.0035010700000000002,0.026751977120026353,3.229151434015053,3471,1579,13.924
pop_gen,port5,0.1,100,50,0.15,21,-0.0030729702654200145,0.003498100000000001,0.027444441072826876,4.279378514859651,3542,1508,15.257
pop_gen,port5,0.1,100,50,0.15,22,-0.0030793961720169583,0.0035010700000000002,0.026751977120026353,3.229151434015053,3569,1481,15.727
pop_gen,port5,0.1,100,50,0.15,24,-0.0030793961720169583,0.0035010700000000002,0.026751977120026353,3.229151434015053,3853,1197,15.671
pop_gen,port5,0.1,100,50,0.15,27,-0.0030762884640513706,0.0034980600000000003,0.026826392964509716,3.4247971318552457,3036,2014,12.875
pop_gen,port5,0.1,100,50,0.15,26,-0.0030793961720169583,0.0035010700000000002,0.026751977120026353,3.229151434015053,3081,1969,13.011
pop_gen,port5,0.1,100,50,0.15,25,-0.0030793961720169583,0.0035010700000000002,0.026751977120026353,3.229151434015053,3761,1289,14.467
pop_gen,port5,0.1,100,50,0.15,29,-0.0030793961720169583,0.0035010700000000002,0.026751977120026353,3.229151434015053,3002,2048,12.092
pop_gen,port5,0.1,100,50,0.15,28,-0.0030793961720169583,0.0035010700000000002,0.026751977120026353,3.229151434015053,3773,1277,14.393
pop_gen,port5,0.1,100,50,0.15,30,-0.0030729702654200145,0.003498100000000001,0.027444441072826876,4.279378514859651,3829,1221,13.837
pop_gen,port5,0.3,100,50,0.15,1,-0.002235480695964498,0.00350062,0.026767723352046083,3.2655880967835023,3639,1411,14.428
pop_gen,port5,0.3,100,50,0.15,3,-0.0022360485160508757,0.00350107,0.026751977120026353,3.229151434015065,3454,1596,13.614
pop_gen,port5,0.3,100,50,0.15,2,-0.0022360485160508757,0.00350107,0.026751977120026353,3.229151434015065,3812,1238,15.46
pop_gen,port5,0.3,100,50,0.15,4,-0.0022360485160508757,0.00350107,0.026751977120026353,3.229151434015065,3561,1489,14.225
pop_gen,port5,0.3,100,50,0.15,5,-0.0022311263201794866,0.0034924800000000005,0.02668393273242119,3.3617984107702097,3891,1159,15.667
pop_gen,port5,0.3,100,50,0.15,6,-0.0022360485160508757,0.00350107,0.026751977120026353,3.229151434015065,3368,1682,14.398
pop_gen,port5,0.3,100,50,0.15,10,-0.0022360485160508757,0.00350107,0.026751977120026353,3.229151434015065,3394,1656,13.899
pop_gen,port5,0.3,100,50,0.15,9,-0.002235480695964498,0.00350062,0.026767723352046083,3.2655880967835023,3564,1486,14.213
pop_gen,port5,0.3,100,50,0.15,7,-0.0022360485160508757,0.00350107,0.026751977120026353,3.229151434015065,3529,1521,15.586
pop_gen,port5,0.3,100,50,0.15,8,-0.0022360485160508757,0.00350107,0.026751977120026353,3.229151434015065,3770,1280,16.447
pop_gen,port5,0.3,100,50,0.15,11,-0.0022360485160508757,0.00350107,0.026751977120026353,3.229151434015065,3832,1218,14.816
pop_gen,port5,0.3,100,50,0.15,12,-0.0022360485160508757,0.00350107,0.026751977120026353,3.229151434015065,3529,1521,14.429
pop_gen,port5,0.3,100,50,0.15,13,-0.0022360485160508757,0.00350107,0.026751977120026353,3.229151434015065,3853,1197,15.779
pop_gen,port5,0.3,100,50,0.15,14,-0.0022360485160508757,0.00350107,0.026751977120026353,3.229151434015065,3620,1430,14.565
pop_gen,port5,0.3,100,50,0.15,16,-0.0022360485160508757,0.00350107,0.026751977120026353,3.229151434015065,3901,1149,14.66
pop_gen,port5,0.3,100,50,0.15,17,-0.002235480695964498,0.00350062,0.026767723352046083,3.2655880967835023,3097,1953,12.513
pop_gen,port5,0.3,100,50,0.15,15,-0.002235480695964498,0.00350062,0.026767723352046083,3.2655880967835023,3602,1448,15.711
pop_gen,port5,0.3,100,50,0.15,21,-0.002234562905133749,0.0034982499999999996,0.026721532819448005,3.260416918577869,3602,1448,13.761
pop_gen,port5,0.3,100,50,0.15,18,-0.002235480695964498,0.00350062,0.026767723352046083,3.2655880967835023,3815,1235,16.206
pop_gen,port5,0.3,100,50,0.15,19,-0.002235480695964498,0.00350062,0.026767723352046083,3.2655880967835023,3777,1273,15.518
pop_gen,port5,0.3,100,50,0.15,20,-0.0022360485160508757,0.00350107,0.026751977120026353,3.229151434015065,3610,1440,15.445
pop_gen,port5,0.3,100,50,0.15,23,-0.0022360485160508757,0.00350107,0.026751977120026353,3.229151434015065,3481,1569,14.3
pop_gen,port5,0.3,100,50,0.15,24,-0.002235480695964498,0.00350062,0.026767723352046083,3.2655880967835023,3257,1793,14.102
pop_gen,port5,0.3,100,50,0.15,22,-0.0022360485160508757,0.00350107,0.026751977120026353,3.229151434015065,3646,1404,15.83
pop_gen,port5,0.3,100,50,0.15,25,-0.0022360485160508757,0.00350107,0.026751977120026353,3.229151434015065,3730,1320,15.089
pop_gen,port5,0.3,100,50,0.15,26,-0.002235480695964498,0.00350062,0.026767723352046083,3.2655880967835023,3699,1351,14.788
pop_gen,port5,0.3,100,50,0.15,27,-0.002235480695964498,0.00350062,0.026767723352046083,3.2655880967835023,3324,1726,13.5
pop_gen,port5,0.3,100,50,0.15,28,-0.0022360485160508757,0.00350107,0.026751977120026353,3.229151434015065,3750,1300,15.028
pop_gen,port5,0.3,100,50,0.15,29,-0.0022296903356295097,0.0034908300000000003,0.026701477135824644,3.434651181498895,3797,1253,15.643
pop_gen,port5,0.3,100,50,0.15,30,-0.0022312649454260427,0.00349524,0.026795712006087692,3.456620848012737,3621,1429,13.932
pop_gen,port5,0.5,100,50,0.15,2,-0.0013927008600847935,0.0035010700000000002,0.026751977120026357,3.229151434015053,3197,1853,13.961
pop_gen,port5,0.5,100,50,0.15,3,-0.0013927008600847935,0.0035010700000000002,0.026751977120026357,3.229151434015053,2959,2091,14.239
pop_gen,port5,0.5,100,50,0.15,5,-0.0013921048418895814,0.0034982499999999996,0.026721532819448005,3.260416918577869,2846,2204,13.165
pop_gen,port5,0.5,100,50,0.15,4,-0.0013927008600847935,0.0035010700000000002,0.026751977120026357,3.229151434015053,3412,1638,15.124
pop_gen,port5,0.5,100,50,0.15,1,-0.0013927008600847935,0.0035010700000000002,0.026751977120026357,3.229151434015053,3653,1397,16.842
pop_gen,port5,0.5,100,50,0.15,6,-0.0013927008600847935,0.0035010700000000002,0.026751977120026357,3.229151434015053,3555,1495,15.747
pop_gen,port5,0.5,100,50,0.15,7,-0.0013921048418895814,0.0034982499999999996,0.026721532819448005,3.260416918577869,3846,1204,16.544
pop_gen,port5,0.5,100,50,0.15,9,-0.0013921048418895814,0.0034982499999999996,0.026721532819448005,3.260416918577869,3739,1311,16.281
pop_gen,port5,0.5,100,50,0.15,8,-0.0013927008600847935,0.0035010700000000002,0.026751977120026357,3.229151434015053,3774,1276,17.041
pop_gen,port5,0.5,100,50,0.15,10,-0.0013921048418895814,0.0034982499999999996,0.026721532819448005,3.260416918577869,3788,1262,16.336
pop_gen,port5,0.5,100,50,0.15,11,-0.0013927008600847935,0.0035010700000000002,0.026751977120026357,3.229151434015053,3640,1410,15.886
pop_gen,port5,0.5,100,50,0.15,12,-0.0013927008600847935,0.0035010700000000002,0.026751977120026357,3.229151434015053,3682,1368,16.194
pop_gen,port5,0.5,100,50,0.15,13,-0.0013908671338784544,0.003492929999999999,0.026668253265691978,3.3248810203608317,3838,1212,16.191
pop_gen,port5,0.5,100,50,0.15,15,-0.0013908671338784544,0.003492929999999999,0.026668253265691978,3.3248810203608317,3844,1206,17.096
pop_gen,port5,0.5,100,50,0.15,17,-0.0013927008600847935,0.0035010700000000002,0.026751977120026357,3.229151434015053,3365,1685,15.426
pop_gen,port5,0.5,100,50,0.15,14,-0.0013921048418895814,0.0034982499999999996,0.026721532819448005,3.260416918577869,3732,1318,17.636
pop_gen,port5,0.5,100,50,0.15,16,-0.0013927008600847935,0.0035010700000000002,0.026751977120026357,3.229151434015053,3519,1531,16.588
pop_gen,port5,0.5,100,50,0.15,18,-0.0013921048418895814,0.0034982499999999996,0.026721532819448005,3.260416918577869,3653,1397,16.903
pop_gen,port5,0.5,100,50,0.15,21,-0.0013845571649399382,0.0034787200000000002,0.026638424692915375,3.671512803605005,3697,1353,14.89
pop_gen,port5,0.5,100,50,0.15,20,-0.0013927008600847935,0.0035010700000000002,0.026751977120026357,3.229151434015053,3620,1430,15.766
pop_gen,port5,0.5,100,50,0.15,19,-0.0013927008600847935,0.0035010700000000002,0.026751977120026357,3.229151434015053,3792,1258,16.548
pop_gen,port5,0.5,100,50,0.15,23,-0.0013908671338784544,0.003492929999999999,0.026668253265691978,3.3248810203608317,3485,1565,14.938
pop_gen,port5,0.5,100,50,0.15,22,-0.0013927008600847935,0.0035010700000000002,0.026751977120026357,3.229151434015053,3839,1211,16.163
pop_gen,port5,0.5,100,50,0.15,24,-0.0013892023202568518,0.0034980600000000003,0.026826392964509713,3.4247971318552457,3866,1184,16.131
pop_gen,port5,0.5,100,50,0.15,25,-0.0013927008600847935,0.0035010700000000002,0.026751977120026357,3.229151434015053,3654,1396,15.931
pop_gen,port5,0.5,100,50,0.15,28,-0.0013921048418895814,0.0034982499999999996,0.026721532819448005,3.260416918577869,3482,1568,16.694
pop_gen,port5,0.5,100,50,0.15,26,-0.0013927008600847935,0.0035010700000000002,0.026751977120026357,3.229151434015053,3819,1231,17.618
pop_gen,port5,0.5,100,50,0.15,27,-0.0013921048418895814,0.0034982499999999996,0.026721532819448005,3.260416918577869,3743,1307,17.356
pop_gen,port5,0.5,100,50,0.15,29,-0.0013927008600847935,0.0035010700000000002,0.026751977120026357,3.229151434015053,3850,1200,17.547
pop_gen,port5,0.5,100,50,0.15,30,-0.0013921048418895814,0.0034982499999999996,0.026721532819448005,3.260416918577869,3776,1274,16.083
pop_gen,port5,0.7,100,50,0.15,2,-0.0005603489297430037,0.003379673257251927,0.025454526609302284,4.120182750072366,3622,1428,16.894
pop_gen,port5,0.7,100,50,0.15,3,-0.0005660495133554657,0.00339175916663646,0.02539623809699473,3.632037383753779,3496,1554,17.098
pop_gen,port5,0.7,100,50,0.15,1,-0.0005660495133554657,0.00339175916663646,0.02539623809699473,3.632037383753779,3746,1304,18.161
pop_gen,port5,0.7,100,50,0.15,5,-0.0005660495133554657,0.00339175916663646,0.02539623809699473,3.632037383753779,3477,1573,16.725
pop_gen,port5,0.7,100,50,0.15,4,-0.0005657655573206308,0.0033982252465844147,0.025458706527986333,3.604122809610268,3927,1123,18.248
pop_gen,port5,0.7,100,50,0.15,6,-0.0005658300641984568,0.0033936357024105307,0.02541823435827973,3.634043546383403,3341,1709,16.192
pop_gen,port5,0.7,100,50,0.15,7,-0.0005652268694620278,0.003397784280191478,0.025470106135720743,3.644575533589489,3921,1129,18.791
pop_gen,port5,0.7,100,50,0.15,9,-0.0005660495133554657,0.00339175916663646,0.02539623809699473,3.632037383753779,3437,1613,17.618
pop_gen,port5,0.7,100,50,0.15,8,-0.0005660495133554657,0.00339175916663646,0.02539623809699473,3.632037383753779,3415,1635,18.129
pop_gen,port5,0.7,100,50,0.15,10,-0.0005660495133554657,0.00339175916663646,0.02539623809699473,3.632037383753779,3660,1390,18.272
pop_gen,port5,0.7,100,50,0.15,11,-0.0005658300641984568,0.0033936357024105307,0.02541823435827973,3.634043546383403,3577,1473,18.868
pop_gen,port5,0.7,100,50,0.15,12,-0.0005660495133554657,0.00339175916663646,0.02539623809699473,3.632037383753779,3597,1453,18.404
pop_gen,port5,0.7,100,50,0.15,13,-0.0005657655573206308,0.0033982252465844147,0.025458706527986333,3.604122809610268,3099,1951,14.789
pop_gen,port5,0.7,100,50,0.15,15,-0.0005660495133554657,0.00339175916663646,0.02539623809699473,3.632037383753779,3316,1734,15.824
pop_gen,port5,0.7,100,50,0.15,16,-0.0005657454530780918,0.003382109766829243,0.025323266460783256,3.7188387403728824,3436,1614,16.449
pop_gen,port5,0.7,100,50,0.15,14,-0.0005657655573206308,0.0033982252465844147,0.025458706527986333,3.604122809610268,3754,1296,18.306
pop_gen,port5,0.7,100,50,0.15,17,-0.0005660495133554657,0.00339175916663646,0.02539623809699473,3.632037383753779,3759,1291,17.851
pop_gen,port5,0.7,100,50,0.15,18,-0.0005652268694620278,0.003397784280191478,0.025470106135720743,3.644575533589489,3674,1376,19.107
pop_gen,port5,0.7,100,50,0.15,20,-0.0005660495133554657,0.00339175916663646,0.02539623809699473,3.632037383753779,3222,1828,15.32
pop_gen,port5,0.7,100,50,0.15,19,-0.0005651502547282833,0.00338624205995423,0.025374969760938663,3.7348324406847033,3778,1272,18.201
pop_gen,port5,0.7,100,50,0.15,22,-0.0005660495133554657,0.00339175916663646,0.02539623809699473,3.632037383753779,3749,1301,17.997
pop_gen,port5,0.7,100,50,0.15,21,-0.0005660495133554657,0.00339175916663646,0.02539623809699473,3.632037383753779,3772,1278,18.737
pop_gen,port5,0.7,100,50,0.15,23,-0.0005658300641984568,0.0033936357024105307,0.02541823435827973,3.634043546383403,3630,1420,17.845
pop_gen,port5,0.7,100,50,0.15,25,-0.0005660495133554657,0.00339175916663646,0.02539623809699473,3.632037383753779,3136,1914,15.866
pop_gen,port5,0.7,100,50,0.15,24,-0.0005652268694620278,0.003397784280191478,0.025470106135720743,3.644575533589489,3701,1349,18.079
pop_gen,port5,0.7,100,50,0.15,26,-0.0005658300641984568,0.0033936357024105307,0.02541823435827973,3.634043546383403,3552,1498,17.415
pop_gen,port5,0.7,100,50,0.15,28,-0.0005660495133554657,0.00339175916663646,0.02539623809699473,3.632037383753779,3533,1517,17.289
pop_gen,port5,0.7,100,50,0.15,27,-0.0005660495133554657,0.00339175916663646,0.02539623809699473,3.632037383753779,3719,1331,18.123
pop_gen,port5,0.7,100,50,0.15,29,-0.0005613693516267658,0.003367876900918449,0.025326263010354885,4.1318413895144435,3503,1547,16.842
pop_gen,port5,0.7,100,50,0.15,30,-0.0005660495133554657,0.00339175916663646,0.02539623809699473,3.632037383753779,3609,1441,17.161
pop_gen,port5,0.9,100,50,0.15,1,0.0001570365014219648,0.002167334358272769,0.020378908956981363,1.1735943057554459,3696,1354,19.804
pop_gen,port5,0.9,100,50,0.15,2,0.00015600792962490445,0.002155670856778801,0.020318984426250367,1.0208961095237223,3773,1277,21.375
pop_gen,port5,0.9,100,50,0.15,5,0.00015688479978740472,0.0021703548400182197,0.020383007187067113,1.1562708247404487,3336,1714,18.4
pop_gen,port5,0.9,100,50,0.15,3,0.00015688479978740472,0.0021703548400182197,0.020383007187067113,1.1562708247404487,3746,1304,21.096
pop_gen,port5,0.9,100,50,0.15,4,0.00015703682145404218,0.002196211625484234,0.02045748936487199,1.2008167606124243,3818,1232,21.174
pop_gen,port5,0.9,100,50,0.15,6,0.00015600792962490445,0.002155670856778801,0.020318984426250367,1.0208961095237223,3622,1428,19.886
pop_gen,port5,0.9,100,50,0.15,7,0.00015600792962490445,0.002155670856778801,0.020318984426250367,1.0208961095237223,3408,1642,20.35
pop_gen,port5,0.9,100,50,0.15,8,0.00015600792962490445,0.002155670856778801,0.020318984426250367,1.0208961095237223,3746,1304,20.373
pop_gen,port5,0.9,100,50,0.15,11,0.00015600792962490445,0.002155670856778801,0.020318984426250367,1.0208961095237223,3111,1939,18.37
pop_gen,port5,0.9,100,50,0.15,10,0.00015600792962490445,0.002155670856778801,0.020318984426250367,1.0208961095237223,3742,1308,20.694
pop_gen,port5,0.9,100,50,0.15,9,0.00016217555378511875,0.0020552434700373623,0.020212754520869982,1.7159046649362262,3800,1250,21.192
pop_gen,port5,0.9,100,50,0.15,12,0.00015600792962490445,0.002155670856778801,0.020318984426250367,1.0208961095237223,3460,1590,19.536
pop_gen,port5,0.9,100,50,0.15,16,0.00015706333310954468,0.0021906705005465604,0.020443156506768295,1.1997816045485867,3078,1972,15.271
pop_gen,port5,0.9,100,50,0.15,13,0.00015600792962490445,0.002155670856778801,0.020318984426250367,1.0208961095237223,3708,1342,20.803
pop_gen,port5,0.9,100,50,0.15,18,0.00015600792962490445,0.002155670856778801,0.020318984426250367,1.0208961095237223,2978,2072,16.028
pop_gen,port5,0.9,100,50,0.15,14,0.0001612045009264993,0.0021601522924480266,0.020472738789025488,1.7293178290929434,3635,1415,20.362
pop_gen,port5,0.9,100,50,0.15,15,0.00015600792962490445,0.002155670856778801,0.020318984426250367,1.0208961095237223,3752,1298,20.276
pop_gen,port5,0.9,100,50,0.15,19,0.00015600792962490445,0.002155670856778801,0.020318984426250367,1.0208961095237223,3495,1555,18.571
pop_gen,port5,0.9,100,50,0.15,17,0.00015600792962490445,0.002155670856778801,0.020318984426250367,1.0208961095237223,3864,1186,20.667
pop_gen,port5,0.9,100,50,0.15,20,0.00015600792962490445,0.002155670856778801,0.020318984426250367,1.0208961095237223,3587,1463,19.109
pop_gen,port5,0.9,100,50,0.15,22,0.00015600792962490445,0.002155670856778801,0.020318984426250367,1.0208961095237223,3294,1756,16.679
pop_gen,port5,0.9,100,50,0.15,21,0.00015600792962490445,0.002155670856778801,0.020318984426250367,1.0208961095237223,3766,1284,20.458
pop_gen,port5,0.9,100,50,0.15,23,0.00015688479978740472,0.0021703548400182197,0.020383007187067113,1.1562708247404487,3664,1386,19.539
pop_pm,port5,0.1,100,100,0.02,1,-0.003078906898654833,0.00350062,0.026767723352046083,3.2655880967835023,2241,7759,9.335
pop_gen,port5,0.9,100,50,0.15,24,0.00015600792962490445,0.002155670856778801,0.020318984426250367,1.0208961095237223,3629,1421,19.874
pop_gen,port5,0.9,100,50,0.15,26,0.00015697750654269598,0.0021484443668962155,0.020325734734084097,1.1440090782431822,3364,1686,17.661
pop_gen,port5,0.9,100,50,0.15,25,0.00015727530540407176,0.0021976612044201775,0.020467899687236252,1.2339882796765174,3546,1504,18.586
pop_gen,port5,0.9,100,50,0.15,27,0.00015600792962490445,0.002155670856778801,0.020318984426250367,1.0208961095237223,3456,1594,18.283
pop_pm,port5,0.1,100,100,0.02,3,-0.0030725174267756906,0.0034929299999999996,0.026668253265691996,3.3248810203608428,2851,7149,11.685
pop_pm,port5,0.1,100,100,0.02,4,-0.0030793961720169583,0.0035010700000000002,0.026751977120026353,3.229151434015053,2687,7313,11.033
pop_pm,port5,0.1,100,100,0.02,2,-0.0030793961720169583,0.0035010700000000002,0.026751977120026353,3.229151434015053,3338,6662,13.83
pop_pm,port5,0.1,100,100,0.02,5,-0.0030793961720169583,0.0035010700000000002,0.026751977120026353,3.229151434015053,2590,7410,11.317
pop_gen,port5,0.9,100,50,0.15,28,0.00015703682145404218,0.002196211625484234,0.02045748936487199,1.2008167606124243,3721,1329,19.943
pop_gen,port5,0.9,100,50,0.15,30,0.00015600792962490445,0.002155670856778801,0.020318984426250367,1.0208961095237223,3603,1447,20.313
pop_gen,port5,0.9,100,50,0.15,29,0.00015600792962490445,0.002155670856778801,0.020318984426250367,1.0208961095237223,3751,1299,21.515
pop_pm,port5,0.1,100,100,0.02,7,-0.0030744040586787777,0.0034953,0.026714404601492072,3.3309810330486003,2676,7324,10.783
pop_pm,port5,0.1,100,100,0.02,6,-0.0030793961720169583,0.0035010700000000002,0.026751977120026353,3.229151434015053,3234,6766,14.028
pop_pm,port5,0.1,100,100,0.02,9,-0.003078906898654833,0.00350062,0.026767723352046083,3.2655880967835023,2570,7430,10.934
pop_pm,port5,0.1,100,100,0.02,8,-0.0030793961720169583,0.0035010700000000002,0.026751977120026353,3.229151434015053,2747,7253,11.45
pop_pm,port5,0.1,100,100,0.02,12,-0.0030793961720169583,0.0035010700000000002,0.026751977120026353,3.229151434015053,2488,7512,10.375
pop_pm,port5,0.1,100,100,0.02,10,-0.0030793961720169583,0.0035010700000000002,0.026751977120026353,3.229151434015053,3516,6484,14.233
pop_pm,port5,0.1,100,100,0.02,11,-0.0030793961720169583,0.0035010700000000002,0.026751977120026353,3.229151434015053,3131,6869,13.512
pop_pm,port5,0.1,100,100,0.02,13,-0.0030793961720169583,0.0035010700000000002,0.026751977120026353,3.229151434015053,2823,7177,11.887
pop_pm,port5,0.1,100,100,0.02,14,-0.0030685280707674636,0.0034931800000000002,0.027447027021616808,4.417339355044102,2774,7226,11.313
pop_pm,port5,0.1,100,100,0.02,15,-0.003078906898654833,0.00350062,0.026767723352046083,3.2655880967835023,2851,7149,12.296
pop_pm,port5,0.1,100,100,0.02,17,-0.0030793961720169583,0.0035010700000000002,0.026751977120026353,3.229151434015053,2607,7393,11.266
pop_pm,port5,0.1,100,100,0.02,16,-0.0030793961720169583,0.0035010700000000002,0.026751977120026353,3.229151434015053,3048,6952,12.916
pop_pm,port5,0.1,100,100,0.02,18,-0.0030793961720169583,0.0035010700000000002,0.026751977120026353,3.229151434015053,2753,7247,11.439
pop_pm,port5,0.1,100,100,0.02,19,-0.0030793961720169583,0.0035010700000000002,0.026751977120026353,3.229151434015053,2778,7222,11.386
pop_pm,port5,0.1,100,100,0.02,21,-0.0030793961720169583,0.0035010700000000002,0.026751977120026353,3.229151434015053,2626,7374,10.836
pop_pm,port5,0.1,100,100,0.02,20,-0.0030395155684998236,0.0034645,0.02802399534330843,5.899671391900735,2740,7260,11.595
pop_pm,port5,0.1,100,100,0.02,22,-0.003078906898654833,0.00350062,0.026767723352046083,3.2655880967835023,2558,7442,11.032
pop_pm,port5,0.1,100,100,0.02,23,-0.0030793961720169583,0.0035010700000000002,0.026751977120026353,3.229151434015053,2533,7467,10.548
pop_pm,port5,0.1,100,100,0.02,26,-0.0030793961720169583,0.0035010700000000002,0.026751977120026353,3.229151434015053,2444,7556,10.683
pop_pm,port5,0.1,100,100,0.02,25,-0.0030793961720169583,0.0035010700000000002,0.026751977120026353,3.229151434015053,2650,7350,11.364
pop_pm,port5,0.1,100,100,0.02,24,-0.0030793961720169583,0.0035010700000000002,0.026751977120026353,3.229151434015053,2760,7240,12.315
pop_pm,port5,0.1,100,100,0.02,27,-0.003078906898654833,0.00350062,0.026767723352046083,3.2655880967835023,2636,7364,11.2
pop_pm,port5,0.1,100,100,0.02,28,-0.0030793961720169583,0.0035010700000000002,0.026751977120026353,3.229151434015053,2461,7539,10.452
pop_pm,port5,0.1,100,100,0.02,30,-0.0030744040586787777,0.0034953,0.026714404601492072,3.3309810330486003,2831,7169,10.922
pop_pm,port5,0.1,100,100,0.02,29,-0.0030793961720169583,0.0035010700000000002,0.026751977120026353,3.229151434015053,2806,7194,11.845
pop_pm,port5,0.3,100,100,0.02,1,-0.0022360485160508757,0.00350107,0.026751977120026353,3.229151434015065,2879,7121,12.325
pop_pm,port5,0.3,100,100,0.02,3,-0.0022360485160508757,0.00350107,0.026751977120026353,3.229151434015065,2773,7227,12.26
pop_pm,port5,0.3,100,100,0.02,2,-0.0022360485160508757,0.00350107,0.026751977120026353,3.229151434015065,3078,6922,12.711
pop_pm,port5,0.3,100,100,0.02,4,-0.002235480695964498,0.00350062,0.026767723352046083,3.2655880967835023,2677,7323,11.51
pop_pm,port5,0.3,100,100,0.02,5,-0.0022360485160508757,0.00350107,0.026751977120026353,3.229151434015065,2707,7293,11.364
pop_pm,port5,0.3,100,100,0.02,6,-0.0022360485160508757,0.00350107,0.026751977120026353,3.229151434015065,2732,7268,12.1
pop_pm,port5,0.3,100,100,0.02,7,-0.002235480695964498,0.00350062,0.026767723352046083,3.2655880967835023,2646,7354,11.795
pop_pm,port5,0.3,100,100,0.02,8,-0.0022360485160508757,0.00350107,0.026751977120026353,3.229151434015065,2575,7425,11.269
pop_pm,port5,0.3,100,100,0.02,10,-0.0022239290645650975,0.003486319127210079,0.026863502159495012,3.80394773173273,2504,7496,10.794
pop_pm,port5,0.3,100,100,0.02,9,-0.002235480695964498,0.00350062,0.026767723352046083,3.2655880967835023,2730,7270,11.496
pop_pm,port5,0.3,100,100,0.02,11,-0.0022360485160508757,0.00350107,0.026751977120026353,3.229151434015065,2956,7044,12.687
pop_pm,port5,0.3,100,100,0.02,12,-0.0022360485160508757,0.00350107,0.026751977120026353,3.229151434015065,2746,7254,12.466
pop_pm,port5,0.3,100,100,0.02,13,-0.0021975324617336638,0.003446871648681179,0.02678791346504126,4.781009105368828,2930,7070,12.372
pop_pm,port5,0.3,100,100,0.02,16,-0.0022360485160508757,0.00350107,0.026751977120026353,3.229151434015065,2452,7548,10.601
pop_pm,port5,0.3,100,100,0.02,14,-0.002235480695964498,0.00350062,0.026767723352046083,3.2655880967835023,2865,7135,12.468
pop_pm,port5,0.3,100,100,0.02,15,-0.0022360485160508757,0.00350107,0.026751977120026353,3.229151434015065,2842,7158,12.429
pop_pm,port5,0.3,100,100,0.02,17,-0.0022360485160508757,0.00350107,0.026751977120026353,3.229151434015065,2769,7231,11.834
pop_pm,port5,0.3,100,100,0.02,22,-0.0022316922803270723,0.00349293,0.026668253265692003,3.3248810203608423,2458,7542,10.381
pop_pm,port5,0.3,100,100,0.02,18,-0.0022360485160508757,0.00350107,0.026751977120026353,3.229151434015065,2544,7456,11.668
pop_pm,port5,0.3,100,100,0.02,21,-0.0022360485160508757,0.00350107,0.026751977120026353,3.229151434015065,2607,7393,11.193
pop_pm,port5,0.3,100,100,0.02,19,-0.0022360485160508757,0.00350107,0.026751977120026353,3.229151434015065,2960,7040,13.017
pop_pm,port5,0.3,100,100,0.02,20,-0.002235480695964498,0.00350062,0.026767723352046083,3.2655880967835023,2968,7032,12.973
pop_pm,port5,0.3,100,100,0.02,23,-0.0022360485160508757,0.00350107,0.026751977120026353,3.229151434015065,2534,7466,11.511
pop_pm,port5,0.3,100,100,0.02,24,-0.0022327453921541112,0.0034980600000000003,0.026826392964509716,3.4247971318552457,2574,7426,11.535
pop_pm,port5,0.3,100,100,0.02,25,-0.0022360485160508757,0.00350107,0.026751977120026353,3.229151434015065,2975,7025,12.588
pop_pm,port5,0.3,100,100,0.02,26,-0.0022360485160508757,0.00350107,0.026751977120026353,3.229151434015065,2902,7098,11.871
pop_pm,port5,0.3,100,100,0.02,27,-0.002235480695964498,0.00350062,0.026767723352046083,3.2655880967835023,2754,7246,11.825
pop_pm,port5,0.3,100,100,0.02,28,-0.002235480695964498,0.00350062,0.026767723352046083,3.2655880967835023,2829,7171,12.252
pop_pm,port5,0.3,100,100,0.02,29,-0.0022360485160508757,0.00350107,0.026751977120026353,3.229151434015065,2708,7292,11.605
pop_pm,port5,0.3,100,100,0.02,30,-0.0022360485160508757,0.00350107,0.026751977120026353,3.229151434015065,2657,7343,11.951
pop_pm,port5,0.5,100,100,0.02,1,-0.0013927008600847935,0.0035010700000000002,0.026751977120026357,3.229151434015053,2769,7231,12.709
pop_pm,port5,0.5,100,100,0.02,3,-0.0013927008600847935,0.0035010700000000002,0.026751977120026357,3.229151434015053,2779,7221,12.824
pop_pm,port5,0.5,100,100,0.02,2,-0.0013927008600847935,0.0035010700000000002,0.026751977120026357,3.229151434015053,3012,6988,14.297
pop_pm,port5,0.5,100,100,0.02,4,-0.0013927008600847935,0.0035010700000000002,0.026751977120026357,3.229151434015053,2889,7111,13.64
pop_pm,port5,0.5,100,100,0.02,5,-0.0013927008600847935,0.0035010700000000002,0.026751977120026357,3.229151434015053,2737,7263,13.044
pop_pm,port5,0.5,100,100,0.02,9,-0.0013921048418895814,0.0034982499999999996,0.026721532819448005,3.260416918577869,2289,7711,10.694
pop_pm,port5,0.5,100,100,0.02,6,-0.0013927008600847935,0.0035010700000000002,0.026751977120026357,3.229151434015053,3100,6900,14.876
pop_pm,port5,0.5,100,100,0.02,8,-0.0013921048418895814,0.0034982499999999996,0.026721532819448005,3.260416918577869,2492,7508,11.519
pop_pm,port5,0.5,100,100,0.02,10,-0.0013921048418895814,0.0034982499999999996,0.026721532819448005,3.260416918577869,2495,7505,11.374
pop_pm,port5,0.5,100,100,0.02,7,-0.0013927008600847935,0.0035010700000000002,0.026751977120026357,3.229151434015053,2788,7212,12.926
pop_pm,port5,0.5,100,100,0.02,13,-0.0013927008600847935,0.0035010700000000002,0.026751977120026357,3.229151434015053,2620,7380,11.941
pop_pm,port5,0.5,100,100,0.02,12,-0.0013927008600847935,0.0035010700000000002,0.026751977120026357,3.229151434015053,2983,7017,13.934
pop_pm,port5,0.5,100,100,0.02,14,-0.0013921048418895814,0.0034982499999999996,0.026721532819448005,3.260416918577869,2397,7603,11.187
pop_pm,port5,0.5,100,100,0.02,11,-0.0013908671338784544,0.003492929999999999,0.026668253265691978,3.3248810203608317,3353,6647,15.342
pop_pm,port5,0.5,100,100,0.02,15,-0.0013927008600847935,0.0035010700000000002,0.026751977120026357,3.229151434015053,2788,7212,12.797
pop_pm,port5,0.5,100,100,0.02,16,-0.0013920544932741633,0.0035006199999999994,0.02676772335204608,3.2655880967835023,2554,7446,12.541
pop_pm,port5,0.5,100,100,0.02,20,-0.0013920544932741633,0.0035006199999999994,0.02676772335204608,3.2655880967835023,2446,7554,11.223
pop_pm,port5,0.5,100,100,0.02,18,-0.0013921048418895814,0.0034982499999999996,0.026721532819448005,3.260416918577869,2552,7448,12.048
pop_pm,port5,0.5,100,100,0.02,17,-0.0013927008600847935,0.0035010700000000002,0.026751977120026357,3.229151434015053,3126,6874,14.562
pop_pm,port5,0.5,100,100,0.02,21,-0.0013882884633187424,0.00349038,0.02671709328056694,3.471201697306583,2791,7209,13.023
pop_pm,port5,0.5,100,100,0.02,19,-0.0013921048418895814,0.0034982499999999996,0.026721532819448005,3.260416918577869,3225,6775,14.781
pop_pm,port5,0.5,100,100,0.02,22,-0.0013921048418895814,0.0034982499999999996,0.026721532819448005,3.260416918577869,2964,7036,13.346
pop_pm,port5,0.5,100,100,0.02,23,-0.00138431749034853,0.0034743499999999997,0.026565297274883642,3.6764329576866626,2746,7254,11.791
pop_pm,port5,0.5,100,100,0.02,26,-0.0013927008600847935,0.0035010700000000002,0.026751977120026357,3.229151434015053,2416,7584,11.188
pop_pm,port5,0.5,100,100,0.02,24,-0.0013927008600847935,0.0035010700000000002,0.026751977120026357,3.229151434015053,2464,7536,11.485
pop_pm,port5,0.5,100,100,0.02,25,-0.0013920544932741633,0.0035006199999999994,0.02676772335204608,3.2655880967835023,2665,7335,12.374
pop_pm,port5,0.5,100,100,0.02,28,-0.0013927008600847935,0.0035010700000000002,0.026751977120026357,3.229151434015053,2503,7497,11.966
pop_pm,port5,0.5,100,100,0.02,27,-0.0013927008600847935,0.0035010700000000002,0.026751977120026357,3.229151434015053,2798,7202,13.196
pop_pm,port5,0.5,100,100,0.02,30,-0.0013927008600847935,0.0035010700000000002,0.026751977120026357,3.229151434015053,2569,7431,12.177
pop_pm,port5,0.5,100,100,0.02,29,-0.0013902238669658107,0.00349248,0.026683932732421187,3.3617984107702217,2773,7227,12.84
pop_pm,port5,0.7,100,100,0.02,1,-0.0005660495133554657,0.00339175916663646,0.02539623809699473,3.632037383753779,2529,7471,12.902
pop_pm,port5,0.7,100,100,0.02,4,-0.0005660495133554657,0.00339175916663646,0.02539623809699473,3.632037383753779,2650,7350,13.66
pop_pm,port5,0.7,100,100,0.02,5,-0.0005657655573206308,0.0033982252465844147,0.025458706527986333,3.604122809610268,2773,7227,14.024
pop_pm,port5,0.7,100,100,0.02,2,-0.0005660495133554657,0.00339175916663646,0.02539623809699473,3.632037383753779,3361,6639,16.751
pop_pm,port5,0.7,100,100,0.02,7,-0.0005658300641984568,0.0033936357024105307,0.02541823435827973,3.634043546383403,2720,7280,13.796
pop_pm,port5,0.7,100,100,0.02,8,-0.0005658300641984568,0.0033936357024105307,0.02541823435827973,3.634043546383403,2587,7413,13.301
pop_pm,port5,0.7,100,100,0.02,3,-0.0005660495133554657,0.00339175916663646,0.02539623809699473,3.632037383753779,3289,6711,17.043
pop_pm,port5,0.7,100,100,0.02,6,-0.0005657655573206308,0.0033982252465844147,0.025458706527986333,3.604122809610268,2983,7017,15.142
pop_pm,port5,0.7,100,100,0.02,9,-0.0005660495133554657,0.00339175916663646,0.02539623809699473,3.632037383753779,2607,7393,13.316
pop_pm,port5,0.7,100,100,0.02,10,-0.0005660495133554657,0.00339175916663646,0.02539623809699473,3.632037383753779,2951,7049,14.956
pop_pm,port5,0.7,100,100,0.02,11,-0.0005657655573206308,0.0033982252465844147,0.025458706527986333,3.604122809610268,2444,7556,12.521
pop_pm,port5,0.7,100,100,0.02,13,-0.0005658300641984568,0.0033936357024105307,0.02541823435827973,3.634043546383403,2750,7250,13.885
pop_pm,port5,0.7,100,100,0.02,12,-0.0005660495133554657,0.00339175916663646,0.02539623809699473,3.632037383753779,2894,7106,14.933
pop_pm,port5,0.7,100,100,0.02,15,-0.0005649360898382465,0.003388123227739971,0.025396874905719766,3.7369493023989526,2603,7397,13.275
pop_pm,port5,0.7,100,100,0.02,18,-0.0005652268694620278,0.003397784280191478,0.025470106135720743,3.644575533589489,2697,7303,13.108
pop_pm,port5,0.7,100,100,0.02,16,-0.0005660495133554657,0.00339175916663646,0.02539623809699473,3.632037383753779,2671,7329,13.984
pop_pm,port5,0.7,100,100,0.02,19,-0.0005657655573206308,0.0033982252465844147,0.025458706527986333,3.604122809610268,2679,7321,13.907
pop_pm,port5,0.7,100,100,0.02,20,-0.0005660495133554657,0.00339175916663646,0.02539623809699473,3.632037383753779,2738,7262,14.058
pop_pm,port5,0.7,100,100,0.02,14,-0.0005660495133554657,0.00339175916663646,0.02539623809699473,3.632037383753779,3310,6690,17.459
pop_pm,port5,0.7,100,100,0.02,17,-0.0005660495133554657,0.00339175916663646,0.02539623809699473,3.632037383753779,3208,6792,15.83
pop_pm,port5,0.7,100,100,0.02,21,-0.0005660495133554657,0.00339175916663646,0.02539623809699473,3.632037383753779,2784,7216,14.158
pop_pm,port5,0.7,100,100,0.02,23,-0.0005660495133554657,0.00339175916663646,0.02539623809699473,3.632037383753779,2552,7448,12.962
pop_pm,port5,0.7,100,100,0.02,22,-0.0005660495133554657,0.00339175916663646,0.02539623809699473,3.632037383753779,3034,6966,14.842
pop_pm,port5,0.7,100,100,0.02,25,-0.0005660495133554657,0.00339175916663646,0.02539623809699473,3.632037383753779,2631,7369,13.422
pop_pm,port5,0.7,100,100,0.02,24,-0.0005658300641984568,0.0033936357024105307,0.02541823435827973,3.634043546383403,2779,7221,14.536
pop_pm,port5,0.7,100,100,0.02,28,-0.0005660495133554657,0.00339175916663646,0.02539623809699473,3.632037383753779,2341,7659,12.332
pop_pm,port5,0.7,100,100,0.02,27,-0.0005660495133554657,0.00339175916663646,0.02539623809699473,3.632037383753779,2714,7286,13.312
pop_pm,port5,0.7,100,100,0.02,26,-0.0005660495133554657,0.00339175916663646,0.02539623809699473,3.632037383753779,2976,7024,15.008
pop_pm,port5,0.9,100,100,0.02,2,0.00015600792962490445,0.002155670856778801,0.020318984426250367,1.0208961095237223,2358,7642,12.821
pop_pm,port5,0.7,100,100,0.02,30,-0.0005658300641984568,0.0033936357024105307,0.02541823435827973,3.634043546383403,2809,7191,14.164
pop_pm,port5,0.9,100,100,0.02,3,0.00015600792962490445,0.002155670856778801,0.020318984426250367,1.0208961095237223,2461,7539,13.249
pop_pm,port5,0.9,100,100,0.02,1,0.00015706333310954468,0.0021906705005465604,0.020443156506768295,1.1997816045485867,2992,7008,16.113
pop_pm,port5,0.9,100,100,0.02,5,0.00015600792962490445,0.002155670856778801,0.020318984426250367,1.0208961095237223,2464,7536,13.614
pop_pm,port5,0.9,100,100,0.02,4,0.00015688479978740472,0.0021703548400182197,0.020383007187067113,1.1562708247404487,2662,7338,14.671
pop_pm,port5,0.7,100,100,0.02,29,-0.0005658300641984568,0.0033936357024105307,0.02541823435827973,3.634043546383403,3749,6251,19.088
pop_pm,port5,0.9,100,100,0.02,6,0.00016189926802544848,0.0020898969500709515,0.020300217925281916,1.7357970074888627,2915,7085,16.521
pop_pm,port5,0.9,100,100,0.02,8,0.00015600792962490445,0.002155670856778801,0.020318984426250367,1.0208961095237223,2463,7537,13.652
pop_pm,port5,0.9,100,100,0.02,7,0.00015688479978740472,0.0021703548400182197,0.020383007187067113,1.1562708247404487,3114,6886,17.744
pop_pm,port5,0.9,100,100,0.02,9,0.00015600792962490445,0.002155670856778801,0.020318984426250367,1.0208961095237223,2642,7358,14.057
pop_pm,port5,0.9,100,100,0.02,10,0.00015688479978740472,0.0021703548400182197,0.020383007187067113,1.1562708247404487,2778,7222,15.067
pop_pm,port5,0.9,100,100,0.02,11,0.00015600792962490445,0.002155670856778801,0.020318984426250367,1.0208961095237223,2763,7237,14.981
pop_pm,port5,0.9,100,100,0.02,13,0.0001595991909669667,0.0021538638571562104,0.02041202196644004,1.5059569473713386,2609,7391,14.837
pop_pm,port5,0.9,100,100,0.02,16,0.00015688479978740472,0.0021703548400182197,0.020383007187067113,1.1562708247404487,2339,7661,12.514
pop_pm,port5,0.9,100,100,0.02,14,0.00015600792962490445,0.002155670856778801,0.020318984426250367,1.0208961095237223,3078,6922,16.781
pop_pm,port5,0.9,100,100,0.02,12,0.00015600792962490445,0.002155670856778801,0.020318984426250367,1.0208961095237223,3310,6690,19.135
pop_pm,port5,0.9,100,100,0.02,15,0.00015600792962490445,0.002155670856778801,0.020318984426250367,1.0208961095237223,3142,6858,17.429
pop_pm,port5,0.9,100,100,0.02,18,0.00015600792962490445,0.002155670856778801,0.020318984426250367,1.0208961095237223,2385,7615,13.192
pop_pm,port5,0.9,100,100,0.02,17,0.00015600792962490445,0.002155670856778801,0.020318984426250367,1.0208961095237223,3434,6566,19.732
pop_pm,port5,0.9,100,100,0.02,19,0.00015703682145404218,0.002196211625484234,0.02045748936487199,1.2008167606124243,2707,7293,14.793
pop_pm,port5,0.9,100,100,0.02,20,0.00015600792962490445,0.002155670856778801,0.020318984426250367,1.0208961095237223,3038,6962,16.654
pop_pm,port5,0.9,100,100,0.02,22,0.00015600792962490445,0.002155670856778801,0.020318984426250367,1.0208961095237223,2747,7253,15.355
pop_pm,port5,0.9,100,100,0.02,21,0.00016579190841443445,0.0021094847683535835,0.02045972697900256,2.294016610828461,2910,7090,17.706
gen_pm,port5,0.1,50,50,0.02,1,-0.0030725174267756906,0.0034929299999999996,0.026668253265691996,3.3248810203608428,1128,1372,4.232
pop_pm,port5,0.9,100,100,0.02,24,0.00015600792962490445,0.002155670856778801,0.020318984426250367,1.0208961095237223,2661,7339,14.749
pop_pm,port5,0.9,100,100,0.02,23,0.00015600792962490445,0.002155670856778801,0.020318984426250367,1.0208961095237223,3188,6812,17.398
gen_pm,port5,0.1,50,50,0.02,2,-0.0030634978837066145,0.0034878,0.027481287505025275,4.608425862185306,1258,1242,4.512
gen_pm,port5,0.1,50,50,0.02,3,-0.003067994584295764,0.003487659999999999,0.026626944192722518,3.40587985754256,1175,1325,4.363
gen_pm,port5,0.1,50,50,0.02,5,-0.002952858326091056,0.00335771,0.026283202603363295,6.449842981769883,956,1544,3.873
gen_pm,port5,0.1,50,50,0.02,6,-0.003034499563709337,0.0034591200000000004,0.028055023844342664,6.081298809126323,900,1600,3.521
gen_pm,port5,0.1,50,50,0.02,4,-0.003072986138516286,0.0034934300000000005,0.026664744792274826,3.305565348241229,1151,1349,4.578
pop_pm,port5,0.9,100,100,0.02,26,0.00015600792962490445,0.002155670856778801,0.020318984426250367,1.0208961095237223,2900,7100,15.45
pop_pm,port5,0.9,100,100,0.02,27,0.00015600792962490445,0.002155670856778801,0.020318984426250367,1.0208961095237223,2778,7222,15.435
pop_pm,port5,0.9,100,100,0.02,25,0.00015600792962490445,0.002155670856778801,0.020318984426250367,1.0208961095237223,3508,6492,18.928
gen_pm,port5,0.1,50,50,0.02,7,-0.003009821168512752,0.0034188899999999995,0.02591907241535622,4.0530225489055605,1150,1350,4.451
pop_pm,port5,0.9,100,100,0.02,28,0.00015600792962490445,0.002155670856778801,0.020318984426250367,1.0208961095237223,2703,7297,15.071
gen_pm,port5,0.1,50,50,0.02,8,-0.003030298351048534,0.00344561,0.02659899414479168,4.526616651185528,1262,1238,4.828
gen_pm,port5,0.1,50,50,0.02,9,-0.0030749548366553123,0.0034961500000000004,0.026754469410677526,3.3689555736817565,1060,1440,4.234
gen_pm,port5,0.1,50,50,0.02,10,-0.0030793961720169583,0.0035010700000000002,0.026751977120026353,3.229151434015053,1173,1327,4.544
pop_pm,port5,0.9,100,100,0.02,29,0.00015600792962490445,0.002155670856778801,0.020318984426250367,1.0208961095237223,3034,6966,16.339
gen_pm,port5,0.1,50,50,0.02,12,-0.0030793961720169583,0.0035010700000000002,0.026751977120026353,3.229151434015053,1231,1269,4.857
gen_pm,port5,0.1,50,50,0.02,11,-0.003078906898654833,0.00350062,0.026767723352046083,3.2655880967835023,1361,1139,5.348
gen_pm,port5,0.1,50,50,0.02,14,-0.0030640125737693225,0.00348825,0.027461323025425678,4.570626972197448,1296,1204,4.758
gen_pm,port5,0.1,50,50,0.02,13,-0.0030395155684998236,0.0034645,0.02802399534330843,5.899671391900735,1423,1077,5.646
gen_pm,port5,0.1,50,50,0.02,15,-0.0030395155684998236,0.0034645,0.02802399534330843,5.899671391900735,1257,1243,5.088
gen_pm,port5,0.1,50,50,0.02,17,-0.0030711106392880983,0.00349573,0.027394590836860848,4.279652520090685,1157,1343,4.564
pop_pm,port5,0.9,100,100,0.02,30,0.00015688479978740472,0.0021703548400182197,0.020383007187067113,1.1562708247404487,2933,7067,16.901
gen_pm,port5,0.1,50,50,0.02,18,-0.0030762884640513706,0.0034980600000000003,0.026826392964509716,3.4247971318552457,1318,1182,5.029
gen_pm,port5,0.1,50,50,0.02,16,-0.003077020968377917,0.0034982500000000005,0.026721532819448005,3.260416918577845,1362,1138,5.705
gen_pm,port5,0.1,50,50,0.02,21,-0.003062678930999929,0.00348588,0.02731539291316725,4.445651978437453,861,1639,3.341
gen_pm,port5,0.1,50,50,0.02,19,-0.003078906898654833,0.00350062,0.026767723352046083,3.2655880967835023,1230,1270,4.834
gen_pm,port5,0.1,50,50,0.02,23,-0.00307391498180868,0.0034952399999999993,0.026795712006087685,3.4566208480127494,1055,1445,4.163
gen_pm,port5,0.1,50,50,0.02,22,-0.0030694159446649698,0.0034899199999999997,0.026741738039070994,3.521699044503503,1190,1310,4.527
gen_pm,port5,0.1,50,50,0.02,24,-0.0030744040586787777,0.0034953,0.026714404601492072,3.3309810330486003,1007,1493,4.199
gen_pm,port5,0.1,50,50,0.02,20,-0.0030762884640513706,0.0034980600000000003,0.026826392964509716,3.4247971318552457,1647,853,6.338
gen_pm,port5,0.1,50,50,0.02,25,-0.0029637401795425842,0.00337188,0.026636782924635446,6.627497333435172,1279,1221,4.693
gen_pm,port5,0.1,50,50,0.02,27,-0.00307251918526872,0.00349325,0.026721866463868094,3.399200631474204,1128,1372,4.462
gen_pm,port5,0.1,50,50,0.02,26,-0.0030762884640513706,0.0034980600000000003,0.026826392964509716,3.4247971318552457,1223,1277,4.943
gen_pm,port5,0.1,50,50,0.02,28,-0.003065021079949783,0.0034847299999999997,0.026690058083529408,3.585775754660205,1155,1345,4.64
gen_pm,port5,0.1,50,50,0.02,29,-0.0030762884640513706,0.0034980600000000003,0.026826392964509716,3.4247971318552457,1347,1153,5.146
gen_pm,port5,0.3,50,50,0.02,1,-0.002232612176036334,0.0034953000000000002,0.026714404601492076,3.3309810330486,1246,1254,4.836
gen_pm,port5,0.3,50,50,0.02,3,-0.0022164667176795064,0.00346893,0.02656967458842839,3.8336982232844807,1089,1411,4.192
gen_pm,port5,0.3,50,50,0.02,2,-0.0021975324617336638,0.003446871648681179,0.02678791346504126,4.781009105368828,1322,1178,5.232
gen_pm,port5,0.3,50,50,0.02,4,-0.002235480695964498,0.00350062,0.026767723352046083,3.2655880967835023,1155,1345,4.552
gen_pm,port5,0.1,50,50,0.02,30,-0.0030338944156663122,0.003452199999999999,0.027034345624350906,4.989250591837654,1584,916,6.169
gen_pm,port5,0.3,50,50,0.02,5,-0.0021452042897716493,0.003358584741482478,0.026191921735914742,6.265461091459965,1167,1333,4.856
gen_pm,port5,0.3,50,50,0.02,7,-0.0021880441048882683,0.003418245057104013,0.026123261351047585,4.473545402371823,1185,1315,4.746
gen_pm,port5,0.3,50,50,0.02,9,-0.002218810789947496,0.0034724300000000003,0.026576318408971043,3.7473040302150507,1033,1467,4.241
gen_pm,port5,0.3,50,50,0.02,6,-0.0022360485160508757,0.00350107,0.026751977120026353,3.229151434015065,1549,951,6.22
gen_pm,port5,0.3,50,50,0.02,8,-0.0022296903356295097,0.0034908300000000003,0.026701477135824644,3.434651181498895,1314,1186,5.205
gen_pm,port5,0.3,50,50,0.02,10,-0.0022001986508367547,0.003443928917588364,0.02649223732058759,4.40207402501635,1166,1334,4.979
gen_pm,port5,0.3,50,50,0.02,11,-0.0022360485160508757,0.00350107,0.026751977120026353,3.229151434015065,1247,1253,4.848
gen_pm,port5,0.3,50,50,0.02,13,-0.002131214393780626,0.00336027,0.027140044597075454,7.661153876212711,1123,1377,4.526
gen_pm,port5,0.3,50,50,0.02,12,-0.0022360485160508757,0.00350107,0.026751977120026353,3.229151434015065,1270,1230,5.261
gen_pm,port5,0.3,50,50,0.02,15,-0.0021950387240610944,0.0034350512142933437,0.026425816035602127,4.539095360175852,1173,1327,4.433
gen_pm,port5,0.3,50,50,0.02,14,-0.002149106227777329,0.0033827380320402,0.02700681362488674,6.863190672006971,1225,1275,4.92
gen_pm,port5,0.3,50,50,0.02,16,-0.0022205807951894184,0.003479689950963772,0.026783214300827935,3.8673254699283306,1175,1325,4.764
gen_pm,port5,0.3,50,50,0.02,17,-0.0022239290645650975,0.003486319127210079,0.026863502159495012,3.80394773173273,1201,1299,5.044
gen_pm,port5,0.3,50,50,0.02,19,-0.002235480695964498,0.00350062,0.026767723352046083,3.2655880967835023,1079,1421,4.753
gen_pm,port5,0.3,50,50,0.02,18,-0.0022327453921541112,0.0034980600000000003,0.026826392964509716,3.4247971318552457,1219,1281,4.817
gen_pm,port5,0.3,50,50,0.02,21,-0.0022230183063883307,0.0034843019558730326,0.026832384831442783,3.8135290873382917,1050,1450,4.183
gen_pm,port5,0.3,50,50,0.02,20,-0.002232612176036334,0.0034953000000000002,0.026714404601492076,3.3309810330486,1245,1255,4.924
gen_pm,port5,0.3,50,50,0.02,23,-0.0021467290167527945,0.0033612931065199908,0.02621552706642886,6.2318422607991675,996,1504,4.061
gen_pm,port5,0.3,50,50,0.02,22,-0.002235480695964498,0.00350062,0.026767723352046083,3.2655880967835023,1408,1092,5.954
gen_pm,port5,0.3,50,50,0.02,24,-0.0022360485160508757,0.00350107,0.026751977120026353,3.229151434015065,1320,1180,5.383
gen_pm,port5,0.3,50,50,0.02,27,-0.0022230183063883307,0.0034843019558730326,0.026832384831442783,3.8135290873382917,1201,1299,4.699
gen_pm,port5,0.3,50,50,0.02,28,-0.0022360485160508757,0.00350107,0.026751977120026353,3.229151434015065,1158,1342,4.901
gen_pm,port5,0.3,50,50,0.02,25,-0.002232564509965936,0.00349615,0.026754469410677523,3.3689555736817685,1379,1121,5.501
gen_pm,port5,0.3,50,50,0.02,26,-0.0021975324617336638,0.003446871648681179,0.02678791346504126,4.781009105368828,1446,1054,6.024
gen_pm,port5,0.5,50,50,0.02,2,-0.0013901741832765605,0.003496149999999999,0.026754469410677523,3.3689555736817924,1116,1384,5.032
gen_pm,port5,0.3,50,50,0.02,30,-0.0022360485160508757,0.00350107,0.026751977120026353,3.229151434015065,1287,1213,5.459
gen_pm,port5,0.3,50,50,0.02,29,-0.0021975324617336638,0.003446871648681179,0.02678791346504126,4.781009105368828,1576,924,6.87
gen_pm,port5,0.5,50,50,0.02,1,-0.0013927008600847935,0.0035010700000000002,0.026751977120026357,3.229151434015053,1400,1100,6.045
gen_pm,port5,0.5,50,50,0.02,3,-0.0013720332345756303,0.0034088200000000003,0.025782814641709294,4.048918286436402,1224,1276,5.274
gen_pm,port5,0.5,50,50,0.02,4,-0.0013851985408043271,0.0034791700000000006,0.02662278945548993,3.634465851250098,1329,1171,5.516
gen_pm,port5,0.5,50,50,0.02,5,-0.0013867682744686874,0.0034906900000000003,0.026779720892171854,3.5581442378366646,1105,1395,4.906
gen_pm,port5,0.5,50,50,0.02,9,-0.0013877407604482067,0.00349042,0.02673833351395682,3.5026735920156193,1097,1403,4.499
gen_pm,port5,0.5,50,50,0.02,6,-0.0013702818948594586,0.0034356399999999994,0.02636429802367366,4.419037065874018,1142,1358,5.113
gen_pm,port5,0.5,50,50,0.02,7,-0.0013326146249750457,0.0033731699999999996,0.026607155993264457,6.546393239405657,1382,1118,5.655
gen_pm,port5,0.5,50,50,0.02,12,-0.001321526537296914,0.0032993599999999994,0.025618487960966236,6.776292361685305,915,1585,3.907
gen_pm,port5,0.5,50,50,0.02,10,-0.0013908671338784544,0.003492929999999999,0.026668253265691978,3.3248810203608317,1262,1238,5.63
gen_pm,port5,0.5,50,50,0.02,8,-0.0013908202933938896,0.0034953,0.026714404601492072,3.3309810330486003,1361,1139,6.394
gen_pm,port5,0.5,50,50,0.02,11,-0.0013927008600847935,0.0035010700000000002,0.026751977120026357,3.229151434015053,1116,1384,4.939
gen_pm,port5,0.5,50,50,0.02,13,-0.0013295832200495362,0.00344645,0.02805857373247843,6.429331346920099,1064,1436,4.416
gen_pm,port5,0.5,50,50,0.02,14,-0.0013883830436883875,0.00349087,0.026722722777127804,3.4663373964960784,1232,1268,5.439
gen_pm,port5,0.5,50,50,0.02,17,-0.0013697191183164657,0.0034328199999999996,0.026332143159398715,4.442366042566025,1000,1500,4.369
gen_pm,port5,0.5,50,50,0.02,15,-0.001385428146946952,0.003483789999999999,0.026700818453861963,3.6283807426124297,1286,1214,5.687
gen_pm,port5,0.5,50,50,0.02,16,-0.0013908671338784544,0.003492929999999999,0.026668253265691978,3.3248810203608317,1231,1269,5.307
gen_pm,port5,0.5,50,50,0.02,18,-0.0013851985408043271,0.0034791700000000006,0.02662278945548993,3.634465851250098,1066,1434,4.701
gen_pm,port5,0.5,50,50,0.02,20,-0.001369855217463142,0.0033986800000000003,0.02567040251094081,4.087638750401338,939,1561,4.055
gen_pm,port5,0.5,50,50,0.02,19,-0.0013920544932741633,0.0035006199999999994,0.02676772335204608,3.2655880967835023,1281,1219,5.328
gen_pm,port5,0.5,50,50,0.02,21,-0.0013927008600847935,0.0035010700000000002,0.026751977120026357,3.229151434015053,1100,1400,4.857
gen_pm,port5,0.5,50,50,0.02,23,-0.001335305441745041,0.0033844900000000004,0.026718516360567605,6.401789823069847,1222,1278,5.283
gen_pm,port5,0.5,50,50,0.02,25,-0.0013912106925814262,0.00349343,0.02666474479227483,3.3055653482412524,1036,1464,4.555
gen_pm,port5,0.5,50,50,0.02,22,-0.0013927008600847935,0.0035010700000000002,0.026751977120026357,3.229151434015053,1269,1231,5.628
gen_pm,port5,0.5,50,50,0.02,24,-0.0013921048418895814,0.0034982499999999996,0.026721532819448005,3.260416918577869,1284,1216,5.591
gen_pm,port5,0.5,50,50,0.02,28,-0.001381872684786197,0.00346576,0.026495558692498,3.801547660699586,1002,1498,4.336
gen_pm,port5,0.5,50,50,0.02,27,-0.0013912106925814262,0.00349343,0.02666474479227483,3.3055653482412524,1080,1420,4.86
gen_pm,port5,0.5,50,50,0.02,29,-0.001335305441745041,0.0033844900000000004,0.026718516360567605,6.401789823069847,1262,1238,5.123
gen_pm,port5,0.7,50,50,0.02,1,-0.0005648470516455898,0.003391852599786295,0.025430822926134876,3.7161096469182286,1083,1417,5.139
gen_pm,port5,0.5,50,50,0.02,26,-0.0013921048418895814,0.0034982499999999996,0.026721532819448005,3.260416918577869,1539,961,6.765
gen_pm,port5,0.7,50,50,0.02,2,-0.0005660495133554657,0.00339175916663646,0.02539623809699473,3.632037383753779,1091,1409,5.163
gen_pm,port5,0.5,50,50,0.02,30,-0.0013921048418895814,0.0034982499999999996,0.026721532819448005,3.260416918577869,1360,1140,5.893
gen_pm,port5,0.7,50,50,0.02,3,-0.0005660495133554657,0.00339175916663646,0.02539623809699473,3.632037383753779,1143,1357,5.855
gen_pm,port5,0.7,50,50,0.02,4,-0.0005557609236616723,0.00341360368243951,0.02586559162478714,4.090294885678183,1149,1351,5.617
gen_pm,port5,0.7,50,50,0.02,5,-0.0005656603963216619,0.003385819903531825,0.025357038322380905,3.7008874742159823,1253,1247,5.78
gen_pm,port5,0.7,50,50,0.02,9,-0.0005657454530780918,0.003382109766829243,0.025323266460783256,3.7188387403728824,1027,1473,4.937
gen_pm,port5,0.7,50,50,0.02,6,-0.0005658300641984568,0.0033936357024105307,0.02541823435827973,3.634043546383403,1300,1200,6.389
gen_pm,port5,0.7,50,50,0.02,8,-0.0005652444167821157,0.0033923993966957326,0.025424268558845338,3.6842257423363973,1263,1237,6.108
gen_pm,port5,0.7,50,50,0.02,10,-0.0005645799813896435,0.0033875758758537084,0.025402271590393228,3.766108366397661,1122,1378,5.271
gen_pm,port5,0.7,50,50,0.02,7,-0.0005660495133554657,0.00339175916663646,0.02539623809699473,3.632037383753779,1447,1053,6.991
gen_pm,port5,0.7,50,50,0.02,12,-0.0005461996238973171,0.00323606,0.0246292038065929,4.259158923498458,1212,1288,5.595
gen_pm,port5,0.7,50,50,0.02,11,-0.0005660495133554657,0.00339175916663646,0.02539623809699473,3.632037383753779,1389,1111,6.549
gen_pm,port5,0.7,50,50,0.02,13,-0.0005660495133554657,0.00339175916663646,0.02539623809699473,3.632037383753779,1415,1085,7.019
gen_pm,port5,0.7,50,50,0.02,14,-0.0005656603963216619,0.003385819903531825,0.025357038322380905,3.7008874742159823,1548,952,7.155
gen_pm,port5,0.7,50,50,0.02,15,-0.0005496481506418818,0.003374768011527947,0.025712205351225228,4.854764621937431,1117,1383,5.552
gen_pm,port5,0.7,50,50,0.02,18,-0.0005656603963216619,0.003385819903531825,0.025357038322380905,3.7008874742159823,1062,1438,5.123
gen_pm,port5,0.7,50,50,0.02,17,-0.000556940229685179,0.00343577999914869,0.026016307250300543,3.776650391640997,1351,1149,6.44
gen_pm,port5,0.7,50,50,0.02,21,-0.0005660495133554657,0.00339175916663646,0.02539623809699473,3.632037383753779,996,1504,4.726
gen_pm,port5,0.7,50,50,0.02,16,-0.0005610161984364612,0.0033617909649068943,0.02528469585216682,4.195878418310652,1463,1037,7.199
gen_pm,port5,0.7,50,50,0.02,19,-0.0005658300641984568,0.0033936357024105307,0.02541823435827973,3.634043546383403,1238,1262,6.277
gen_pm,port5,0.7,50,50,0.02,22,-0.0005611630860022686,0.0033722221753392954,0.025368810057107533,4.117762474774403,1254,1246,5.837
gen_pm,port5,0.7,50,50,0.02,20,-0.0005609178738836796,0.003350040991946868,0.025187707424183293,4.26652858090714,1619,881,7.519
gen_pm,port5,0.7,50,50,0.02,23,-0.000561283110383338,0.0033561269279584233,0.025229092277544215,4.207377535580687,1416,1084,6.297
gen_pm,port5,0.7,50,50,0.02,27,-0.0005645799813896435,0.0033875758758537084,0.025402271590393228,3.766108366397661,1015,1485,4.994
gen_pm,port5,0.7,50,50,0.02,24,-0.0005648470516455898,0.003391852599786295,0.025430822926134876,3.7161096469182286,1445,1055,6.567
gen_pm,port5,0.7,50,50,0.02,26,-0.000559549754980491,0.0033682668340533906,0.025380822209903914,4.260667728636194,1216,1284,5.552
gen_pm,port5,0.7,50,50,0.02,25,-0.0005658300641984568,0.0033936357024105307,0.02541823435827973,3.634043546383403,1293,1207,6.28
gen_pm,port5,0.7,50,50,0.02,28,-0.0005555589947901296,0.0034074079575196407,0.025819798396517435,4.167823595018355,1371,1129,6.411
gen_pm,port5,0.7,50,50,0.02,30,-0.0005660495133554657,0.00339175916663646,0.02539623809699473,3.632037383753779,1315,1185,6.223
gen_pm,port5,0.7,50,50,0.02,29,-0.0005660495133554657,0.00339175916663646,0.02539623809699473,3.632037383753779,1454,1046,6.905
gen_pm,port5,0.9,50,50,0.02,2,0.00016249853569285768,0.002163434989659079,0.020516714992056966,1.9066783754606296,1296,1204,7.085
gen_pm,port5,0.9,50,50,0.02,1,0.00016249853569285768,0.002163434989659079,0.020516714992056966,1.9066783754606296,1340,1160,7.448
gen_pm,port5,0.9,50,50,0.02,7,0.00015972724177182923,0.0021720040096339316,0.02046481106504589,1.541575458967268,983,1517,5.124
gen_pm,port5,0.9,50,50,0.02,3,0.00015703682145404218,0.002196211625484234,0.02045748936487199,1.2008167606124243,1396,1104,7.688
gen_pm,port5,0.9,50,50,0.02,4,0.0001622326018500256,0.0021368214294952698,0.020437295559277906,1.8436485673123868,1446,1054,7.703
gen_pm,port5,0.9,50,50,0.02,9,0.00016105300659921654,0.002330530260438805,0.020925954980016166,1.7419648240468408,1200,1300,6.753
gen_pm,port5,0.9,50,50,0.02,5,0.00016265060572141288,0.0021218112533915407,0.020407834308872847,1.8825709838377562,1586,914,8.343
gen_pm,port5,0.9,50,50,0.02,8,0.00015600792962490445,0.002155670856778801,0.020318984426250367,1.0208961095237223,1439,1061,7.742
gen_pm,port5,0.9,50,50,0.02,10,0.00015706333310954468,0.0021906705005465604,0.020443156506768295,1.1997816045485867,1154,1346,6.135
gen_pm,port5,0.9,50,50,0.02,6,0.00015882206087046655,0.0021634517160833465,0.020416965507440158,1.4110131329013795,1507,993,8.579
gen_pm,port5,0.9,50,50,0.02,12,0.0001639498427114494,0.0021949659607727705,0.020641017384182895,2.124583460371517,1176,1324,6.201
gen_pm,port5,0.9,50,50,0.02,11,0.0001573478937991773,0.002200987114386273,0.02047889442647952,1.2462649864161308,1400,1100,7.371
gen_pm,port5,0.9,50,50,0.02,13,0.00016189926802544848,0.0020898969500709515,0.020300217925281916,1.7357970074888627,1326,1174,7.22
gen_pm,port5,0.9,50,50,0.02,16,0.0001710653426263846,0.0020729521563106514,0.020503673336406215,2.9634847880156925,998,1502,5.984
gen_pm,port5,0.9,50,50,0.02,14,0.0001623010419924748,0.0021261408762486855,0.020410104513242763,1.8403901211264957,1351,1149,7.34
gen_pm,port5,0.9,50,50,0.02,15,0.0001573478937991773,0.002200987114386273,0.02047889442647952,1.2462649864161308,1547,953,8.089
gen_pm,port5,0.9,50,50,0.02,21,0.0001644248702693195,0.0021926632553067905,0.0206476039987425,2.1865015664745746,1022,1478,5.211
gen_pm,port5,0.9,50,50,0.02,19,0.0002007274056345816,0.0016594539509895236,0.020184504527911006,6.0351217263537285,1075,1425,5.989
gen_pm,port5,0.9,50,50,0.02,18,0.00017137099316239567,0.0018830622834383128,0.01999103192006708,2.5918222559157207,1136,1364,6.268
gen_pm,port5,0.9,50,50,0.02,20,0.0001573611421867829,0.002187977445425881,0.020443931094292753,1.2375252021614143,1058,1442,5.902
gen_pm,port5,0.9,50,50,0.02,17,0.0001623010419924748,0.0021261408762486855,0.020410104513242763,1.8403901211264957,1461,1039,7.683
gen_pm,port5,0.9,50,50,0.02,25,0.000166638587183075,0.0024130510168329836,0.02129015653787171,2.366265566216323,831,1669,4.468
gen_pm,port5,0.9,50,50,0.02,22,0.0001622326018500256,0.0021368214294952698,0.020437295559277906,1.8436485673123868,1462,1038,7.806
gen_pm,port5,0.9,50,50,0.02,23,0.00015688479978740472,0.0021703548400182197,0.020383007187067113,1.1562708247404487,1250,1250,7.031
gen_pm,port5,0.9,50,50,0.02,24,0.0001624779404668151,0.002187954118826336,0.020582445388389936,1.9237381358685748,1434,1066,7.24
gen_pm,port5,0.9,50,50,0.02,26,0.00015688479978740472,0.0021703548400182197,0.020383007187067113,1.1562708247404487,1271,1229,6.544
gen_pm,port5,0.9,50,50,0.02,27,0.00016026161634746176,0.0021565333790559233,0.02043730125293928,1.5983800974185083,1280,1220,6.821
gen_pm,port5,0.9,50,50,0.02,28,0.00015718146103704684,0.002174333022045876,0.0204019270125162,1.200452380295532,1168,1332,5.436
gen_pm,port5,0.9,50,50,0.02,30,0.00015706333310954468,0.0021906705005465604,0.020443156506768295,1.1997816045485867,1104,1396,5.253
gen_pm,port5,0.9,50,50,0.02,29,0.00016503166595235522,0.001916394634848688,0.019907316618023856,1.7869702295883543,1257,1243,5.927
